{
  "timestamp": "2025-12-03T03:14:12.408634",
  "pattern_weights": {
    "RSI_Oversold": 25.835984629995767,
    "RSI_Overbought": 18.69148244663875
  },
  "timeframe_weights": {
    "1d": 0.4,
    "4h": 0.3,
    "1h": 0.2,
    "15m": 0.1
  },
  "quantile_weights": {},
  "feature_importance": {
    "percentile_features": {
      "window": 90,
      "weight": 1.2
    },
    "second_order_features": {
      "rsi_momentum_weight": 1.1,
      "volume_acceleration_weight": 1.15
    },
    "cross_asset_features": {
      "spy_correlation_weight": 1.25,
      "vix_level_weight": 1.3
    },
    "interaction_terms": {
      "rsi_x_volume_weight": 1.1,
      "trend_x_volatility_weight": 1.15
    }
  },
  "confluence_parameters": {
    "min_timeframe_agreement": 2,
    "confidence_cap": 0.85,
    "rsi_boost": {
      "oversold_threshold": 30,
      "overbought_threshold": 70,
      "boost_multiplier": 1.15
    },
    "volume_boost": {
      "high_volume_threshold": 1.5,
      "boost_multiplier": 1.1
    },
    "regime_boost": {
      "strong_trend_threshold": 0.7,
      "boost_multiplier": 1.2
    }
  }
}