,rsi_oversold,low_volatility,momentum_positive,above_ema200,oversold_zscore,volume_spike,low_volume,after_2down,after_2up,near_52w_high,below_bb_lower,bb_squeeze
rsi_oversold,1.0,-0.09592384901582719,-0.2900423048779558,-0.29798947762022066,0.2647155994700316,0.02775504736654171,0.0017374951937103936,0.1507883261948638,-0.11301258000681495,,0.2647155994700316,-0.06680153693655891
low_volatility,-0.09592384901582719,1.0,0.20537379794737765,0.22810555525621953,-0.016259383351887258,0.03331222352271327,0.15868650831493636,-0.06411603271879192,0.060748980027347445,,-0.016259383351887258,0.49362426866133097
momentum_positive,-0.2900423048779558,0.20537379794737765,1.0,0.5271078500902208,-0.184954775578097,0.035436408162170564,0.04791981899471782,-0.12812931848622022,0.14378141171481243,,-0.184954775578097,0.09702707902699352
above_ema200,-0.29798947762022066,0.22810555525621953,0.5271078500902208,1.0,-0.16658870020116964,0.005464120667694995,0.00562861120723218,-0.17176280270813246,0.18880962861815903,,-0.16658870020116964,0.060748056658004014
oversold_zscore,0.2647155994700316,-0.016259383351887258,-0.184954775578097,-0.16658870020116964,1.0,0.09900481997109473,-0.04302075523630832,0.24308980973076322,-0.11216798953848625,,1.0,-0.011675357231979
volume_spike,0.02775504736654171,0.03331222352271327,0.035436408162170564,0.005464120667694995,0.09900481997109473,1.0,-0.13332123374749877,-0.002452703481104212,0.02619069726582434,,0.09900481997109473,0.026399511086382242
low_volume,0.0017374951937103936,0.15868650831493636,0.04791981899471782,0.00562861120723218,-0.04302075523630832,-0.13332123374749877,1.0,-0.023606439090423734,-0.035296619631315515,,-0.043020755236308314,0.10526914995723563
after_2down,0.1507883261948638,-0.06411603271879192,-0.12812931848622022,-0.17176280270813246,0.24308980973076322,-0.002452703481104212,-0.023606439090423734,1.0,-0.2924544689507157,,0.24308980973076322,-0.05098992581090938
after_2up,-0.11301258000681495,0.060748980027347445,0.14378141171481243,0.18880962861815903,-0.11216798953848625,0.02619069726582434,-0.035296619631315515,-0.2924544689507157,1.0,,-0.11216798953848625,0.013220427579349549
near_52w_high,,,,,,,,,,,,
below_bb_lower,0.2647155994700316,-0.016259383351887258,-0.184954775578097,-0.16658870020116964,1.0,0.09900481997109473,-0.043020755236308314,0.24308980973076322,-0.11216798953848625,,1.0,-0.011675357231979
bb_squeeze,-0.06680153693655891,0.49362426866133097,0.09702707902699352,0.060748056658004014,-0.011675357231979,0.026399511086382242,0.10526914995723563,-0.05098992581090938,0.013220427579349549,,-0.011675357231979,1.0
