category,strategy,avg_return,n,t_stat,significant
DIVERGENCE,WeakRally5_H1,-0.0002894831986866269,392821,-3.9286379597781065,True
DIVERGENCE,Capitulation5_H1,0.002405676202734536,331072,10.16403532571155,True
DIVERGENCE,WeakRally5_H3,0.0012254034286456271,391870,6.968949555168987,True
DIVERGENCE,Capitulation5_H3,0.006743731867722317,329134,12.674988583394182,True
DIVERGENCE,WeakRally5_H5,0.003368472899497845,390774,10.288374266643212,True
DIVERGENCE,Capitulation5_H5,0.19969889628314696,327633,1.0468595031963932,False
DIVERGENCE,WeakRally5_H10,0.007332254127958907,387411,18.200415700304806,True
DIVERGENCE,Capitulation5_H10,0.24756353992345648,324507,1.8553362392374098,False
DIVERGENCE,WeakRally10_H1,0.0002912647701293958,492894,3.08290299688043,True
DIVERGENCE,Capitulation10_H1,0.16199162870664208,391996,1.0160135716282752,False
DIVERGENCE,WeakRally10_H3,0.001457548644475411,491579,9.71128852880244,True
DIVERGENCE,Capitulation10_H3,0.07030844304690945,390044,1.0969361761550087,False
DIVERGENCE,WeakRally10_H5,0.002463285801942086,490542,12.60710618821998,True
DIVERGENCE,Capitulation10_H5,0.07354360065929443,387808,1.1408190664388718,False
DIVERGENCE,WeakRally10_H10,0.12270666648927354,480040,1.33016095645742,False
DIVERGENCE,Capitulation10_H10,0.07722850996325442,385761,1.2952343829811626,False
DIVERGENCE,WeakRally20_H1,-2.7309487580262798e-05,553900,-0.40702518303553425,False
DIVERGENCE,Capitulation20_H1,0.0027518805315106267,440857,7.209537146284822,True
DIVERGENCE,WeakRally20_H3,0.027843353745143542,551028,1.0228872367258455,False
DIVERGENCE,Capitulation20_H3,0.0069625170323775465,439449,13.549566094449903,True
DIVERGENCE,WeakRally20_H5,0.032186473447910584,548563,1.0594264394078445,False
DIVERGENCE,Capitulation20_H5,0.1524091611491627,438077,1.0682786994922515,False
DIVERGENCE,WeakRally20_H10,0.03276156406862592,542252,1.1586159890460632,False
DIVERGENCE,Capitulation20_H10,0.18992408526931026,434316,1.904987492828666,False
CANDLESTICK,Hammer_H1,-0.00031050509280759715,156858,-1.5550786881993541,False
CANDLESTICK,ShootingStar_H1,0.3726752417278933,168599,1.0053387597019927,False
CANDLESTICK,BigBull_H1,-0.0012106453156371965,327250,-6.032183529050795,True
CANDLESTICK,BigBear_H1,0.004709726349048032,376529,9.911499106061587,True
CANDLESTICK,Doji_H1,0.09145144127152989,688348,1.0072222854037376,False
CANDLESTICK,Hammer_H3,0.26908685438011354,156339,1.0096729849477901,False
CANDLESTICK,ShootingStar_H3,0.15405181811667604,167747,1.0337049190172203,False
CANDLESTICK,BigBull_H3,0.0015271045604684044,326208,3.458709951806424,True
CANDLESTICK,BigBear_H3,0.007854985125197816,374511,12.334323763797288,True
CANDLESTICK,Doji_H3,0.12090970469097723,685115,1.628976276304704,False
CANDLESTICK,Hammer_H5,0.11105936251404161,155881,1.0387670484798475,False
CANDLESTICK,ShootingStar_H5,0.15656391626972851,167247,1.0474271991035016,False
CANDLESTICK,BigBull_H5,0.0496574142630316,325576,1.0778184737926595,False
CANDLESTICK,BigBear_H5,0.17887058866187214,371355,1.0627992114282885,False
CANDLESTICK,Doji_H5,0.0882562967896745,681924,1.7516949438276068,False
MULTI_TF,AlignedBull_5_20_H1,0.00017371159020458755,1461294,4.008466551819565,True
MULTI_TF,Pullback_5_20_H1,0.00042395962428695873,713218,7.619890759134036,True
MULTI_TF,AlignedBull_5_20_H5,0.001160540930027799,1447246,11.797986155629154,True
MULTI_TF,Pullback_5_20_H5,0.0030403155957413595,704536,22.641536385506257,True
MULTI_TF,AlignedBull_5_20_H10,0.0029718717529106935,1427536,21.850363377517976,True
MULTI_TF,Pullback_5_20_H10,0.0064077169519075,698168,27.414343107556792,True
MULTI_TF,AlignedBull_5_50_H1,0.00020158668838662013,1278592,4.585662653536335,True
MULTI_TF,Pullback_5_50_H1,0.000513076505921818,809283,9.116356026620258,True
MULTI_TF,AlignedBull_5_50_H5,0.0009830583960323894,1267427,10.107024365422477,True
MULTI_TF,Pullback_5_50_H5,0.003450352888196412,802710,28.802005534673235,True
MULTI_TF,AlignedBull_5_50_H10,0.0026946578189707467,1249983,19.739653814492154,True
MULTI_TF,Pullback_5_50_H10,0.007030390856266849,796054,37.81335893193468,True
MULTI_TF,AlignedBull_5_100_H1,0.00014132303899978753,1087953,3.0424226623899933,True
MULTI_TF,Pullback_5_100_H1,0.00045625917264723693,789226,8.05595370884578,True
MULTI_TF,AlignedBull_5_100_H5,0.0005947418292046051,1076148,6.087761567342687,True
MULTI_TF,Pullback_5_100_H5,0.0025407838781228197,778660,23.327723060691262,True
MULTI_TF,AlignedBull_5_100_H10,0.0023213857565290595,1057135,16.090118349331,True
MULTI_TF,Pullback_5_100_H10,0.005494684720624698,768689,30.504753541361605,True
MULTI_TF,AlignedBull_10_20_H1,6.499922563141998e-05,1650404,1.6463375134508602,False
MULTI_TF,Pullback_10_20_H1,0.0008227047730438838,536274,11.938364199974899,True
MULTI_TF,AlignedBull_10_20_H5,0.0011809813193525054,1634114,13.416890252989171,True
MULTI_TF,Pullback_10_20_H5,0.0036959833268971317,529733,20.281104667176425,True
MULTI_TF,AlignedBull_10_20_H10,0.012440016848993353,1610826,1.335876131673368,False
MULTI_TF,Pullback_10_20_H10,0.007108524012850318,526735,25.397129410216476,True
MULTI_TF,AlignedBull_10_50_H1,2.9195386324298294e-05,1385272,0.6308010161603109,False
MULTI_TF,Pullback_10_50_H1,0.0008745413267009682,714168,18.57939897071985,True
MULTI_TF,AlignedBull_10_50_H5,0.0007947116464123838,1372839,8.933174361376903,True
MULTI_TF,Pullback_10_50_H5,0.004229912056820958,708732,29.6227946306926,True
MULTI_TF,AlignedBull_10_50_H10,0.002437042105180402,1352645,18.881269255406163,True
MULTI_TF,Pullback_10_50_H10,0.00816464130139167,704601,39.518371125590846,True
MULTI_TF,AlignedBull_10_100_H1,-2.2740898796689573e-05,1154374,-0.4420894620886214,False
MULTI_TF,Pullback_10_100_H1,0.000724731233508383,732926,16.506362811260537,True
MULTI_TF,AlignedBull_10_100_H5,0.0002613851295723581,1141370,2.78754635821405,False
MULTI_TF,Pullback_10_100_H5,0.003251202301167682,723415,28.37541696415985,True
MULTI_TF,AlignedBull_10_100_H10,0.0020073197551673306,1118955,14.18418505136585,True
MULTI_TF,Pullback_10_100_H10,0.006270174103991779,716555,33.96863649430755,True
REL_STRENGTH,RelStrong5_Top10_H1,0.14460501547022617,432493,1.0006658953638772,False
REL_STRENGTH,RelWeak5_Bot10_H1,0.0034029115780252975,432215,8.100915102439734,True
REL_STRENGTH,RelStrong5_Top10_H5,0.17428624052335911,427999,1.9897574617708216,False
REL_STRENGTH,RelWeak5_Bot10_H5,0.15534226451932612,427784,1.0632546716530311,False
REL_STRENGTH,RelStrong5_Top10_H10,0.21550151262791772,422966,2.280658306399794,False
REL_STRENGTH,RelWeak5_Bot10_H10,0.1937876956553276,424073,1.8978921922766132,False
REL_STRENGTH,RelStrong5_Top20_H1,0.07254507817763024,863413,1.0021970983106843,False
REL_STRENGTH,RelWeak5_Bot20_H1,0.0022189597211776323,865016,10.184372679926252,True
REL_STRENGTH,RelStrong5_Top20_H5,0.08835043961242753,852691,2.009524393691433,False
REL_STRENGTH,RelWeak5_Bot20_H5,0.07945815523698187,857897,1.090677024351599,False
REL_STRENGTH,RelStrong5_Top20_H10,0.1599520907600967,843907,2.337996484787615,False
REL_STRENGTH,RelWeak5_Bot20_H10,0.10105618640209552,849367,1.9822534405825902,False
REL_STRENGTH,RelStrong10_Top10_H1,0.00016320019269444944,427713,1.0139216400377076,False
REL_STRENGTH,RelWeak10_Bot10_H1,0.0033363156334276036,427676,7.8037190433347385,True
REL_STRENGTH,RelStrong10_Top10_H5,0.11630966101584377,423743,1.7641609460719416,False
REL_STRENGTH,RelWeak10_Bot10_H5,0.15747849588383458,424639,1.0699511518116915,False
REL_STRENGTH,RelStrong10_Top10_H10,0.319009752791974,417774,2.293556141280847,False
REL_STRENGTH,RelWeak10_Bot10_H10,0.13359662243193327,421689,1.5934265435506092,False
REL_STRENGTH,RelStrong10_Top20_H1,0.00020325687270745442,855238,2.3181210045688982,False
REL_STRENGTH,RelWeak10_Bot20_H1,0.0021490922628575842,855694,9.89637130513699,True
REL_STRENGTH,RelStrong10_Top20_H5,0.059299954461315925,847230,1.7983484124998452,False
REL_STRENGTH,RelWeak10_Bot20_H5,0.08108333552353733,849583,1.102196225573372,False
REL_STRENGTH,RelStrong10_Top20_H10,0.16237553923945922,837077,2.339097807680093,False
REL_STRENGTH,RelWeak10_Bot20_H10,0.09156603761046399,840081,1.9679944163020306,False
REL_STRENGTH,RelStrong20_Top10_H1,0.1498696689093609,418018,1.0023869565306196,False
REL_STRENGTH,RelWeak20_Bot10_H1,0.002287004481958778,418623,5.432974301197681,True
REL_STRENGTH,RelStrong20_Top10_H5,0.33282068768808665,413459,1.8881355440817282,False
REL_STRENGTH,RelWeak20_Bot10_H5,0.004982459335657197,416454,7.06372852516017,True
REL_STRENGTH,RelStrong20_Top10_H10,0.5498094435500719,408300,3.0455747012165086,True
REL_STRENGTH,RelWeak20_Bot10_H10,0.0036891639951101497,413728,4.1928524463154115,True
REL_STRENGTH,RelStrong20_Top20_H1,0.07529643397507547,836058,1.0072503141285816,False
REL_STRENGTH,RelWeak20_Bot20_H1,0.001867270791847901,837095,8.471713206335133,True
REL_STRENGTH,RelStrong20_Top20_H5,0.16843732084414287,827140,1.9116432383359097,False
REL_STRENGTH,RelWeak20_Bot20_H5,0.005334099383017654,831966,13.784319092332856,True
REL_STRENGTH,RelStrong20_Top20_H10,0.2790424404948591,817101,3.093293434081639,True
REL_STRENGTH,RelWeak20_Bot20_H10,0.006955219275945657,825498,14.330192303117068,True
