strategy,mean_return,n,t_stat,significant,hypothesis,law,regime
After_3pct_UP_H1,-0.0006490993091387597,376153,-3.6958952921048374,True,GRAVITY_DOWN,,
After_3pct_DN_H1,0.1568453389671568,408378,1.0248471349241564,False,GRAVITY_UP,,
After_3pct_UP_H2,0.0005526300829408777,375769,2.331247720192951,False,MOMENTUM_UP,,
After_3pct_DN_H2,0.060380422052900916,407022,1.0922618286613213,False,GRAVITY_UP,,
After_3pct_UP_H3,0.0017667946493699427,375175,6.03166288034478,True,MOMENTUM_UP,,
After_3pct_DN_H3,0.06819113642983322,406194,1.1079461871615472,False,GRAVITY_UP,,
After_3pct_UP_H5,0.042726464603866116,374393,1.066453882630312,False,MOMENTUM_UP,,
After_3pct_DN_H5,0.07158842477005128,403162,1.1544456477438998,False,GRAVITY_UP,,
After_3pct_UP_H10,0.09717365628914505,370141,1.5260105422378256,False,MOMENTUM_UP,,
After_3pct_DN_H10,0.19939386545643015,399677,1.889468694044103,False,GRAVITY_UP,,
After_3pct_UP_H20,0.13260641521029343,358812,1.9500626072870286,False,MOMENTUM_UP,,
After_3pct_DN_H20,0.21860595394239205,392701,2.2372458104235617,False,GRAVITY_UP,,
After_3pct_UP_H40,0.23781055830390183,344383,2.7699374817237494,False,MOMENTUM_UP,,
After_3pct_DN_H40,0.38394644383256116,371197,3.0493476011241887,True,GRAVITY_UP,,
After_5pct_UP_H1,-0.0011227304063877435,191318,-3.567843055569559,True,GRAVITY_DOWN,,
After_5pct_DN_H1,0.321169080012984,198231,1.018663016270379,False,GRAVITY_UP,,
After_5pct_UP_H2,0.000717829158159919,191119,1.6921492521529105,False,MOMENTUM_UP,,
After_5pct_DN_H2,0.12129447780974667,197530,1.0648502865113694,False,GRAVITY_UP,,
After_5pct_UP_H3,0.0022534457675759184,190808,4.317202173468279,True,MOMENTUM_UP,,
After_5pct_DN_H3,0.13622503055482185,197149,1.0742634393782289,False,GRAVITY_UP,,
After_5pct_UP_H5,0.0821679440163499,190430,1.0431781064979158,False,MOMENTUM_UP,,
After_5pct_DN_H5,0.14036835875929174,195367,1.0969220586650594,False,GRAVITY_UP,,
After_5pct_UP_H10,0.1857951028427444,188506,1.485955753457,False,MOMENTUM_UP,,
After_5pct_DN_H10,0.39820838117537194,193672,1.8285185940091204,False,GRAVITY_UP,,
After_5pct_UP_H20,0.24903140492362646,182837,1.8661419744308616,False,MOMENTUM_UP,,
After_5pct_DN_H20,0.4299318477911528,190042,2.1293435925985356,False,GRAVITY_UP,,
After_5pct_UP_H40,0.43483963552770594,175468,2.580727634412579,False,MOMENTUM_UP,,
After_5pct_DN_H40,0.7556619651619486,179064,2.8951997633719704,False,GRAVITY_UP,,
After_7pct_UP_H1,-0.0016651845392759636,113311,-3.457740696316493,True,GRAVITY_DOWN,,
After_7pct_DN_H1,0.5991023836413119,105904,1.0151698712726893,False,GRAVITY_UP,,
After_7pct_UP_H2,0.00036284258647498267,113195,0.5918491317444281,False,MOMENTUM_UP,,
After_7pct_DN_H2,0.2244477514903,105496,1.0523650886850604,False,GRAVITY_UP,,
After_7pct_UP_H3,0.0019712761991273007,113003,2.5084737579075127,False,MOMENTUM_UP,,
After_7pct_DN_H3,0.2500007679197558,105300,1.0530045544982847,False,GRAVITY_UP,,
After_7pct_UP_H5,0.13630789801733015,112772,1.0248170140986843,False,MOMENTUM_UP,,
After_7pct_DN_H5,0.25611329373213193,104262,1.068108704433264,False,GRAVITY_UP,,
After_7pct_UP_H10,0.3084831480583282,111661,1.4614469822773897,False,MOMENTUM_UP,,
After_7pct_DN_H10,0.7312109821458692,103320,1.791240231582186,False,GRAVITY_UP,,
After_7pct_UP_H20,0.4090998859959043,108509,1.8194027705154838,False,MOMENTUM_UP,,
After_7pct_DN_H20,0.783296727788143,101240,2.066732744320155,False,GRAVITY_UP,,
After_7pct_UP_H40,0.7047722786745029,104166,2.483168689526691,False,MOMENTUM_UP,,
After_7pct_DN_H40,1.3792580469700757,95235,2.810580450938653,False,GRAVITY_UP,,
After_10pct_UP_H1,-0.0027374060582894618,60398,-3.325206507918813,True,GRAVITY_DOWN,,
After_10pct_DN_H1,1.348140465567706,46882,1.0112690601711285,False,GRAVITY_UP,,
After_10pct_UP_H2,-0.0010636795721529362,60336,-1.040729503303653,False,GRAVITY_DOWN,,
After_10pct_DN_H2,0.5022764820992796,46718,1.0429022020520362,False,GRAVITY_UP,,
After_10pct_UP_H3,0.0008250685287978875,60218,0.62007221318182,False,MOMENTUM_UP,,
After_10pct_DN_H3,0.55791671344813,46625,1.0405190151787782,False,GRAVITY_UP,,
After_10pct_UP_H5,0.25118866025424685,60079,1.0061212910368855,False,MOMENTUM_UP,,
After_10pct_DN_H5,0.5666800092907781,46158,1.046275820830125,False,GRAVITY_UP,,
After_10pct_UP_H10,0.5659728076362556,59489,1.4285357682668574,False,MOMENTUM_UP,,
After_10pct_DN_H10,1.6284907051090942,45729,1.7656749646565206,False,GRAVITY_UP,,
After_10pct_UP_H20,0.7400101248253672,57969,1.7582699109825122,False,MOMENTUM_UP,,
After_10pct_DN_H20,1.7259333866021218,44785,2.0145596428829062,False,GRAVITY_UP,,
After_10pct_UP_H40,1.2774300762640687,55691,2.4064119527113768,False,MOMENTUM_UP,,
After_10pct_DN_H40,3.0532916744074625,42099,2.7505311129055703,False,GRAVITY_UP,,
After_15pct_UP_H1,-0.005072331467456172,27523,-3.1103284106486213,True,GRAVITY_DOWN,,
After_15pct_DN_H1,3.4905072630565632,18049,1.0080156838663688,False,GRAVITY_UP,,
After_15pct_UP_H2,-0.0060906346043104916,27498,-3.0813591121505284,True,GRAVITY_DOWN,,
After_15pct_DN_H2,1.2898533473213172,18000,1.0318844561975373,False,GRAVITY_UP,,
After_15pct_UP_H3,-0.005233057624135364,27447,-2.1921766549014,False,GRAVITY_DOWN,,
After_15pct_DN_H3,1.4319706560805165,17957,1.0285638073130992,False,GRAVITY_UP,,
After_15pct_UP_H5,0.5447162293613241,27369,0.9939389728418383,False,MOMENTUM_UP,,
After_15pct_DN_H5,1.4468503646341997,17778,1.0288920082857886,False,GRAVITY_UP,,
After_15pct_UP_H10,1.2276337498489358,27117,1.4124601267089472,False,MOMENTUM_UP,,
After_15pct_DN_H10,4.190831841161393,17587,1.7476015016598216,False,GRAVITY_UP,,
After_15pct_UP_H20,1.5851398328937154,26539,1.7243195214780762,False,MOMENTUM_UP,,
After_15pct_DN_H20,4.43341584904328,17251,1.9934326762954215,False,GRAVITY_UP,,
After_15pct_UP_H40,2.7358807256091384,25509,2.36082622882522,False,MOMENTUM_UP,,
After_15pct_DN_H40,7.836608540689872,16211,2.718750007095081,False,GRAVITY_UP,,
After_20pct_UP_H1,-0.00900216733129025,15313,-3.708895787251748,True,GRAVITY_DOWN,,
After_20pct_DN_H1,7.2243216431301756,8683,1.0036765733138937,False,GRAVITY_UP,,
After_20pct_UP_H2,-0.010304864212600275,15297,-3.318936388747489,True,GRAVITY_DOWN,,
After_20pct_DN_H2,2.6468285427163485,8664,1.0192335271377395,False,GRAVITY_UP,,
After_20pct_UP_H3,-0.01243692115473695,15269,-3.4550299538532188,True,GRAVITY_DOWN,,
After_20pct_DN_H3,2.9435205025215514,8642,1.0175418018905207,False,GRAVITY_UP,,
After_20pct_UP_H5,0.9749742232083135,15228,0.9898461804046336,False,MOMENTUM_UP,,
After_20pct_DN_H5,2.967640737881926,8565,1.0167408793144082,False,GRAVITY_UP,,
After_20pct_UP_H10,2.1955638255297085,15067,1.4036106848894467,False,MOMENTUM_UP,,
After_20pct_DN_H10,8.66738674542678,8464,1.7395767722050024,False,GRAVITY_UP,,
After_20pct_UP_H20,2.8332972470522266,14787,1.7173223943979148,False,MOMENTUM_UP,,
After_20pct_DN_H20,9.162156040431071,8302,1.9827712440365979,False,GRAVITY_UP,,
After_20pct_UP_H40,4.861747484096699,14261,2.345569463546572,False,MOMENTUM_UP,,
After_20pct_DN_H40,16.198000177807607,7820,2.711390541795354,False,GRAVITY_UP,,
After_25pct_UP_H1,-0.012987176369790148,9792,-3.6891264791673324,True,GRAVITY_DOWN,,
After_25pct_DN_H1,12.92176652624039,4851,1.0029520629187063,False,GRAVITY_UP,,
After_25pct_UP_H2,-0.017051862312248443,9781,-4.064574112280744,True,GRAVITY_DOWN,,
After_25pct_DN_H2,4.7166398235067435,4838,1.014212794352445,False,GRAVITY_UP,,
After_25pct_UP_H3,-0.016831348077989944,9762,-3.237160937505308,True,GRAVITY_DOWN,,
After_25pct_DN_H3,5.248221815504274,4820,1.011884952858995,False,GRAVITY_UP,,
After_25pct_UP_H5,1.5257236010649915,9730,0.9897415922703943,False,MOMENTUM_UP,,
After_25pct_DN_H5,5.286878428428331,4783,1.0115144873714894,False,GRAVITY_UP,,
After_25pct_UP_H10,3.438720589628613,9621,1.4037812288450342,False,MOMENTUM_UP,,
After_25pct_DN_H10,15.49303510929661,4726,1.7364052376753734,False,GRAVITY_UP,,
After_25pct_UP_H20,4.424166327471345,9462,1.7159750378565846,False,MOMENTUM_UP,,
After_25pct_DN_H20,12.735360010504598,4650,1.7138427568284078,False,GRAVITY_UP,,
After_25pct_UP_H40,7.582048242328409,9136,2.343623699208668,False,MOMENTUM_UP,,
After_25pct_DN_H40,26.10328001353781,4401,2.5399912838907777,False,GRAVITY_UP,,
After_30pct_UP_H1,-0.016511315664441934,6762,-3.368632070208052,True,GRAVITY_DOWN,,
After_30pct_DN_H1,21.611705133240452,2898,1.0021080136916494,False,GRAVITY_UP,,
After_30pct_UP_H2,-0.020593717382944913,6753,-3.555972666547118,True,GRAVITY_DOWN,,
After_30pct_DN_H2,7.870526838855848,2890,1.0109574238926342,False,GRAVITY_UP,,
After_30pct_UP_H3,-0.023136805972859803,6736,-3.34777401853205,True,GRAVITY_DOWN,,
After_30pct_DN_H3,8.763378367782078,2878,1.0088692599289175,False,GRAVITY_UP,,
After_30pct_UP_H5,2.2150872783701745,6709,0.9907913918842158,False,MOMENTUM_UP,,
After_30pct_DN_H5,8.84552994451405,2853,1.0094823184777868,False,GRAVITY_UP,,
After_30pct_UP_H10,4.988423625862759,6634,1.4042080032816624,False,MOMENTUM_UP,,
After_30pct_DN_H10,26.00835604894498,2813,1.7352667788817318,False,GRAVITY_UP,,
After_30pct_UP_H20,6.403972973046001,6536,1.7158481579080391,False,MOMENTUM_UP,,
After_30pct_DN_H20,21.33524454049738,2770,1.710587771888762,False,GRAVITY_UP,,
After_30pct_UP_H40,10.969942542517332,6318,2.3451883873724912,False,MOMENTUM_UP,,
After_30pct_DN_H40,44.01084483471858,2609,2.539827938691683,False,GRAVITY_UP,,
Uptrend5_10pct_H1,-0.00015202221738024055,234347,-0.5955023151626662,False,REVERSAL,INERTIA,
Downtrend5_10pct_H1,0.005237067170841225,243884,7.206514723031781,True,REVERSAL,INERTIA,
Uptrend5_10pct_H5,0.07423395045482609,232962,1.0376498272578358,False,INERTIA,INERTIA,
Downtrend5_10pct_H5,0.2735439587052134,240482,1.05252737596416,False,REVERSAL,INERTIA,
Uptrend5_10pct_H10,0.07916960881676575,229871,1.091908160128248,False,INERTIA,INERTIA,
Downtrend5_10pct_H10,0.3395508621866444,238876,1.8732057755123188,False,REVERSAL,INERTIA,
Uptrend5_10pct_H20,0.38348354873262275,222580,2.4713749972690686,False,INERTIA,INERTIA,
Downtrend5_10pct_H20,0.8269648051539875,234284,2.406245651361124,False,REVERSAL,INERTIA,
Uptrend5_10pct_H40,0.46268988649637743,215021,2.9889481513891805,False,INERTIA,INERTIA,
Downtrend5_10pct_H40,0.9014982902974731,217918,3.552754761320809,True,REVERSAL,INERTIA,
Uptrend5_20pct_H1,-0.0018348570511224208,79324,-3.0781153836126056,True,REVERSAL,INERTIA,
Downtrend5_20pct_H1,0.012556731506309477,60522,4.472798365874841,True,REVERSAL,INERTIA,
Uptrend5_20pct_H5,0.21051548525102443,78875,0.9963044984302565,False,INERTIA,INERTIA,
Downtrend5_20pct_H5,1.0736005637131274,59523,1.022473245717016,False,REVERSAL,INERTIA,
Uptrend5_20pct_H10,0.21328094371817957,77862,0.9964027134832703,False,INERTIA,INERTIA,
Downtrend5_20pct_H10,1.29988307973306,59088,1.7738755647569562,False,REVERSAL,INERTIA,
Uptrend5_20pct_H20,1.086754077205349,75872,2.3874374449556117,False,INERTIA,INERTIA,
Downtrend5_20pct_H20,3.243744220956966,57778,2.327747064198818,False,REVERSAL,INERTIA,
Uptrend5_20pct_H40,1.2789439182483853,73416,2.8210816808865253,False,INERTIA,INERTIA,
Downtrend5_20pct_H40,3.500649946747187,53485,3.386306095709982,True,REVERSAL,INERTIA,
Uptrend5_30pct_H1,-0.003518031139691133,38312,-3.212476002275739,True,REVERSAL,INERTIA,
Downtrend5_30pct_H1,0.024086863919624283,20453,2.978724243170391,False,REVERSAL,INERTIA,
Uptrend5_30pct_H5,0.4346435086887243,38071,0.9928830735300944,False,INERTIA,INERTIA,
Downtrend5_30pct_H5,3.1451940078465914,20118,1.0124114024453321,False,REVERSAL,INERTIA,
Uptrend5_30pct_H10,0.43489028938435514,37617,0.981577287288512,False,INERTIA,INERTIA,
Downtrend5_30pct_H10,3.795323467916875,19959,1.749535893022435,False,REVERSAL,INERTIA,
Uptrend5_30pct_H20,2.2181373547035363,36810,2.364229667375786,False,INERTIA,INERTIA,
Downtrend5_30pct_H20,7.940713820241264,19524,1.9994995441536714,False,REVERSAL,INERTIA,
Uptrend5_30pct_H40,2.5835247897673197,35691,2.77059529931379,False,INERTIA,INERTIA,
Downtrend5_30pct_H40,8.925702994207446,18204,3.068857685191936,True,REVERSAL,INERTIA,
Uptrend5_50pct_H1,-0.007213656460620585,14580,-2.9039201684724896,False,REVERSAL,INERTIA,
Downtrend5_50pct_H1,0.054293665829756456,4408,1.5105233630193995,False,REVERSAL,INERTIA,
Uptrend5_50pct_H5,1.1330475490360068,14479,0.984375215642039,False,INERTIA,INERTIA,
Downtrend5_50pct_H5,0.05445937880711202,4325,1.4886890829851047,False,REVERSAL,INERTIA,
Uptrend5_50pct_H10,1.1356066655166,14329,0.9763557704975268,False,INERTIA,INERTIA,
Downtrend5_50pct_H10,0.04366131237654858,4307,1.4403848721115984,False,REVERSAL,INERTIA,
Uptrend5_50pct_H20,5.7596435642292265,14105,2.352605211764719,False,INERTIA,INERTIA,
Downtrend5_50pct_H20,0.05062982878356397,4235,1.515757787709442,False,REVERSAL,INERTIA,
Uptrend5_50pct_H40,6.679330332396016,13711,2.7521449918342347,False,INERTIA,INERTIA,
Downtrend5_50pct_H40,0.03402404587359399,3982,0.9171397018890552,False,REVERSAL,INERTIA,
Uptrend10_10pct_H1,0.00010474309892890166,375065,0.6288752534191102,False,INERTIA,INERTIA,
Downtrend10_10pct_H1,0.1611054223188404,397898,1.0256684848850146,False,REVERSAL,INERTIA,
Uptrend10_10pct_H5,0.002586791958500147,372121,6.991492752440513,True,INERTIA,INERTIA,
Downtrend10_10pct_H5,0.23539803649892146,394593,1.379900407048292,False,REVERSAL,INERTIA,
Uptrend10_10pct_H10,0.16131561088227656,364517,1.3278565805427653,False,INERTIA,INERTIA,
Downtrend10_10pct_H10,0.25273027643534407,392621,2.187985048338281,False,REVERSAL,INERTIA,
Uptrend10_10pct_H20,0.2784942125839327,356339,2.691670068902565,False,INERTIA,INERTIA,
Downtrend10_10pct_H20,0.4543238347585095,382812,2.255619562718216,False,REVERSAL,INERTIA,
Uptrend10_10pct_H40,0.24766186993321718,344831,3.046240206135646,True,INERTIA,INERTIA,
Downtrend10_10pct_H40,0.6290497592195784,356387,3.282398194186998,True,REVERSAL,INERTIA,
Uptrend10_20pct_H1,-0.00040388910231035674,145319,-1.0890554386289144,False,REVERSAL,INERTIA,
Downtrend10_20pct_H1,0.48871153502854614,129980,1.0163760074949864,False,REVERSAL,INERTIA,
Uptrend10_20pct_H5,0.00024709534894838946,144352,0.314257120298756,False,INERTIA,INERTIA,
Downtrend10_20pct_H5,0.7004604233102921,128815,1.3404418163290106,False,REVERSAL,INERTIA,
Uptrend10_20pct_H10,0.4036144538784199,141606,1.2906464117431142,False,INERTIA,INERTIA,
Downtrend10_20pct_H10,0.7343937721985412,128105,2.0745270928069472,False,REVERSAL,INERTIA,
Uptrend10_20pct_H20,0.6865763606020792,138661,2.582233329050771,False,INERTIA,INERTIA,
Downtrend10_20pct_H20,1.3445980911557887,124240,2.1665857188202717,False,REVERSAL,INERTIA,
Uptrend10_20pct_H40,0.5751979612642288,134455,2.7587986650622227,False,INERTIA,INERTIA,
Downtrend10_20pct_H40,1.8675325488258963,113900,3.114530666724357,True,REVERSAL,INERTIA,
Uptrend10_30pct_H1,-0.0014912223828633096,74829,-2.3285882258962247,False,REVERSAL,INERTIA,
Downtrend10_30pct_H1,1.2835316715503498,49252,1.0114766445572634,False,REVERSAL,INERTIA,
Uptrend10_30pct_H5,-0.004077884820107401,74323,-3.0769651361073995,True,REVERSAL,INERTIA,
Downtrend10_30pct_H5,1.8261285892880665,48750,1.322532374411808,False,REVERSAL,INERTIA,
Uptrend10_30pct_H10,0.7729746766520241,73069,1.2754367301672587,False,INERTIA,INERTIA,
Downtrend10_30pct_H10,1.551771176909003,48471,1.7833770986975466,False,REVERSAL,INERTIA,
Uptrend10_30pct_H20,1.3060960656226301,71698,2.540062518327656,False,INERTIA,INERTIA,
Downtrend10_30pct_H20,3.1930703497434174,46921,1.980043591429764,False,REVERSAL,INERTIA,
Uptrend10_30pct_H40,1.0712801521129294,69560,2.658310518090543,False,INERTIA,INERTIA,
Downtrend10_30pct_H40,3.609777731368188,43087,2.938448654225166,False,REVERSAL,INERTIA,
Uptrend10_50pct_H1,-0.003660957578087537,30212,-2.639208144364447,False,REVERSAL,INERTIA,
Downtrend10_50pct_H1,0.017273834162776117,10711,3.072740008485989,True,REVERSAL,INERTIA,
Uptrend10_50pct_H5,-0.012401290558635363,30009,-4.6541395235058545,True,REVERSAL,INERTIA,
Downtrend10_50pct_H5,0.02539316009158445,10589,3.6695930280237805,True,REVERSAL,INERTIA,
Uptrend10_50pct_H10,1.894980943903869,29628,1.2678590743341691,False,INERTIA,INERTIA,
Downtrend10_50pct_H10,2.39771139505108,10526,1.0095686081886113,False,REVERSAL,INERTIA,
Uptrend10_50pct_H20,2.326092915963731,29181,2.0980556630186533,False,INERTIA,INERTIA,
Downtrend10_50pct_H20,2.243149180307331,10217,1.031163048953055,False,REVERSAL,INERTIA,
Uptrend10_50pct_H40,1.9442032090445698,28334,2.1901282989151065,False,INERTIA,INERTIA,
Downtrend10_50pct_H40,1.8015461694152115,9463,1.0102721946402922,False,REVERSAL,INERTIA,
Uptrend20_10pct_H1,0.0001860254473746895,546701,1.6950333782836309,False,INERTIA,INERTIA,
Downtrend20_10pct_H1,0.0034020049835884253,576444,10.638581757080386,True,REVERSAL,INERTIA,
Uptrend20_10pct_H5,0.06118752593335156,540380,1.4746655255291607,False,INERTIA,INERTIA,
Downtrend20_10pct_H5,0.1206921705228434,572422,1.1053929619788347,False,REVERSAL,INERTIA,
Uptrend20_10pct_H10,0.09415903352841119,534164,1.851645963035094,False,INERTIA,INERTIA,
Downtrend20_10pct_H10,0.15091998201904644,566999,1.976184541537444,False,REVERSAL,INERTIA,
Uptrend20_10pct_H20,0.1757017355869386,525207,2.763357066255596,False,INERTIA,INERTIA,
Downtrend20_10pct_H20,0.3479793278788016,547389,2.35911709897891,False,REVERSAL,INERTIA,
Uptrend20_10pct_H40,0.17742927037703263,508131,3.215798512910204,True,INERTIA,INERTIA,
Downtrend20_10pct_H40,0.5962946746113197,514030,4.346925371721694,True,REVERSAL,INERTIA,
Uptrend20_20pct_H1,-2.8129247419862924e-06,243921,-0.01291072507008244,False,REVERSAL,INERTIA,
Downtrend20_20pct_H1,0.005790479643683607,236723,7.703018019064686,True,REVERSAL,INERTIA,
Uptrend20_20pct_H5,0.13394762266088736,241497,1.4427170826341507,False,INERTIA,INERTIA,
Downtrend20_20pct_H5,0.284128122249244,234768,1.0672725362536901,False,REVERSAL,INERTIA,
Uptrend20_20pct_H10,0.20388761486810802,238894,1.7931726629057467,False,INERTIA,INERTIA,
Downtrend20_20pct_H10,0.35110721644787807,232257,1.8832649319140926,False,REVERSAL,INERTIA,
Uptrend20_20pct_H20,0.376863450007806,234886,2.650818164653433,False,INERTIA,INERTIA,
Downtrend20_20pct_H20,0.8329940483429481,221387,2.284009377502702,False,REVERSAL,INERTIA,
Uptrend20_20pct_H40,0.35849461567879676,227167,2.904932784313391,False,INERTIA,INERTIA,
Downtrend20_20pct_H40,1.4384476997253506,205419,4.19065134998133,True,REVERSAL,INERTIA,
Uptrend20_30pct_H1,-0.0002400649962885403,136444,-0.6892757511267272,False,REVERSAL,INERTIA,
Downtrend20_30pct_H1,0.008763468309254539,107631,5.456829170580925,True,REVERSAL,INERTIA,
Uptrend20_30pct_H5,0.23717042875944705,135260,1.4307581355815626,False,INERTIA,INERTIA,
Downtrend20_30pct_H5,0.6111843020698686,106669,1.0431180977751926,False,REVERSAL,INERTIA,
Uptrend20_30pct_H10,0.3581112804822176,133873,1.7649817354484671,False,INERTIA,INERTIA,
Downtrend20_30pct_H10,0.751256239382587,105454,1.8296122884357933,False,REVERSAL,INERTIA,
Uptrend20_30pct_H20,0.657192646784816,131731,2.5925448214232936,False,INERTIA,INERTIA,
Downtrend20_30pct_H20,1.8182544538865935,99840,2.248375963957491,False,REVERSAL,INERTIA,
Uptrend20_30pct_H40,0.6072020058071742,127371,2.758831833380481,False,INERTIA,INERTIA,
Downtrend20_30pct_H40,2.2437135655735063,92115,3.4528709940804774,True,REVERSAL,INERTIA,
Uptrend20_50pct_H1,-0.0006878873940176679,59917,-0.9903689302516456,False,REVERSAL,INERTIA,
Downtrend20_50pct_H1,0.017176893061948494,26517,2.7436516984864805,False,REVERSAL,INERTIA,
Uptrend20_50pct_H5,0.5323462452545498,59466,1.4118956066056523,False,INERTIA,INERTIA,
Downtrend20_50pct_H5,0.028565390683911406,26216,3.8484920301765952,True,REVERSAL,INERTIA,
Uptrend20_50pct_H10,0.7982065265414078,58895,1.7307286234728476,False,INERTIA,INERTIA,
Downtrend20_50pct_H10,0.04440044254156268,25912,4.706601981565658,True,REVERSAL,INERTIA,
Uptrend20_50pct_H20,1.0241280741609022,58110,2.100643165077844,False,INERTIA,INERTIA,
Downtrend20_50pct_H20,0.07691644136720015,24647,4.355990545347977,True,REVERSAL,INERTIA,
Uptrend20_50pct_H40,1.0023373904365984,56128,2.2365656205694218,False,INERTIA,INERTIA,
Downtrend20_50pct_H40,2.0718689844691927,22890,1.4580582931685264,False,REVERSAL,INERTIA,
Uptrend50_10pct_H1,0.00038826319395622355,803075,4.711526806156948,True,INERTIA,INERTIA,
Downtrend50_10pct_H1,0.08208247158333723,783056,1.0284145526766788,False,REVERSAL,INERTIA,
Uptrend50_10pct_H5,0.002696817210401058,797282,16.233720271972626,True,INERTIA,INERTIA,
Downtrend50_10pct_H5,0.1833900689813433,774273,1.948302139946832,False,REVERSAL,INERTIA,
Uptrend50_10pct_H10,0.006091345650775135,789618,25.50862454173137,True,INERTIA,INERTIA,
Downtrend50_10pct_H10,0.2065041890912455,764286,2.792427634343814,False,REVERSAL,INERTIA,
Uptrend50_10pct_H20,0.028321129193705854,776826,1.759690951427002,False,INERTIA,INERTIA,
Downtrend50_10pct_H20,0.40976489627606116,740889,3.371150946241059,True,REVERSAL,INERTIA,
Uptrend50_10pct_H40,0.04034117580749381,740523,3.4093652658584963,True,INERTIA,INERTIA,
Downtrend50_10pct_H40,0.6618050286914295,704275,5.243184085144111,True,REVERSAL,INERTIA,
Uptrend50_20pct_H1,0.00044697542908272634,420208,3.026597464278979,True,INERTIA,INERTIA,
Downtrend50_20pct_H1,0.1504456538955957,424683,1.0222794587923163,False,REVERSAL,INERTIA,
Uptrend50_20pct_H5,0.00283251033299937,417291,9.774105216609266,True,INERTIA,INERTIA,
Downtrend50_20pct_H5,0.33536030492633656,419018,1.9281096347521642,False,REVERSAL,INERTIA,
Uptrend50_20pct_H10,0.006836895459718398,413171,16.723861901074255,True,INERTIA,INERTIA,
Downtrend50_20pct_H10,0.37486278587424166,413069,2.739646736172542,False,REVERSAL,INERTIA,
Uptrend50_20pct_H20,0.044196070197762526,405773,1.4344880580743897,False,INERTIA,INERTIA,
Downtrend50_20pct_H20,0.7489467221081152,398954,3.3179301682007996,True,REVERSAL,INERTIA,
Uptrend50_20pct_H40,0.05379396056499762,384598,2.3618560613600996,False,INERTIA,INERTIA,
Downtrend50_20pct_H40,1.2021470326030448,380041,5.139479242515607,True,REVERSAL,INERTIA,
Uptrend50_30pct_H1,0.00026972542164491154,260814,1.392937876144804,False,INERTIA,INERTIA,
Downtrend50_30pct_H1,0.2632763518800799,241625,1.0178385445942468,False,REVERSAL,INERTIA,
Uptrend50_30pct_H5,0.0021987257765162076,259046,5.29990868925886,True,INERTIA,INERTIA,
Downtrend50_30pct_H5,0.3829746565879934,237827,1.353090630724919,False,REVERSAL,INERTIA,
Uptrend50_30pct_H10,0.00593232228864411,256420,9.96546777530318,True,INERTIA,INERTIA,
Downtrend50_30pct_H10,0.4450951691528393,234188,2.125972730750027,False,REVERSAL,INERTIA,
Uptrend50_30pct_H20,0.06193856389006945,251587,1.246515085252301,False,INERTIA,INERTIA,
Downtrend50_30pct_H20,0.8891257161751153,225608,2.4459438251265695,False,REVERSAL,INERTIA,
Uptrend50_30pct_H40,0.06684351347029913,237604,1.8133922175503072,False,INERTIA,INERTIA,
Downtrend50_30pct_H40,1.0687147332674518,215148,3.7374700235525076,True,REVERSAL,INERTIA,
Uptrend50_50pct_H1,-0.00028764339938541745,131798,-0.8451440958535965,False,REVERSAL,INERTIA,
Downtrend50_50pct_H1,0.7854441869817353,80365,1.0099680987187396,False,REVERSAL,INERTIA,
Uptrend50_50pct_H5,-0.0003143387864619747,130954,-0.4627531503098647,False,REVERSAL,INERTIA,
Downtrend50_50pct_H5,1.1333510392631694,78860,1.3277584808776053,False,REVERSAL,INERTIA,
Uptrend50_50pct_H10,0.0021630437870586057,129637,2.1028543956544823,False,INERTIA,INERTIA,
Downtrend50_50pct_H10,0.9824072654549292,77565,1.8066709988164869,False,REVERSAL,INERTIA,
Uptrend50_50pct_H20,0.006061253266194475,127136,3.6540004177091405,True,INERTIA,INERTIA,
Downtrend50_50pct_H20,1.1904910330459773,74579,2.081418960277772,False,REVERSAL,INERTIA,
Uptrend50_50pct_H40,0.024302001064817204,119684,7.659554392394482,True,INERTIA,INERTIA,
Downtrend50_50pct_H40,1.1738408472932285,70997,2.4030345149217984,False,REVERSAL,INERTIA,
Uptrend100_10pct_H1,0.00033826984213124135,949378,5.019620621988497,True,INERTIA,INERTIA,
Downtrend100_10pct_H1,0.07706585115397854,834400,1.0288717675274766,False,REVERSAL,INERTIA,
Uptrend100_10pct_H5,0.001884835346905451,940036,14.006099982101869,True,INERTIA,INERTIA,
Downtrend100_10pct_H5,0.17294526204366217,825341,1.9585219812797081,False,REVERSAL,INERTIA,
Uptrend100_10pct_H10,0.0046987639028894575,926321,24.906561091840512,True,INERTIA,INERTIA,
Downtrend100_10pct_H10,0.28507066058520847,814796,3.1511739872443663,True,REVERSAL,INERTIA,
Uptrend100_10pct_H20,0.02384322100135414,902185,1.7205753576115037,False,INERTIA,INERTIA,
Downtrend100_10pct_H20,0.45352089006167273,792496,3.808472908464712,True,REVERSAL,INERTIA,
Uptrend100_10pct_H40,0.030671613622065837,837715,2.932872174813045,False,INERTIA,INERTIA,
Downtrend100_10pct_H40,0.8158249460576009,756489,6.166527410296214,True,REVERSAL,INERTIA,
Uptrend100_20pct_H1,0.000450531401218918,550317,4.090703920667507,True,INERTIA,INERTIA,
Downtrend100_20pct_H1,0.12063852422366457,530651,1.0242831276015043,False,REVERSAL,INERTIA,
Uptrend100_20pct_H5,0.002671519833775495,544548,12.348137143861889,True,INERTIA,INERTIA,
Downtrend100_20pct_H5,0.26944723557652833,524392,1.9387270620428028,False,REVERSAL,INERTIA,
Uptrend100_20pct_H10,0.006112737489194853,536404,20.28445163861719,True,INERTIA,INERTIA,
Downtrend100_20pct_H10,0.4436219441243253,517350,3.1136515992665226,True,REVERSAL,INERTIA,
Uptrend100_20pct_H20,0.0356944836187848,521673,1.489490507912755,False,INERTIA,INERTIA,
Downtrend100_20pct_H20,0.7055836548418192,502526,3.7572133910897105,True,REVERSAL,INERTIA,
Uptrend100_20pct_H40,0.041929596715950285,483717,2.315566043669129,False,INERTIA,INERTIA,
Downtrend100_20pct_H40,1.2669586945246356,479367,6.068454348885233,True,REVERSAL,INERTIA,
Uptrend100_30pct_H1,0.0005007094533957256,365123,3.220657377804001,True,INERTIA,INERTIA,
Downtrend100_30pct_H1,0.1830819710382969,348240,1.0201153747855753,False,REVERSAL,INERTIA,
Uptrend100_30pct_H5,0.003163354698445937,361117,10.321867898604445,True,INERTIA,INERTIA,
Downtrend100_30pct_H5,0.311162705894039,343750,1.5509705738234498,False,REVERSAL,INERTIA,
Uptrend100_30pct_H10,0.007127182189899667,355424,16.826060064400963,True,INERTIA,INERTIA,
Downtrend100_30pct_H10,0.5287205359247095,338757,2.6286494109449965,False,REVERSAL,INERTIA,
Uptrend100_30pct_H20,0.049392344184320626,344962,1.3629592217640116,False,INERTIA,INERTIA,
Downtrend100_30pct_H20,0.8733077064371707,328493,3.2089634954826396,True,REVERSAL,INERTIA,
Uptrend100_30pct_H40,0.05402864142762352,318321,1.963714929079909,False,INERTIA,INERTIA,
Downtrend100_30pct_H40,1.7366916541038377,313166,5.617456275544215,True,REVERSAL,INERTIA,
Uptrend100_50pct_H1,0.0004961025804431781,200159,2.294229577848371,False,INERTIA,INERTIA,
Downtrend100_50pct_H1,0.4231186692836398,149631,1.0129988915432715,False,REVERSAL,INERTIA,
Uptrend100_50pct_H5,0.003366984213628694,197710,7.475210317859289,True,INERTIA,INERTIA,
Downtrend100_50pct_H5,0.7131303787267051,147396,1.5241570001917664,False,REVERSAL,INERTIA,
Uptrend100_50pct_H10,0.007861736184555702,194317,12.057026620369859,True,INERTIA,INERTIA,
Downtrend100_50pct_H10,0.8219058754602862,145011,2.3015801302333254,False,REVERSAL,INERTIA,
Uptrend100_50pct_H20,0.015083372838868488,188046,13.782550897025876,True,INERTIA,INERTIA,
Downtrend100_50pct_H20,1.7467482947248119,140209,2.835954238495507,False,REVERSAL,INERTIA,
Uptrend100_50pct_H40,0.03168051170707603,172052,14.407263597066807,True,INERTIA,INERTIA,
Downtrend100_50pct_H40,3.7376946655916563,133634,5.267006532557494,True,REVERSAL,INERTIA,
Uptrend200_10pct_H1,0.0004593370263078755,810635,8.090525995024748,True,INERTIA,INERTIA,
Downtrend200_10pct_H1,0.089047645480841,718408,1.0235724962111212,False,REVERSAL,INERTIA,
Uptrend200_10pct_H5,0.002350270527574639,795940,21.321355631071857,True,INERTIA,INERTIA,
Downtrend200_10pct_H5,0.1997207291837519,709621,1.9446252518373803,False,REVERSAL,INERTIA,
Uptrend200_10pct_H10,0.004849126483173368,779200,30.80584705400784,True,INERTIA,INERTIA,
Downtrend200_10pct_H10,0.33042813609558463,698029,3.129114474565957,True,REVERSAL,INERTIA,
Uptrend200_10pct_H20,0.009336708233794334,751254,40.2371614168002,True,INERTIA,INERTIA,
Downtrend200_10pct_H20,0.5690724492994972,671838,3.982005425021047,True,REVERSAL,INERTIA,
Uptrend200_10pct_H40,0.017024454935411215,690245,37.85401617279286,True,INERTIA,INERTIA,
Downtrend200_10pct_H40,1.0094550681922985,622524,6.23149548747639,True,REVERSAL,INERTIA,
Uptrend200_20pct_H1,0.0004853199943222833,514771,5.7926440897486176,True,INERTIA,INERTIA,
Downtrend200_20pct_H1,0.12209997871464809,522577,1.0209181106561125,False,REVERSAL,INERTIA,
Uptrend200_20pct_H5,0.002618166834862203,505348,16.53355454631158,True,INERTIA,INERTIA,
Downtrend200_20pct_H5,0.2732535045083254,516194,1.935376203093024,False,REVERSAL,INERTIA,
Uptrend200_20pct_H10,0.005573208671507767,494705,24.65294050166749,True,INERTIA,INERTIA,
Downtrend200_20pct_H10,0.45191027845066645,507699,3.1126524877097506,True,REVERSAL,INERTIA,
Uptrend200_20pct_H20,0.010764982174127802,476926,31.681614645945096,True,INERTIA,INERTIA,
Downtrend200_20pct_H20,0.778820506021949,488509,3.962612081877304,True,REVERSAL,INERTIA,
Uptrend200_20pct_H40,0.020951341553100987,436351,30.75154413690003,True,INERTIA,INERTIA,
Downtrend200_20pct_H40,1.3822255611984295,452170,6.19776358411776,True,REVERSAL,INERTIA,
Uptrend200_30pct_H1,0.0006119318923614569,355659,5.300193619529313,True,INERTIA,INERTIA,
Downtrend200_30pct_H1,0.16460419511256355,386778,1.0186565159435526,False,REVERSAL,INERTIA,
Uptrend200_30pct_H5,0.003292759314588651,349032,15.290295576371005,True,INERTIA,INERTIA,
Downtrend200_30pct_H5,0.3674694268334721,382000,1.926069654553522,False,REVERSAL,INERTIA,
Uptrend200_30pct_H10,0.006857308976612699,341568,22.326837480375552,True,INERTIA,INERTIA,
Downtrend200_30pct_H10,0.6074590433986883,375704,3.0962550825252833,True,REVERSAL,INERTIA,
Uptrend200_30pct_H20,0.01283591224569153,329112,27.55130915438453,True,INERTIA,INERTIA,
Downtrend200_30pct_H20,1.04794607664213,361272,3.943188042728059,True,REVERSAL,INERTIA,
Uptrend200_30pct_H40,0.02507994901152491,301233,26.550267243642896,True,INERTIA,INERTIA,
Downtrend200_30pct_H40,1.859919102817235,334351,6.166768896322753,True,REVERSAL,INERTIA,
Uptrend200_50pct_H1,0.0009085434955240366,209901,5.006471487387393,True,INERTIA,INERTIA,
Downtrend200_50pct_H1,0.30857394850934855,205540,1.0148007790917593,False,REVERSAL,INERTIA,
Uptrend200_50pct_H5,0.00404970735107872,205711,12.365365025803607,True,INERTIA,INERTIA,
Downtrend200_50pct_H5,0.687334602636555,202827,1.9128589092528825,False,REVERSAL,INERTIA,
Uptrend200_50pct_H10,0.008307332782940184,200943,17.697654569175462,True,INERTIA,INERTIA,
Downtrend200_50pct_H10,1.1362345882612543,199301,3.0722461057769634,True,REVERSAL,INERTIA,
Uptrend200_50pct_H20,0.014995768748757347,193095,20.975834331568823,True,INERTIA,INERTIA,
Downtrend200_50pct_H20,1.9596657902954773,191403,3.906726072273273,True,REVERSAL,INERTIA,
Uptrend200_50pct_H40,0.030707788771638926,176498,20.420535395010763,True,INERTIA,INERTIA,
Downtrend200_50pct_H40,3.46760163045046,177269,6.095991916836514,True,REVERSAL,INERTIA,
HighVol5_1.5x_H1,0.10900473878468234,580082,1.0117223983393138,False,VOLUME_NEUTRAL,MASS,
HighVolUp5_1.5x_H1,0.0005818661036939524,297772,3.3507143307437524,True,VOL_CONFIRMS_UP,MASS,
HighVolDn5_1.5x_H1,0.23571293497538096,267309,1.0081467457295925,False,VOL_REVERSAL,MASS,
HighVol5_1.5x_H3,0.11856839455919065,577846,1.4100483894898719,False,VOLUME_NEUTRAL,MASS,
HighVolUp5_1.5x_H3,0.0019295731571058541,297011,7.398843587317262,True,VOL_CONFIRMS_UP,MASS,
HighVolDn5_1.5x_H3,0.09838787620459317,265905,1.0465080905172157,False,VOL_REVERSAL,MASS,
HighVol5_1.5x_H5,0.185426737950547,575451,1.5387249808727503,False,VOLUME_NEUTRAL,MASS,
HighVolUp5_1.5x_H5,0.002422462537039815,296136,7.515176613632893,True,VOL_CONFIRMS_UP,MASS,
HighVolDn5_1.5x_H5,0.10093827986418076,264462,1.0678068068017175,False,VOL_REVERSAL,MASS,
HighVol5_1.5x_H10,0.22069643564859262,568861,2.481634425101658,False,VOLUME_NEUTRAL,MASS,
HighVolUp5_1.5x_H10,0.06178906500403719,292363,1.0839034128372593,False,VOL_CONFIRMS_UP,MASS,
HighVolDn5_1.5x_H10,0.19334000409666527,261832,1.4902432189734585,False,VOL_REVERSAL,MASS,
HighVol5_1.5x_H20,0.23099344970817093,556845,2.777470553130333,False,VOLUME_NEUTRAL,MASS,
HighVolUp5_1.5x_H20,0.10761687675575435,285429,1.5845874425647435,False,VOL_CONFIRMS_UP,MASS,
HighVolDn5_1.5x_H20,0.16111167732592346,257041,1.5646132551981622,False,VOL_REVERSAL,MASS,
HighVol5_2.0x_H1,0.241317591110813,261063,1.0080010513219662,False,VOLUME_NEUTRAL,MASS,
HighVolUp5_2.0x_H1,0.000821588926530968,137029,2.4310119059702813,False,VOL_CONFIRMS_UP,MASS,
HighVolDn5_2.0x_H1,0.5399603323296274,116412,1.0057416021535301,False,VOL_REVERSAL,MASS,
HighVol5_2.0x_H3,0.09965720270862057,260085,1.0368077639197217,False,VOLUME_NEUTRAL,MASS,
HighVolUp5_2.0x_H3,0.0020702115357164818,136688,4.161896660088048,True,VOL_CONFIRMS_UP,MASS,
HighVolDn5_2.0x_H3,0.22105410514916285,115813,1.0240750700281502,False,VOL_REVERSAL,MASS,
HighVol5_2.0x_H5,0.10162287822295628,259066,1.0531119097144608,False,VOLUME_NEUTRAL,MASS,
HighVolUp5_2.0x_H5,0.0028101020512316154,136276,4.561555821228151,True,VOL_CONFIRMS_UP,MASS,
HighVolDn5_2.0x_H5,0.22464872696246996,115242,1.035594891461097,False,VOL_REVERSAL,MASS,
HighVol5_2.0x_H10,0.26051960364580834,256119,1.7634412803748367,False,VOLUME_NEUTRAL,MASS,
HighVolUp5_2.0x_H10,0.12908026287897345,134605,1.042514222716058,False,VOL_CONFIRMS_UP,MASS,
HighVolDn5_2.0x_H10,0.4316582257086195,114064,1.4494525356157197,False,VOL_REVERSAL,MASS,
HighVol5_2.0x_H20,0.26994132101126733,250907,2.064517975323177,False,VOLUME_NEUTRAL,MASS,
HighVolUp5_2.0x_H20,0.21894372662224718,131606,1.4864652218000494,False,VOL_CONFIRMS_UP,MASS,
HighVolDn5_2.0x_H20,0.34593874729596075,112006,1.4639530162715444,False,VOL_REVERSAL,MASS,
HighVol5_3.0x_H1,0.003267887227066391,83762,5.873005898020694,True,VOLUME_PREDICTS,MASS,
HighVolUp5_3.0x_H1,0.0020558027975080577,45729,2.276764519948577,False,VOL_CONFIRMS_UP,MASS,
HighVolDn5_3.0x_H1,0.004584633670857242,35037,7.592448481439928,True,VOL_REVERSAL,MASS,
HighVol5_3.0x_H3,0.0028824594520314075,83409,4.045909141510897,True,VOLUME_PREDICTS,MASS,
HighVolUp5_3.0x_H3,0.0007038662893465928,45597,0.6604137031251699,False,VOL_CONFIRMS_UP,MASS,
HighVolDn5_3.0x_H3,0.005566564256883087,34837,5.728496129474233,True,VOL_REVERSAL,MASS,
HighVol5_3.0x_H5,0.004566683502315061,83067,5.102299207072591,True,VOLUME_PREDICTS,MASS,
HighVolUp5_3.0x_H5,0.001490156724915925,45444,1.1519416673940333,False,VOL_CONFIRMS_UP,MASS,
HighVolDn5_3.0x_H5,0.00814409669495656,34667,6.318394148534918,True,VOL_REVERSAL,MASS,
HighVol5_3.0x_H10,0.006371785810941661,82139,5.531176959239379,True,VOLUME_PREDICTS,MASS,
HighVolUp5_3.0x_H10,0.002197438400286781,44903,1.3217674056857278,False,VOL_CONFIRMS_UP,MASS,
HighVolDn5_3.0x_H10,0.011243128967141065,34307,6.795620304565978,True,VOL_REVERSAL,MASS,
HighVol5_3.0x_H20,0.1673844538351591,80482,1.0777312316099426,False,VOLUME_NEUTRAL,MASS,
HighVolUp5_3.0x_H20,0.2891233541523418,43934,1.01623135428087,False,VOL_CONFIRMS_UP,MASS,
HighVolDn5_3.0x_H20,0.02095141372921849,33680,7.601303819744215,True,VOL_REVERSAL,MASS,
HighVol5_5.0x_H1,0.001712388474067008,3556,1.5925919736594887,False,VOLUME_NEUTRAL,MASS,
HighVolUp5_5.0x_H1,-0.002194058151117002,1706,-1.893727037228187,False,VOL_REVERSAL,MASS,
HighVolDn5_5.0x_H1,0.005682035297210015,1464,2.7603239432193396,False,VOL_REVERSAL,MASS,
HighVol5_5.0x_H3,0.005268886865512521,3541,2.3483822131872714,False,VOLUME_NEUTRAL,MASS,
HighVolUp5_5.0x_H3,-0.0008058222247262891,1704,-0.3351666060788515,False,VOL_REVERSAL,MASS,
HighVolDn5_5.0x_H3,0.011433582191458997,1454,2.5709504262707217,False,VOL_REVERSAL,MASS,
HighVol5_5.0x_H5,0.009880956346836924,3520,3.0960938020388005,True,VOLUME_PREDICTS,MASS,
HighVolUp5_5.0x_H5,0.0007105065669676705,1696,0.22358729955593912,False,VOL_CONFIRMS_UP,MASS,
HighVolDn5_5.0x_H5,0.014806997436670799,1443,3.064473267628454,True,VOL_REVERSAL,MASS,
HighVol5_5.0x_H10,0.01334902092475649,3468,2.6362539411608945,False,VOLUME_NEUTRAL,MASS,
HighVolUp5_5.0x_H10,-0.00011603736980139491,1676,-0.029985813531559262,False,VOL_REVERSAL,MASS,
HighVolDn5_5.0x_H10,0.01812092210176294,1417,2.065904635251817,False,VOL_REVERSAL,MASS,
HighVol5_5.0x_H20,0.026489098221038447,3353,3.1236694736035044,True,VOLUME_PREDICTS,MASS,
HighVolUp5_5.0x_H20,0.0027442552765763865,1617,0.5016045495321477,False,VOL_CONFIRMS_UP,MASS,
HighVolDn5_5.0x_H20,0.046151695221906965,1374,2.535981188865269,False,VOL_REVERSAL,MASS,
LowVol5_Q25_H1,0.0004715128775644244,1077932,6.68327704204511,True,,MASS,
LowVol5_Q25_H5,0.01868021381297751,1069888,1.1991148104102392,False,,MASS,
LowVol5_Q25_H10,0.021107272924171375,1059827,1.458730256491769,False,,MASS,
LowVol5_Q25_H20,0.11162300664963161,1034653,2.9319235229730096,False,,MASS,
LowVol5_Q10_H1,0.0004370022760656493,431258,3.3586530240920407,True,,MASS,
LowVol5_Q10_H5,0.041755162964600266,427990,1.0722650260322941,False,,MASS,
LowVol5_Q10_H10,0.042384855916404916,423810,1.1714828644757416,False,,MASS,
LowVol5_Q10_H20,0.23136306724328973,413371,2.560332415627505,False,,MASS,
HighVol10_1.5x_H1,0.10496247738176841,602706,1.0121995851875643,False,VOLUME_NEUTRAL,MASS,
HighVolUp10_1.5x_H1,0.0004559870432058667,309328,2.629212156594663,False,VOL_CONFIRMS_UP,MASS,
HighVolDn10_1.5x_H1,0.22594588971796853,279182,1.0092960998697944,False,VOL_REVERSAL,MASS,
HighVol10_1.5x_H3,0.11427652978839191,599984,1.4110736996492392,False,VOLUME_NEUTRAL,MASS,
HighVolUp10_1.5x_H3,0.0017320774496388447,308329,6.806732624300673,True,VOL_CONFIRMS_UP,MASS,
HighVolDn10_1.5x_H3,0.0947318012681289,277542,1.0517165827909285,False,VOL_REVERSAL,MASS,
HighVol10_1.5x_H5,0.2038384482640843,597180,1.7157090369456212,False,VOLUME_NEUTRAL,MASS,
HighVolUp10_1.5x_H5,0.05104162098950388,307255,1.0455682812196312,False,VOL_CONFIRMS_UP,MASS,
HighVolDn10_1.5x_H5,0.09707921236084063,275894,1.0713761831543567,False,VOL_REVERSAL,MASS,
HighVol10_1.5x_H10,0.1738590829086088,589771,2.300184209188998,False,VOLUME_NEUTRAL,MASS,
HighVolUp10_1.5x_H10,0.11472660270945434,302960,1.47469554856017,False,VOL_CONFIRMS_UP,MASS,
HighVolDn10_1.5x_H10,0.09477535560322274,272979,1.1248857410056745,False,VOL_REVERSAL,MASS,
HighVol10_1.5x_H20,0.20296719936226718,577918,2.7277556218654,False,VOLUME_NEUTRAL,MASS,
HighVolUp10_1.5x_H20,0.15480804990141822,296079,1.8786400183182068,False,VOL_CONFIRMS_UP,MASS,
HighVolDn10_1.5x_H20,0.07282375953536864,268245,1.358917568330057,False,VOL_REVERSAL,MASS,
HighVol10_2.0x_H1,0.20648796912626882,305241,1.0084729612423966,False,VOLUME_NEUTRAL,MASS,
HighVolUp10_2.0x_H1,0.0007505057477222099,159870,2.471210658722617,False,VOL_CONFIRMS_UP,MASS,
HighVolDn10_2.0x_H1,0.45669408034944636,137675,1.0060214609113256,False,VOL_REVERSAL,MASS,
HighVol10_2.0x_H3,0.22323236872263574,303978,1.3965386643716522,False,VOLUME_NEUTRAL,MASS,
HighVolUp10_2.0x_H3,0.0020841262014225873,159398,4.671196832910244,True,VOL_CONFIRMS_UP,MASS,
HighVolDn10_2.0x_H3,0.188575283633899,136924,1.0328552522514245,False,VOL_REVERSAL,MASS,
HighVol10_2.0x_H5,0.34922748289123656,302697,1.5243950362630374,False,VOLUME_NEUTRAL,MASS,
HighVolUp10_2.0x_H5,0.0024438233220360856,158893,4.588938128238462,True,VOL_CONFIRMS_UP,MASS,
HighVolDn10_2.0x_H5,0.1917479060068885,136191,1.0446086280420108,False,VOL_REVERSAL,MASS,
HighVol10_2.0x_H10,0.22454462312085963,299033,1.7745973498926144,False,VOLUME_NEUTRAL,MASS,
HighVolUp10_2.0x_H10,0.005120692735759255,156800,5.405512932692033,True,VOL_CONFIRMS_UP,MASS,
HighVolDn10_2.0x_H10,0.18249908716922805,134732,1.069098087801747,False,VOL_REVERSAL,MASS,
HighVol10_2.0x_H20,0.2840029120976751,293248,2.217837702483076,False,VOLUME_NEUTRAL,MASS,
HighVolUp10_2.0x_H20,0.09388042217346872,153419,1.152216328431689,False,VOL_CONFIRMS_UP,MASS,
HighVolDn10_2.0x_H20,0.1292328231700339,132465,1.1909012351408896,False,VOL_REVERSAL,MASS,
HighVol10_3.0x_H1,0.0026670478429335277,124753,5.302365862904671,True,VOLUME_PREDICTS,MASS,
HighVolUp10_3.0x_H1,0.0013482111528392447,67358,2.07231949816181,False,VOL_CONFIRMS_UP,MASS,
HighVolDn10_3.0x_H1,0.004036234954996513,53909,4.873166212067549,True,VOL_REVERSAL,MASS,
HighVol10_3.0x_H3,0.0031547924238872083,124210,5.198492506731505,True,VOLUME_PREDICTS,MASS,
HighVolUp10_3.0x_H3,0.0012537856250045656,67159,1.5250767291777516,False,VOL_CONFIRMS_UP,MASS,
HighVolDn10_3.0x_H3,0.005390005714773154,53586,5.663371885347667,True,VOL_REVERSAL,MASS,
HighVol10_3.0x_H5,0.004810248466085666,123673,6.447310297622268,True,VOLUME_PREDICTS,MASS,
HighVolUp10_3.0x_H5,0.0019425794419738365,66944,1.9942401403696668,False,VOL_CONFIRMS_UP,MASS,
HighVolDn10_3.0x_H5,0.008199987463752506,53286,6.758533225438245,True,VOL_REVERSAL,MASS,
HighVol10_3.0x_H10,0.006954051288907543,122209,6.155616766765116,True,VOLUME_PREDICTS,MASS,
HighVolUp10_3.0x_H10,0.003273624078934308,66102,1.940303390024262,False,VOL_CONFIRMS_UP,MASS,
HighVolDn10_3.0x_H10,0.011166105534809503,52715,7.33357064907044,True,VOL_REVERSAL,MASS,
HighVol10_3.0x_H20,0.11895822006184711,119858,1.140614268382567,False,VOLUME_NEUTRAL,MASS,
HighVolUp10_3.0x_H20,0.20248709550888683,64713,1.048296267652423,False,VOL_CONFIRMS_UP,MASS,
HighVolDn10_3.0x_H20,0.020661136434288272,51825,9.539776552036795,True,VOL_REVERSAL,MASS,
HighVol10_5.0x_H1,0.00442424228343303,41259,4.830603877395388,True,VOLUME_PREDICTS,MASS,
HighVolUp10_5.0x_H1,0.0022516185511749585,23449,1.6159410837165693,False,VOL_CONFIRMS_UP,MASS,
HighVolDn10_5.0x_H1,0.006860167454825724,16454,6.0555835982058746,True,VOL_REVERSAL,MASS,
HighVol10_5.0x_H3,0.0023591934918702298,41079,1.8926857884126143,False,VOLUME_NEUTRAL,MASS,
HighVolUp10_5.0x_H3,-0.0012421515485952982,23374,-0.7025354721135589,False,VOL_REVERSAL,MASS,
HighVolDn10_5.0x_H3,0.00689559513056495,16362,3.7636159829033824,True,VOL_REVERSAL,MASS,
HighVol10_5.0x_H5,0.0038293573586826095,40874,2.4566754395607746,False,VOLUME_NEUTRAL,MASS,
HighVolUp10_5.0x_H5,-0.0015111547810788112,23278,-0.7020685530578441,False,VOL_REVERSAL,MASS,
HighVolDn10_5.0x_H5,0.010464091502443758,16263,4.409244496116312,True,VOL_REVERSAL,MASS,
HighVol10_5.0x_H10,0.002912478784339262,40356,1.560701891078541,False,VOLUME_NEUTRAL,MASS,
HighVolUp10_5.0x_H10,-0.002143362520239899,22975,-0.7627249476592101,False,VOL_REVERSAL,MASS,
HighVolDn10_5.0x_H10,0.008566577107202867,16059,3.7082051403078093,True,VOL_REVERSAL,MASS,
HighVol10_5.0x_H20,0.32326054715424773,39529,1.0222931122689511,False,VOLUME_NEUTRAL,MASS,
HighVolUp10_5.0x_H20,0.5545079090653298,22486,0.9975436009305021,False,VOL_CONFIRMS_UP,MASS,
HighVolDn10_5.0x_H20,0.01637430874432373,15751,4.284335189394202,True,VOL_REVERSAL,MASS,
LowVol10_Q25_H1,0.000394371562009694,1068163,5.864561365312945,True,,MASS,
LowVol10_Q25_H5,0.019290286477679948,1060721,1.2276591672467423,False,,MASS,
LowVol10_Q25_H10,0.0996252435237394,1051171,1.9716614551666096,False,,MASS,
LowVol10_Q25_H20,0.1430855926646557,1025070,3.13545027550211,True,,MASS,
LowVol10_Q10_H1,0.00014539755699886757,427287,1.1779965176221585,False,,MASS,
LowVol10_Q10_H5,0.0024823675799006003,424050,7.726555248912487,True,,MASS,
LowVol10_Q10_H10,0.20093208068489674,420013,1.659585537257499,False,,MASS,
LowVol10_Q10_H20,0.2757911947504459,409593,2.6488892470395764,False,,MASS,
HighVol20_1.5x_H1,0.10673597041070504,592291,1.011515456069644,False,VOLUME_NEUTRAL,MASS,
HighVolUp20_1.5x_H1,0.0003013722785398907,303928,1.7269428240633715,False,VOL_CONFIRMS_UP,MASS,
HighVolDn20_1.5x_H1,0.22901380012934158,275478,1.009427956351846,False,VOL_REVERSAL,MASS,
HighVol20_1.5x_H3,0.045796930411514634,589451,1.0798209618690198,False,VOLUME_NEUTRAL,MASS,
HighVolUp20_1.5x_H3,0.0019514470623326328,302846,7.592258513256295,True,VOL_CONFIRMS_UP,MASS,
HighVolDn20_1.5x_H3,0.0962050444984761,273807,1.0536885488065149,False,VOL_REVERSAL,MASS,
HighVol20_1.5x_H5,0.047307600733492536,586713,1.1102557651960163,False,VOLUME_NEUTRAL,MASS,
HighVolUp20_1.5x_H5,0.0024662352879450695,301782,7.856422061510843,True,VOL_CONFIRMS_UP,MASS,
HighVolDn20_1.5x_H5,0.09888105943286593,272214,1.076696297111343,False,VOL_REVERSAL,MASS,
HighVol20_1.5x_H10,0.048672333036982915,580096,1.2275764317877873,False,VOLUME_NEUTRAL,MASS,
HighVolUp20_1.5x_H10,0.005970229148085922,297989,10.90508518472101,True,VOL_CONFIRMS_UP,MASS,
HighVolDn20_1.5x_H10,0.09719675513204853,269558,1.1391611960357282,False,VOL_REVERSAL,MASS,
HighVol20_1.5x_H20,0.16939814249093843,568568,2.37088467478147,False,VOLUME_NEUTRAL,MASS,
HighVolUp20_1.5x_H20,0.05617054864635403,291377,1.309267748604915,False,VOL_CONFIRMS_UP,MASS,
HighVolDn20_1.5x_H20,0.07413889158724227,264878,1.3660657050166631,False,VOL_REVERSAL,MASS,
HighVol20_2.0x_H1,0.0015424786744259965,315927,6.958083649373526,True,VOLUME_PREDICTS,MASS,
HighVolUp20_2.0x_H1,0.0005563899269930872,165140,1.8867734075883835,False,VOL_CONFIRMS_UP,MASS,
HighVolDn20_2.0x_H1,0.002552604459925422,143566,7.3721382409140395,True,VOL_REVERSAL,MASS,
HighVol20_2.0x_H3,0.0034389285868238516,314535,11.20080235618628,True,VOLUME_PREDICTS,MASS,
HighVolUp20_2.0x_H3,0.001854470520976179,164600,4.393466089870172,True,VOL_CONFIRMS_UP,MASS,
HighVolDn20_2.0x_H3,0.005157612588733388,142766,11.15792553589527,True,VOL_REVERSAL,MASS,
HighVol20_2.0x_H5,0.004760355165368768,313214,12.844581651841658,True,VOLUME_PREDICTS,MASS,
HighVolUp20_2.0x_H5,0.002234161895672643,164082,4.415176751688386,True,VOL_CONFIRMS_UP,MASS,
HighVolDn20_2.0x_H5,0.007554571691524124,142010,13.3693763808135,True,VOL_REVERSAL,MASS,
HighVol20_2.0x_H10,0.008464768626431292,309704,14.333846912100105,True,VOLUME_PREDICTS,MASS,
HighVolUp20_2.0x_H10,0.005489323015664702,162079,6.04700741906853,True,VOL_CONFIRMS_UP,MASS,
HighVolDn20_2.0x_H10,0.0116712909876396,140602,15.352718176781632,True,VOL_REVERSAL,MASS,
HighVol20_2.0x_H20,0.13236855994218413,303740,1.5620629372358006,False,VOLUME_NEUTRAL,MASS,
HighVolUp20_2.0x_H20,0.09234771769991172,158643,1.171990469253934,False,VOL_CONFIRMS_UP,MASS,
HighVolDn20_2.0x_H20,0.021118496896565968,138210,19.01621814029859,True,VOL_REVERSAL,MASS,
HighVol20_3.0x_H1,0.002167801191900096,140961,4.942985122518185,True,VOLUME_PREDICTS,MASS,
HighVolUp20_3.0x_H1,0.0007481138495081286,75796,1.3276760003374244,False,VOL_CONFIRMS_UP,MASS,
HighVolDn20_3.0x_H1,0.0037081503753548387,61726,5.151332867570545,True,VOL_REVERSAL,MASS,
HighVol20_3.0x_H3,0.0035161756504423123,140329,5.92916147132609,True,VOLUME_PREDICTS,MASS,
HighVolUp20_3.0x_H3,0.0012076057897255682,75546,1.4802819896365866,False,VOL_CONFIRMS_UP,MASS,
HighVolDn20_3.0x_H3,0.006203185026776796,61371,6.850744348238025,True,VOL_REVERSAL,MASS,
HighVol20_3.0x_H5,0.004596417706649602,139683,6.668120708862036,True,VOLUME_PREDICTS,MASS,
HighVolUp20_3.0x_H5,0.0015510683961687372,75297,1.6145256168091093,False,VOL_CONFIRMS_UP,MASS,
HighVolDn20_3.0x_H5,0.008166882592076834,61006,7.925929253928103,True,VOL_REVERSAL,MASS,
HighVol20_3.0x_H10,0.007055261559040163,138111,6.389396027469943,True,VOLUME_PREDICTS,MASS,
HighVolUp20_3.0x_H10,0.004263738559918466,74388,2.3395304619001336,False,VOL_CONFIRMS_UP,MASS,
HighVolDn20_3.0x_H10,0.010251664827841879,60390,9.025520740041374,True,VOL_REVERSAL,MASS,
HighVol20_3.0x_H20,0.10700962164568104,135479,1.159772434749736,False,VOLUME_NEUTRAL,MASS,
HighVolUp20_3.0x_H20,0.18222555737206414,72832,1.061749456263918,False,VOL_CONFIRMS_UP,MASS,
HighVolDn20_3.0x_H20,0.01947417886562262,59386,12.28828295920755,True,VOL_REVERSAL,MASS,
HighVol20_5.0x_H1,0.0030170059501576896,55392,3.7361055094373725,True,VOLUME_PREDICTS,MASS,
HighVolUp20_5.0x_H1,0.0011239907177318768,31188,0.9027004535969018,False,VOL_CONFIRMS_UP,MASS,
HighVolDn20_5.0x_H1,0.004976484993367475,22728,5.189223610850646,True,VOL_REVERSAL,MASS,
HighVol20_5.0x_H3,0.0016716305469874528,55144,1.606942128419204,False,VOLUME_NEUTRAL,MASS,
HighVolUp20_5.0x_H3,-0.0012691293665706882,31084,-0.8265967497751295,False,VOL_REVERSAL,MASS,
HighVolDn20_5.0x_H3,0.0052047431361606795,22600,3.7387465150317465,True,VOL_REVERSAL,MASS,
HighVol20_5.0x_H5,0.0028545287879116333,54873,2.2477721907938606,False,VOLUME_NEUTRAL,MASS,
HighVolUp20_5.0x_H5,-0.0014447247919669938,30961,-0.8080634933058783,False,VOL_REVERSAL,MASS,
HighVolDn20_5.0x_H5,0.008132541062691366,22466,4.394562743227297,True,VOL_REVERSAL,MASS,
HighVol20_5.0x_H10,0.0033765367060226096,54197,2.316026764114579,False,VOLUME_NEUTRAL,MASS,
HighVolUp20_5.0x_H10,-0.0028435303924022573,30565,-1.3966109207110329,False,VOL_REVERSAL,MASS,
HighVolDn20_5.0x_H10,0.010925984632130178,22203,5.123770709899918,True,VOL_REVERSAL,MASS,
HighVol20_5.0x_H20,0.2447245620455611,53150,1.0406033112924757,False,VOLUME_NEUTRAL,MASS,
HighVolUp20_5.0x_H20,0.4186903665295414,29936,1.0027597087991098,False,VOL_CONFIRMS_UP,MASS,
HighVolDn20_5.0x_H20,0.01984549969207524,21820,6.677918778821376,True,VOL_REVERSAL,MASS,
LowVol20_Q25_H1,0.0005088602209215841,1045761,6.764480840332289,True,,MASS,
LowVol20_Q25_H5,0.01951231352378573,1038249,1.2154898241870309,False,,MASS,
LowVol20_Q25_H10,0.12546707565777585,1027401,2.195877972102637,False,,MASS,
LowVol20_Q25_H20,0.15139349544891745,1000741,3.0897520280752944,True,,MASS,
LowVol20_Q10_H1,0.0002791351330054393,418300,2.1420576466663404,False,,MASS,
LowVol20_Q10_H5,0.043232515952139054,415067,1.0766919425882757,False,,MASS,
LowVol20_Q10_H10,0.1823109395260957,410703,1.597762703356769,False,,MASS,
LowVol20_Q10_H20,0.2080581651162383,400012,2.466273417214647,False,,MASS,
Monday_H1,0.00021840528985850365,824704,2.483512464759009,False,,TIME,
Tuesday_H1,0.07043341352973677,909715,1.0252052186860157,False,,TIME,
Wednesday_H1,0.00018149888800859883,891923,2.8180582921533377,False,,TIME,
Thursday_H1,0.00019038066563585457,864473,3.19506686576611,True,,TIME,
Friday_H1,0.0015364374592097283,881629,7.950822462243664,True,,TIME,
Monday_H5,0.02449292265790909,815203,1.19802165051168,False,,TIME,
Tuesday_H5,0.031048366414494256,900213,1.1180261989670959,False,,TIME,
Wednesday_H5,0.07477080673388367,882749,1.0560751604432386,False,,TIME,
Thursday_H5,0.019833373910465878,863117,1.1412256451236966,False,,TIME,
Friday_H5,0.022053119918203502,873158,1.1553286403603078,False,,TIME,
Monday_H10,0.026305479158458163,805701,1.3821979130646733,False,,TIME,
Tuesday_H10,0.10711879274773364,890712,1.7748268703566226,False,,TIME,
Wednesday_H10,0.053034301340605015,873248,1.5885218630011007,False,,TIME,
Thursday_H10,0.054214135768844054,853617,1.540250037495047,False,,TIME,
Friday_H10,0.04455644722684862,863657,1.6326293529379756,False,,TIME,
Jan_H1,0.182725986547157,342610,1.0016756178326025,False,,TIME,
Feb_H1,0.0004999454230850568,328760,1.053560318068173,False,,TIME,
Mar_H1,-0.00019341958772297393,349310,-1.650658232469113,False,,TIME,
Apr_H1,-0.0004653378680783698,369197,-4.201874384626523,True,,TIME,
May_H1,0.0022336351836734917,372260,18.918033746675604,True,,TIME,
Jun_H1,0.0009006048036923405,341783,8.800820340424853,True,,TIME,
Jul_H1,0.0010624372654453023,389754,11.554395228542932,True,,TIME,
Aug_H1,0.0011149590471049478,383251,15.799525890920233,True,,TIME,
Sep_H1,0.0020105504469413883,368062,16.091657811045977,True,,TIME,
Oct_H1,0.0002317073730413776,414762,2.51817576684591,False,,TIME,
Nov_H1,0.0012429652354159879,352531,9.935503737681945,True,,TIME,
Dec_H1,0.0004213012364522182,360164,2.918287925273015,False,,TIME,
Jan_H5,0.3974130289038742,342610,1.8682430436401474,False,,TIME,
Feb_H5,0.0005261904456094426,328760,0.6956111759674187,False,,TIME,
Mar_H5,-0.006741769513769273,349310,-27.584456177125567,True,,TIME,
Apr_H5,0.004460034320995589,369197,24.782761158786823,True,,TIME,
May_H5,0.009184043866073754,372260,32.41176923860341,True,,TIME,
Jun_H5,0.004767871558458118,341783,19.43725459147523,True,,TIME,
Jul_H5,0.001269205753299748,389754,6.579676708030374,True,,TIME,
Aug_H5,0.0073943906061060575,383251,42.12021156382176,True,,TIME,
Sep_H5,0.010909054185865652,368062,46.688184673803654,True,,TIME,
Oct_H5,-0.0003295366070573996,414762,-1.3788922896420077,False,,TIME,
Nov_H5,0.00710788475927786,352531,21.805167431326588,True,,TIME,
Dec_H5,-0.00027484394801013576,322160,-0.7393965096865396,False,,TIME,
Jan_H10,0.647961463941151,342610,3.0118218416422704,True,,TIME,
Feb_H10,-0.004243468143217267,328760,-4.868150886156332,True,,TIME,
Mar_H10,-0.015710877461625725,349310,-45.49420021865465,True,,TIME,
Apr_H10,0.01790962117315704,369197,66.67526075505569,True,,TIME,
May_H10,0.013975032192444347,372260,36.75204426852557,True,,TIME,
Jun_H10,0.012966342031637696,341783,37.56811597877282,True,,TIME,
Jul_H10,-0.00047732054196440043,389754,-1.7582814979911592,False,,TIME,
Aug_H10,0.01648909690639,383251,56.86253801146893,True,,TIME,
Sep_H10,0.017634313813892945,368062,60.36699443816178,True,,TIME,
Oct_H10,0.0008568360965513382,414761,2.3420194333134665,False,,TIME,
Nov_H10,0.013466735670197006,352520,24.688765376579465,True,,TIME,
Dec_H10,-0.005132800994672885,274667,-9.5154916330032,True,,TIME,
Jan_H20,0.7507207481343823,342610,3.9778123780191623,True,,TIME,
Feb_H20,-0.007605785843156008,328760,-7.607548282503162,True,,TIME,
Mar_H20,-0.039524931733747264,349310,-91.55003972278729,True,,TIME,
Apr_H20,0.048543899595839976,369197,104.4063980122574,True,,TIME,
May_H20,0.014784147359529334,372260,34.939537992743,True,,TIME,
Jun_H20,0.04080705831875669,341783,88.28440040122351,True,,TIME,
Jul_H20,-0.002612818588983791,389754,-7.302940679861966,True,,TIME,
Aug_H20,0.03161895713382165,383251,66.34055064009237,True,,TIME,
Sep_H20,0.026773586110244028,368062,53.10487488311038,True,,TIME,
Oct_H20,-0.004764553226708992,414740,-9.809803448559462,True,,TIME,
Nov_H20,0.021965824633935527,294161,15.982785426768368,True,,TIME,
Dec_H20,0.46545647450414074,238037,1.5610812815953827,False,,TIME,
MonthEnd_H1,0.1250120917336158,490150,0.980407280686737,False,,TIME,
MonthStart_H1,-0.0006122284895566994,420046,-4.715770014109179,True,,TIME,
MonthEnd_H3,0.04710774183912698,490150,0.9236124867969565,False,,TIME,
MonthStart_H3,-0.0020192585393995163,420046,-9.895287489725781,True,,TIME,
MonthEnd_H5,0.044984390160942064,490150,0.8819768177118343,False,,TIME,
MonthStart_H5,0.001476563348598522,420044,5.850128438233049,True,,TIME,
LowVol5_Q10_H1,0.00010203916618416428,432300,3.0193918187982884,True,,CHAOS,
LowVol5_Q10_H5,0.0007835614313119909,427730,5.917123454079662,True,,CHAOS,
LowVol5_Q10_H10,0.13654788882299027,419892,1.2947433438481843,False,,CHAOS,
LowVol5_Q10_H20,0.056094814507088545,408741,1.326172888464069,False,,CHAOS,
LowVol5_Q25_H1,0.00014045227311851964,1080927,5.14962303518057,True,,CHAOS,
LowVol5_Q25_H5,0.0009416001784839436,1070945,15.194559713220492,True,,CHAOS,
LowVol5_Q25_H10,0.05577030105613798,1054355,1.3278541246005393,False,,CHAOS,
LowVol5_Q25_H20,0.02547225911303812,1030439,1.5181447414422125,False,,CHAOS,
LowVol5_Q50_H1,0.00027078299157240503,2162040,15.17992249584334,True,,CHAOS,
LowVol5_Q50_H5,0.001391309245464778,2142413,35.629391732904786,True,,CHAOS,
LowVol5_Q50_H10,0.02960156556933526,2115964,1.4144341684542863,False,,CHAOS,
LowVol5_Q50_H20,0.01680771064016839,2069287,2.0116150164566156,False,,CHAOS,
HighVol5_Q75_H1,0.05942158198288411,1081442,1.0281871296324696,False,,CHAOS,
HighVol5_Q75_H5,0.13341297497843693,1072521,1.9633111690685259,False,,CHAOS,
HighVol5_Q75_H10,0.16748010752082215,1061700,3.0175545053256427,True,,CHAOS,
HighVol5_Q75_H20,0.35406579227652873,1036915,3.887322446977465,True,,CHAOS,
HighVol5_Q90_H1,0.14671388106876396,432526,1.0153326206840398,False,,CHAOS,
HighVol5_Q90_H5,0.32490337005716585,428955,1.9122868323978728,False,,CHAOS,
HighVol5_Q90_H10,0.40161790923227525,424365,2.8923384421610216,False,,CHAOS,
HighVol5_Q90_H20,0.8556416881055559,414209,3.7526803507202464,True,,CHAOS,
LowVol10_Q10_H1,0.0001334614624171331,427499,2.067856278528125,False,,CHAOS,
LowVol10_Q10_H5,0.0005581986863529021,422391,3.887547487443963,True,,CHAOS,
LowVol10_Q10_H10,0.0014504434115463357,415620,6.506517403486888,True,,CHAOS,
LowVol10_Q10_H20,0.0034625208142687043,404649,9.89867701258563,True,,CHAOS,
LowVol10_Q25_H1,0.0001677717505037809,1068960,6.0639643854727066,True,,CHAOS,
LowVol10_Q25_H5,0.0006594009379488549,1057026,10.967546370246573,True,,CHAOS,
LowVol10_Q25_H10,0.0017248646627367784,1041225,18.702249927220343,True,,CHAOS,
LowVol10_Q25_H20,0.004292999176571869,1021114,30.08505069882167,True,,CHAOS,
LowVol10_Q50_H1,0.00025822184906732333,2138351,16.049891308213216,True,,CHAOS,
LowVol10_Q50_H5,0.0011280774401478597,2117826,31.177338810245384,True,,CHAOS,
LowVol10_Q50_H10,0.002593193064814129,2091619,47.6017348782067,True,,CHAOS,
LowVol10_Q50_H20,0.006000004414453001,2046145,73.27768848926068,True,,CHAOS,
HighVol10_Q75_H1,0.06025250297334446,1069588,1.0311367936427678,False,,CHAOS,
HighVol10_Q75_H5,0.13592121153765424,1060678,1.978134407201703,False,,CHAOS,
HighVol10_Q75_H10,0.2250015275528886,1049694,3.2041751868737,True,,CHAOS,
HighVol10_Q75_H20,0.3813702635835722,1024154,4.067976963799619,True,,CHAOS,
HighVol10_Q90_H1,0.14860621868085358,427800,1.0171913195003062,False,,CHAOS,
HighVol10_Q90_H5,0.32976662580103305,423993,1.918457916748402,False,,CHAOS,
HighVol10_Q90_H10,0.5425489077639154,419454,3.0874205929765086,True,,CHAOS,
HighVol10_Q90_H20,0.9198089945398099,408977,3.9180460758101336,True,,CHAOS,
LowVol20_Q10_H1,0.00013748869945856492,418042,2.0970365517551346,False,,CHAOS,
LowVol20_Q10_H5,0.0006840818928164769,413390,4.693221175664437,True,,CHAOS,
LowVol20_Q10_H10,0.0014794018782396906,407609,6.618251872614515,True,,CHAOS,
LowVol20_Q10_H20,0.0035021478258022293,396283,9.857962560580424,True,,CHAOS,
LowVol20_Q25_H1,0.00018143687980580537,1045350,6.521179832023311,True,,CHAOS,
LowVol20_Q25_H5,0.0009424605406244026,1034812,15.194881423210962,True,,CHAOS,
LowVol20_Q25_H10,0.002105731443743012,1022204,22.36411219461963,True,,CHAOS,
LowVol20_Q25_H20,0.004751815301336825,999157,32.56935392098831,True,,CHAOS,
LowVol20_Q50_H1,0.00026944698867637586,2090933,16.72492756500504,True,,CHAOS,
LowVol20_Q50_H5,0.0012819462990959827,2071034,35.51537722625008,True,,CHAOS,
LowVol20_Q50_H10,0.002740637807569364,2046481,50.80654577153587,True,,CHAOS,
LowVol20_Q50_H20,0.005898186112045219,1999281,72.1379116168833,True,,CHAOS,
HighVol20_Q75_H1,0.061703801853978966,1045652,1.0323423922888395,False,,CHAOS,
HighVol20_Q75_H5,0.13911978340723208,1036315,1.9781803816778454,False,,CHAOS,
HighVol20_Q75_H10,0.2303634098428398,1024121,3.2006126530269103,True,,CHAOS,
HighVol20_Q75_H20,0.3906501429410837,997097,4.056876938196432,True,,CHAOS,
HighVol20_Q90_H1,0.15209341083432293,418207,1.0177159108786016,False,,CHAOS,
HighVol20_Q90_H5,0.3373566918893761,414324,1.9178569341099043,False,,CHAOS,
HighVol20_Q90_H10,0.555152125272303,409308,3.0827247265683475,True,,CHAOS,
HighVol20_Q90_H20,0.9427429166359875,398257,3.9104748153038305,True,,CHAOS,
LowVol30_Q10_H1,0.00014841437303751196,408516,2.2151066709197402,False,,CHAOS,
LowVol30_Q10_H5,0.0006770427384434744,403794,4.546045479058896,True,,CHAOS,
LowVol30_Q10_H10,0.0015582382601784777,397870,6.803306482131208,True,,CHAOS,
LowVol30_Q10_H20,0.003634879980322536,386309,10.095624357475401,True,,CHAOS,
LowVol30_Q25_H1,0.00022198351443662243,1021600,7.816008720117243,True,,CHAOS,
LowVol30_Q25_H5,0.001017623150631923,1011038,16.082111154050075,True,,CHAOS,
LowVol30_Q25_H10,0.0021963040259840414,997823,22.8427664340058,True,,CHAOS,
LowVol30_Q25_H20,0.004793709509708956,972502,32.45254967237455,True,,CHAOS,
LowVol30_Q50_H1,0.0003111746265738082,2043456,18.936872304985627,True,,CHAOS,
LowVol30_Q50_H5,0.001434990760639315,2023755,38.926480125184334,True,,CHAOS,
LowVol30_Q50_H10,0.00290400458902263,1999420,52.8502730056946,True,,CHAOS,
LowVol30_Q50_H20,0.005866010994827624,1952102,71.13304339511171,True,,CHAOS,
HighVol30_Q75_H1,0.06311339007255247,1021739,1.0317776953528048,False,,CHAOS,
HighVol30_Q75_H5,0.1422565270520096,1011467,1.9742809994179713,False,,CHAOS,
HighVol30_Q75_H10,0.23526281401942095,998382,3.1865306340133093,True,,CHAOS,
HighVol30_Q75_H20,0.3995264751995507,971892,4.044171716511287,True,,CHAOS,
HighVol30_Q90_H1,0.15552320226051053,408645,1.0168718017130622,False,,CHAOS,
HighVol30_Q90_H5,0.34539294710241203,404393,1.916477595835564,False,,CHAOS,
HighVol30_Q90_H10,0.5685345870435805,399201,3.0790793106010907,True,,CHAOS,
HighVol30_Q90_H20,0.9657796323662439,388878,3.9116856463322076,True,,CHAOS,
LowVol60_Q10_H1,0.0001622090843804545,379996,2.26392943144707,False,,CHAOS,
LowVol60_Q10_H5,0.000637790187437716,375182,4.316989362873637,True,,CHAOS,
LowVol60_Q10_H10,0.001337245669822886,369106,6.354816602420836,True,,CHAOS,
LowVol60_Q10_H20,0.00317203907760247,357187,10.293584659208099,True,,CHAOS,
LowVol60_Q25_H1,0.00015539131642466268,950259,5.110114918942798,True,,CHAOS,
LowVol60_Q25_H5,0.0006319853177046473,939270,9.945559088528487,True,,CHAOS,
LowVol60_Q25_H10,0.0013638857513254348,925319,15.14125131268908,True,,CHAOS,
LowVol60_Q25_H20,0.003416311291204732,897409,26.51792270215077,True,,CHAOS,
LowVol60_Q50_H1,0.0002555136207269597,1901002,14.465507647519487,True,,CHAOS,
LowVol60_Q50_H5,0.0011100970738971495,1881135,29.71056382562887,True,,CHAOS,
LowVol60_Q50_H10,0.002125351528098196,1856167,40.339831446446624,True,,CHAOS,
LowVol60_Q50_H20,0.004545794935845109,1806084,61.20303831425136,True,,CHAOS,
HighVol60_Q75_H1,0.06762983400609092,950502,1.0285278402063307,False,,CHAOS,
HighVol60_Q75_H5,0.152036545495996,940676,1.9623355074800428,False,,CHAOS,
HighVol60_Q75_H10,0.2517097519869367,928543,3.1708114822915654,True,,CHAOS,
HighVol60_Q75_H20,0.4288322549604884,904344,4.039125602838769,True,,CHAOS,
HighVol60_Q90_H1,0.16704740009309035,380172,1.0161193005107716,False,,CHAOS,
HighVol60_Q90_H5,0.3707288855626744,376152,1.913402998131783,False,,CHAOS,
HighVol60_Q90_H10,0.6102514708411271,371215,3.073313207260205,True,,CHAOS,
HighVol60_Q90_H20,1.037885656314704,360990,3.9022728460983482,True,,CHAOS,
BullMarket20_H1,0.0001860254473746895,546701,1.6950333782836309,False,,REGIME,BULL
BearMarket20_H1,0.0034020049835884253,576444,10.638581757080386,True,,REGIME,BEAR
StrongBull20_H1,-4.209629314443106e-05,178717,-0.1498105132566617,False,,REGIME,STRONG_BULL
StrongBear20_H1,0.007002076589856074,158552,6.347699213322785,True,,REGIME,STRONG_BEAR
BullMarket20_H5,0.06118752593335156,540380,1.4746655255291607,False,,REGIME,BULL
BearMarket20_H5,0.1206921705228434,572422,1.1053929619788347,False,,REGIME,BEAR
StrongBull20_H5,0.1818989790017069,177042,1.4362895064706445,False,,REGIME,STRONG_BULL
StrongBear20_H5,0.41874412724104515,157207,1.0532789958931004,False,,REGIME,STRONG_BEAR
BullMarket20_H10,0.09415903352841119,534164,1.851645963035094,False,,REGIME,BULL
BearMarket20_H10,0.15091998201904644,566999,1.976184541537444,False,,REGIME,BEAR
StrongBull20_H10,0.2758052817663773,175171,1.778657573610321,False,,REGIME,STRONG_BULL
StrongBear20_H10,0.5164466389019043,155489,1.8545162794459373,False,,REGIME,STRONG_BEAR
BullMarket20_H20,0.1757017355869386,525207,2.763357066255596,False,,REGIME,BULL
BearMarket20_H20,0.3479793278788016,547389,2.35911709897891,False,,REGIME,BEAR
StrongBull20_H20,0.5074389744995115,172262,2.6176746689269823,False,,REGIME,STRONG_BULL
StrongBear20_H20,1.2383106126174104,147624,2.264086493867153,False,,REGIME,STRONG_BEAR
BullMarket50_H1,0.00038826319395622355,803075,4.711526806156948,True,,REGIME,BULL
BearMarket50_H1,0.08208247158333723,783056,1.0284145526766788,False,,REGIME,BEAR
StrongBull50_H1,0.00031987452830807794,325829,1.9909407481931456,False,,REGIME,STRONG_BULL
StrongBear50_H1,0.20003887544620388,318773,1.0202839885277621,False,,REGIME,STRONG_BEAR
BullMarket50_H5,0.002696817210401058,797282,16.233720271972626,True,,REGIME,BULL
BearMarket50_H5,0.1833900689813433,774273,1.948302139946832,False,,REGIME,BEAR
StrongBull50_H5,0.002575979231685929,323592,7.205036065244038,True,,REGIME,STRONG_BULL
StrongBear50_H5,0.2916941971301783,314122,1.361198653822881,False,,REGIME,STRONG_BEAR
BullMarket50_H10,0.006091345650775135,789618,25.50862454173137,True,,REGIME,BULL
BearMarket50_H10,0.2065041890912455,764286,2.792427634343814,False,,REGIME,BEAR
StrongBull50_H10,0.0065211211335434414,320347,13.04264794971023,True,,REGIME,STRONG_BULL
StrongBear50_H10,0.33951712028020187,309512,2.1432760192192744,False,,REGIME,STRONG_BEAR
BullMarket50_H20,0.028321129193705854,776826,1.759690951427002,False,,REGIME,BULL
BearMarket50_H20,0.40976489627606116,740889,3.371150946241059,True,,REGIME,BEAR
StrongBull50_H20,0.05260002076431863,314405,1.3228682899259991,False,,REGIME,STRONG_BULL
StrongBear50_H20,0.6763510856361514,298490,2.4616670681725017,False,,REGIME,STRONG_BEAR
BullMarket100_H1,0.00033826984213124135,949378,5.019620621988497,True,,REGIME,BULL
BearMarket100_H1,0.07706585115397854,834400,1.0288717675274766,False,,REGIME,BEAR
StrongBull100_H1,0.0004321593762664212,442726,3.3140312682897166,True,,REGIME,STRONG_BULL
StrongBear100_H1,0.1486135737932264,429811,1.0220238761682388,False,,REGIME,STRONG_BEAR
BullMarket100_H5,0.001884835346905451,940036,14.006099982101869,True,,REGIME,BULL
BearMarket100_H5,0.17294526204366217,825341,1.9585219812797081,False,,REGIME,BEAR
StrongBull100_H5,0.0029576302988412306,437994,11.32279185884263,True,,REGIME,STRONG_BULL
StrongBear100_H5,0.2530330027514972,424536,1.5576316128701453,False,,REGIME,STRONG_BEAR
BullMarket100_H10,0.0046987639028894575,926321,24.906561091840512,True,,REGIME,BULL
BearMarket100_H10,0.28507066058520847,814796,3.1511739872443663,True,,REGIME,BEAR
StrongBull100_H10,0.006698222999683437,431176,18.50909639933212,True,,REGIME,STRONG_BULL
StrongBear100_H10,0.4297702095677796,418566,2.640083168726171,False,,REGIME,STRONG_BEAR
BullMarket100_H20,0.02384322100135414,902185,1.7205753576115037,False,,REGIME,BULL
BearMarket100_H20,0.45352089006167273,792496,3.808472908464712,True,,REGIME,BEAR
StrongBull100_H20,0.042252816473907925,418866,1.4157234701624688,False,,REGIME,STRONG_BULL
StrongBear100_H20,0.7095212110709967,406237,3.224147202332875,True,,REGIME,STRONG_BEAR
BullMarket200_H1,0.0004593370263078755,810635,8.090525995024748,True,,REGIME,BULL
BearMarket200_H1,0.089047645480841,718408,1.0235724962111212,False,,REGIME,BEAR
StrongBull200_H1,0.0005489050559934944,422121,5.479522657910449,True,,REGIME,STRONG_BULL
StrongBear200_H1,0.14159153344926445,450052,1.019588831209199,False,,REGIME,STRONG_BEAR
BullMarket200_H5,0.002350270527574639,795940,21.321355631071857,True,,REGIME,BULL
BearMarket200_H5,0.1997207291837519,709621,1.9446252518373803,False,,REGIME,BEAR
StrongBull200_H5,0.0028857635318094857,414375,15.424670822697207,True,,REGIME,STRONG_BULL
StrongBear200_H5,0.3166492394082101,444518,1.9313225657509265,False,,REGIME,STRONG_BEAR
BullMarket200_H10,0.004849126483173368,779200,30.80584705400784,True,,REGIME,BULL
BearMarket200_H10,0.33042813609558463,698029,3.129114474565957,True,,REGIME,BEAR
StrongBull200_H10,0.006186348141635011,405627,23.16548827476381,True,,REGIME,STRONG_BULL
StrongBear200_H10,0.5235842827762778,437179,3.1054088763099372,True,,REGIME,STRONG_BEAR
BullMarket200_H20,0.009336708233794334,751254,40.2371614168002,True,,REGIME,BULL
BearMarket200_H20,0.5690724492994972,671838,3.982005425021047,True,,REGIME,BEAR
StrongBull200_H20,0.011731320633401158,391124,29.095205525134975,True,,REGIME,STRONG_BULL
StrongBear200_H20,0.9026638703321572,420558,3.9538914993433556,True,,REGIME,STRONG_BEAR
Near50High_H1,-0.0002470753548506501,303282,-2.9677121026059594,False,,PRICE_LEVEL,
Near50Low_H1,0.26464803903252704,239687,1.0149354955623715,False,,PRICE_LEVEL,
Breakout50_H1,5.8006369918140824e-05,205984,0.345797933276345,False,,PRICE_LEVEL,
Near50High_H5,0.0001528523882228432,301543,0.8778770236770661,False,,PRICE_LEVEL,
Near50Low_H5,0.3803946887172162,236475,1.3363372901378539,False,,PRICE_LEVEL,
Breakout50_H5,0.0005485039835043477,204778,1.7019591878934592,False,,PRICE_LEVEL,
Near50High_H10,0.0020577490943660057,297494,8.626364298437464,True,,PRICE_LEVEL,
Near50Low_H10,0.436021568424382,234134,2.0821695697210156,False,,PRICE_LEVEL,
Breakout50_H10,0.0017035513693487946,201403,3.818785487319994,True,,PRICE_LEVEL,
Near50High_H20,0.09354721869777684,292725,1.5491502739762466,False,,PRICE_LEVEL,
Near50Low_H20,0.8681066943111877,226509,2.39766744117268,False,,PRICE_LEVEL,
Breakout50_H20,0.1328259071822309,197871,1.4868465876781236,False,,PRICE_LEVEL,
Near100High_H1,-7.073013558456228e-05,285915,-0.8606602234507684,False,,PRICE_LEVEL,
Near100Low_H1,0.2755163062172065,230145,1.014551483954281,False,,PRICE_LEVEL,
Breakout100_H1,4.5313714990822914e-05,137966,0.19864665882477606,False,,PRICE_LEVEL,
Near100High_H5,8.341934508770367e-05,283917,0.5039184236461792,False,,PRICE_LEVEL,
Near100Low_H5,0.3962932126725733,227072,1.336830926249373,False,,PRICE_LEVEL,
Breakout100_H5,-9.236345771514919e-05,137053,-0.2349789447108461,False,,PRICE_LEVEL,
Near100High_H10,0.002208526780117656,279356,9.479117600750005,True,,PRICE_LEVEL,
Near100Low_H10,0.4562299326739638,224349,2.087616126507931,False,,PRICE_LEVEL,
Breakout100_H10,0.0009309329218266188,134317,1.7362295939879393,False,,PRICE_LEVEL,
Near100High_H20,0.00842225585673888,273718,22.640995841863504,True,,PRICE_LEVEL,
Near100Low_H20,0.9066295245641778,217062,2.399627873733345,False,,PRICE_LEVEL,
Breakout100_H20,0.006449842878909333,131422,8.40252833105987,True,,PRICE_LEVEL,
Near200High_H1,2.5089007799716778e-05,201709,0.23701706012948226,False,,PRICE_LEVEL,
Near200Low_H1,0.31810342902551203,199285,1.0143041664908008,False,,PRICE_LEVEL,
Breakout200_H1,0.0005683855512888981,72940,1.481503323343922,False,,PRICE_LEVEL,
Near200High_H5,5.700433574538163e-05,198042,0.42775115540895803,False,,PRICE_LEVEL,
Near200Low_H5,0.7061582759807393,196532,1.9042530090330927,False,,PRICE_LEVEL,
Breakout200_H5,8.900566008058441e-05,72214,0.20482395293054434,False,,PRICE_LEVEL,
Near200High_H10,0.0025519871313302053,191022,13.258348522253248,True,,PRICE_LEVEL,
Near200Low_H10,1.1625151000034772,193505,3.0518996396836457,True,,PRICE_LEVEL,
Breakout200_H10,0.0012801673994375547,69885,2.4902091577720187,False,,PRICE_LEVEL,
Near200High_H20,0.007848964630018765,182631,27.664273821682887,True,,PRICE_LEVEL,
Near200Low_H20,1.9923298962198095,186326,3.8665031900993334,True,,PRICE_LEVEL,
Breakout200_H20,0.006812780157778757,67609,9.87604746728202,True,,PRICE_LEVEL,
Near252High_H1,-0.00011287077570955335,149776,-1.54163578620492,False,,PRICE_LEVEL,
Near252Low_H1,0.3544222750983009,178339,1.0113296356230308,False,,PRICE_LEVEL,
Breakout252_H1,0.00012510991749181758,50594,0.4165301702273523,False,,PRICE_LEVEL,
Near252High_H5,0.00047161779605018407,146561,3.0169122277577722,True,,PRICE_LEVEL,
Near252Low_H5,0.7854472935710767,175291,1.8891519153729042,False,,PRICE_LEVEL,
Breakout252_H5,0.00017840317251336939,50017,0.3936289575266237,False,,PRICE_LEVEL,
Near252High_H10,0.0036545043697440278,140454,15.984251341912906,True,,PRICE_LEVEL,
Near252Low_H10,1.2979449059863022,171746,3.0242960209159047,True,,PRICE_LEVEL,
Breakout252_H10,0.0009395472676015684,48051,1.7295826439901572,False,,PRICE_LEVEL,
Near252High_H20,0.009042066464222643,133227,26.47677636764522,True,,PRICE_LEVEL,
Near252Low_H20,2.2477102713045727,163757,3.8337760553513744,True,,PRICE_LEVEL,
Breakout252_H20,0.006010814664046345,46213,7.453349459793721,True,,PRICE_LEVEL,
