,Pair,Description,Days,Long_Days,Short_Days,Total_Return,Sharpe,Baseline_Sharpe,Excess_Sharpe,Verdict
0,XLF/XLK,Financials vs Technology,3958,288,182,0.6593856842277714,0.4971702998705808,0.8220808823368566,-0.3249105824662758,LOSE
1,XLE/XLV,Energy vs Healthcare,3958,308,273,-0.4051518957251736,-0.2645964935106245,0.5937737938001889,-0.8583702873108134,LOSE
2,XLY/XLP,Cons Disc vs Cons Staples,3958,192,334,-0.06840613167999587,-0.028082399646232544,0.8476015349213664,-0.8756839345675989,LOSE
3,XLI/XLU,Industrials vs Utilities,3958,289,282,-0.13533012909257647,-0.09144106903331653,0.7833790621981216,-0.8748201312314381,LOSE
4,XLB/XLK,Materials vs Technology,3958,374,143,0.3990780762995487,0.3930906051929013,0.769136295923892,-0.3760456907309907,LOSE
5,IWM/SPY,Small Cap vs Large Cap,3958,289,196,0.22283039587103715,0.33255720824513224,0.6925466797635663,-0.3599894715184341,LOSE
6,EEM/SPY,Emerging vs US,3958,319,179,-0.07355689973774737,-0.06082806408854108,0.5635852022100729,-0.6244132662986139,LOSE
7,TLT/SPY,Bonds vs Stocks,3958,223,217,0.22285693083104774,0.162275747815389,0.9537332999613272,-0.7914575521459382,LOSE
8,GLD/SPY,Gold vs Stocks,3958,233,292,0.2615061912725636,0.1840930300890071,1.005904399453235,-0.8218113693642279,LOSE
