category,strategy,mean,n,t,significant
MACD,MACD_8_17_CrossUp_H1,0.0002660465387505078,237008,1.8439688319889491,False
MACD,MACD_8_17_CrossDn_H1,0.26610433375959724,235382,1.0021945548748894,False
MACD,MACD_8_17_Pos_H1,0.0002486866203618389,2318487,7.828892785792933,True
MACD,MACD_8_17_Neg_H1,0.031975447501368055,2040178,1.0437812228596348,False
MACD,MACD_8_17_HistUp_H1,0.00044042520059325597,2194393,11.394896439335364,True
MACD,MACD_8_17_HistDn_H1,0.02987858807773928,2173711,1.0391703772538516,False
MACD,MACD_8_17_CrossUp_H3,0.17803376034698165,236495,1.0105220379622841,False
MACD,MACD_8_17_CrossDn_H3,0.10794822046003283,233180,1.0068924993149715,False
MACD,MACD_8_17_Pos_H3,0.007212922482338891,2308088,1.1099073918046547,False
MACD,MACD_8_17_Neg_H3,0.0363152515044661,2031591,1.5183488003774017,False
MACD,MACD_8_17_HistUp_H3,0.027817582705937437,2189166,1.3751709653002622,False
MACD,MACD_8_17_HistDn_H3,0.013773728084727255,2159956,1.1900016972192826,False
MACD,MACD_8_17_CrossUp_H5,0.07377886088108433,235916,1.0443900639469523,False
MACD,MACD_8_17_CrossDn_H5,0.11028111453277155,231449,1.0210151195559618,False
MACD,MACD_8_17_Pos_H5,0.008531176288809337,2296444,1.175498509754564,False
MACD,MACD_8_17_Neg_H5,0.06437795805844532,2024249,1.8367427838264356,False
MACD,MACD_8_17_HistUp_H5,0.025196873225097255,2182819,1.9686870572742736,False
MACD,MACD_8_17_HistDn_H5,0.04434532835690431,2147321,1.414617888062802,False
MACD,MACD_8_17_CrossUp_H10,0.07697629290604086,234534,1.0832627301163602,False
MACD,MACD_8_17_CrossDn_H10,0.21520393968428556,229547,1.4542409480532728,False
MACD,MACD_8_17_Pos_H10,0.035063392647713396,2267497,1.696569676314449,False
MACD,MACD_8_17_Neg_H10,0.0837525423421063,2005731,2.9524533789333334,False
MACD,MACD_8_17_HistUp_H10,0.036145927087943334,2162703,2.3915844256925727,False
MACD,MACD_8_17_HistDn_H10,0.07991420298987457,2119982,2.5642846553302765,False
MACD,MACD_8_17_CrossUp_H15,0.069535552611157,232519,1.091266647650643,False
MACD,MACD_8_17_CrossDn_H15,0.21631772673082897,227912,1.4739083453511055,False
MACD,MACD_8_17_Pos_H15,0.07451046194794388,2241477,2.795501500066522,False
MACD,MACD_8_17_Neg_H15,0.07931950060881576,1984286,3.001996892724089,True
MACD,MACD_8_17_HistUp_H15,0.03129472607329587,2136514,2.5353962907420056,False
MACD,MACD_8_17_HistDn_H15,0.12277401291037297,2098716,3.436277353406588,True
MACD,MACD_8_17_CrossUp_H20,0.09567518026427929,227108,1.5235268459291376,False
MACD,MACD_8_17_CrossDn_H20,0.1735094578587308,226668,1.4859282039758888,False
MACD,MACD_8_17_Pos_H20,0.06418569510263118,2227120,3.3230896544443564,True
MACD,MACD_8_17_Neg_H20,0.13909038142301275,1951178,3.161608529278196,True
MACD,MACD_8_17_HistUp_H20,0.06722824042587457,2103235,3.1446040113755593,True
MACD,MACD_8_17_HistDn_H20,0.13096743172181669,2084540,3.2180878552416443,True
MACD,MACD_12_26_CrossUp_H1,0.000351041237048479,193397,2.071175242929167,False
MACD,MACD_12_26_CrossDn_H1,0.32860005064318387,190682,1.00254563803273,False
MACD,MACD_12_26_Pos_H1,0.0002914148376205177,2335928,8.98359401576598,True
MACD,MACD_12_26_Neg_H1,0.0321996666645321,2022737,1.0421148880022637,False
MACD,MACD_12_26_HistUp_H1,0.00040500710756006104,2203046,10.511868958133356,True
MACD,MACD_12_26_HistDn_H1,0.03003345525914142,2165117,1.0404268548096258,False
MACD,MACD_12_26_CrossUp_H3,0.2180346286778657,193056,1.0102531149574225,False
MACD,MACD_12_26_CrossDn_H3,0.13388917160516453,188943,1.0119342409308318,False
MACD,MACD_12_26_Pos_H3,0.0008219289757194355,2325562,15.116918818169362,True
MACD,MACD_12_26_Neg_H3,0.04394697584747776,2014117,1.7405913638415367,False
MACD,MACD_12_26_HistUp_H3,0.027642862644122992,2197903,1.3719873172924466,False
MACD,MACD_12_26_HistDn_H3,0.013896851093457903,2151274,1.1958135231527995,False
MACD,MACD_12_26_CrossUp_H5,0.08990259329756473,192631,1.0391342685258051,False
MACD,MACD_12_26_CrossDn_H5,0.1363326950976392,188007,1.0252979154030242,False
MACD,MACD_12_26_Pos_H5,0.001410855594959845,2314654,20.64589591693588,True
MACD,MACD_12_26_Neg_H5,0.07310064424317386,2006039,2.0120819791662092,False
MACD,MACD_12_26_HistUp_H5,0.024984329222578993,2191226,1.959595679707844,False
MACD,MACD_12_26_HistDn_H5,0.044639285334854416,2138965,1.4184542449022923,False
MACD,MACD_12_26_CrossUp_H10,0.09142962766086189,191485,1.0504950867037395,False
MACD,MACD_12_26_CrossDn_H10,0.263852642928433,186598,1.4493834679821624,False
MACD,MACD_12_26_Pos_H10,0.02817862805663269,2288774,1.4563927738066116,False
MACD,MACD_12_26_Neg_H10,0.09221513670319186,1984454,3.1055126814815854,True
MACD,MACD_12_26_HistUp_H10,0.03574470295327959,2167889,2.3707099380918613,False
MACD,MACD_12_26_HistDn_H10,0.08043331036169987,2114837,2.5746777503080107,False
MACD,MACD_12_26_CrossUp_H15,0.08355645842427227,188569,1.0634474424255345,False
MACD,MACD_12_26_CrossDn_H15,0.26448253535796756,185376,1.4657591523440296,False
MACD,MACD_12_26_Pos_H15,0.06761480889013706,2266239,2.6475122713009394,False
MACD,MACD_12_26_Neg_H15,0.08735526812449379,1959524,3.141834838127754,True
MACD,MACD_12_26_HistUp_H15,0.030777495510461165,2136731,2.4937297667317777,False
MACD,MACD_12_26_HistDn_H15,0.12331035972501553,2098530,3.4509857999374445,True
MACD,MACD_12_26_CrossUp_H20,0.11336620283056868,184738,1.46855956606343,False
MACD,MACD_12_26_CrossDn_H20,0.2115816953050873,184401,1.4741006933503877,False
MACD,MACD_12_26_Pos_H20,0.05416533128469075,2251735,3.0468523209626532,True
MACD,MACD_12_26_Neg_H20,0.15175904721560088,1926563,3.3501357752861125,True
MACD,MACD_12_26_HistUp_H20,0.05587250723493024,2104306,3.020024664418097,True
MACD,MACD_12_26_HistDn_H20,0.14247013350500123,2083490,3.382046110874403,True
MACD,MACD_5_35_CrossUp_H1,-8.604860012664604e-05,314237,-0.8116880894463894,False
MACD,MACD_5_35_CrossDn_H1,0.2006192017754062,313117,1.005092218353316,False
MACD,MACD_5_35_Pos_H1,0.00023134077174276178,2330329,7.753378584748913,True
MACD,MACD_5_35_Neg_H1,0.03218060573768565,2028336,1.044380776553467,False
MACD,MACD_5_35_HistUp_H1,0.00047375672872796305,2189925,11.787556681937417,True
MACD,MACD_5_35_HistDn_H1,0.0297858645999329,2178238,1.0381030207159172,False
MACD,MACD_5_35_CrossUp_H3,0.0015411364028571188,313525,9.324827845974227,True
MACD,MACD_5_35_CrossDn_H3,0.08215212212723191,311040,1.022138107618877,False
MACD,MACD_5_35_Pos_H3,0.0007284127733743509,2320301,13.589962416159635,True
MACD,MACD_5_35_Neg_H3,0.04394207575756155,2019378,1.7449431430976157,False
MACD,MACD_5_35_HistUp_H3,0.027784765471809834,2184064,1.3703480174023441,False
MACD,MACD_5_35_HistDn_H3,0.013841568157371267,2165113,1.1987165430962945,False
MACD,MACD_5_35_CrossUp_H5,0.05085311496989692,312729,1.060268988161025,False
MACD,MACD_5_35_CrossDn_H5,0.08361496378649542,308368,1.0314014793750428,False
MACD,MACD_5_35_Pos_H5,0.0012598382640701788,2309332,18.596346500418353,True
MACD,MACD_5_35_Neg_H5,0.0730843448814939,2011361,2.016970086538211,False
MACD,MACD_5_35_HistUp_H5,0.025231288263821802,2177706,1.966757318081696,False
MACD,MACD_5_35_HistDn_H5,0.04426597764978033,2152485,1.4154825773606106,False
MACD,MACD_5_35_CrossUp_H10,0.059539870841769295,310299,1.1085548699165535,False
MACD,MACD_5_35_CrossDn_H10,0.13071046892648042,305570,1.454634795250386,False
MACD,MACD_5_35_Pos_H10,0.028001683873184503,2282412,1.4432260231426586,False
MACD,MACD_5_35_Neg_H10,0.09221335816596046,1990816,3.1154070048902227,True
MACD,MACD_5_35_HistUp_H10,0.03621987841420642,2156749,2.389879742907436,False
MACD,MACD_5_35_HistDn_H10,0.0797170912837379,2125977,2.56519328223275,False
MACD,MACD_5_35_CrossUp_H15,0.0212757359089688,308449,1.4264048328678198,False
MACD,MACD_5_35_CrossDn_H15,0.13733766896956928,303177,1.4988935907549241,False
MACD,MACD_5_35_Pos_H15,0.06739122822140271,2257046,2.6280563803713397,False
MACD,MACD_5_35_Neg_H15,0.08751941452659359,1968717,3.162502325391332,True
MACD,MACD_5_35_HistUp_H15,0.03146223946279747,2135185,2.5473997483867032,False
MACD,MACD_5_35_HistDn_H15,0.12254604889819558,2100076,3.4321166099274993,True
MACD,MACD_5_35_CrossUp_H20,0.1004969094646033,301852,1.5649400603350159,False
MACD,MACD_5_35_CrossDn_H20,0.07458342370206854,301769,1.4912519023734025,False
MACD,MACD_5_35_Pos_H20,0.059528266572814695,2241671,3.182055108639679,True
MACD,MACD_5_35_Neg_H20,0.14504421794419609,1936627,3.2521539118734584,True
MACD,MACD_5_35_HistUp_H20,0.09720151942476013,2101335,2.6528679748068846,False
MACD,MACD_5_35_HistDn_H20,0.10072318430366713,2086461,3.66339432008791,True
MACD,MACD_19_39_CrossUp_H1,0.00023702225768504166,156270,1.3119134662326848,False
MACD,MACD_19_39_CrossDn_H1,0.40891011452703646,153147,1.0019895856850678,False
MACD,MACD_19_39_Pos_H1,0.00034977582203123527,2353249,10.774249489270598,True
MACD,MACD_19_39_Neg_H1,0.03240677825718443,2005416,1.039836705875836,False
MACD,MACD_19_39_HistUp_H1,0.0003699396785140649,2209339,9.435525022095126,True
MACD,MACD_19_39_HistDn_H1,0.03015571055315284,2158824,1.0416257428796174,False
MACD,MACD_19_39_CrossUp_H3,0.26853950136497823,156007,1.0054806633409452,False
MACD,MACD_19_39_CrossDn_H3,0.16635218444481958,151949,1.0111210267907755,False
MACD,MACD_19_39_Pos_H3,0.0009775977301917523,2343081,18.425979628587537,True
MACD,MACD_19_39_Neg_H3,0.044142690355480164,1996598,1.7331355028141373,False
MACD,MACD_19_39_HistUp_H3,0.027381055294650226,2203829,1.362657334482386,False
MACD,MACD_19_39_HistDn_H3,0.014127825166070838,2145348,1.2123396599732479,False
MACD,MACD_19_39_CrossUp_H5,0.10876557296055302,155651,1.0158236166573336,False
MACD,MACD_19_39_CrossDn_H5,0.16851643142093042,151171,1.0190309489124016,False
MACD,MACD_19_39_Pos_H5,0.0016882991746282514,2332813,24.705059110909254,True
MACD,MACD_19_39_Neg_H5,0.07342993518762019,1987880,2.002849975004741,False
MACD,MACD_19_39_HistUp_H5,0.024651876263006575,2196297,1.9379939043215857,False
MACD,MACD_19_39_HistDn_H5,0.04502816862530625,2133894,1.427419384074486,False
MACD,MACD_19_39_CrossUp_H10,0.11022618432006223,154270,1.020328088427003,False
MACD,MACD_19_39_CrossDn_H10,0.3263987791775154,150074,1.4420140485114812,False
MACD,MACD_19_39_Pos_H10,0.004014615067544884,2308353,38.726855815717684,True
MACD,MACD_19_39_Neg_H10,0.12124133057211013,1964875,3.231868328083053,True
MACD,MACD_19_39_HistUp_H10,0.03517530142649055,2168950,2.3340936734965365,False
MACD,MACD_19_39_HistDn_H10,0.08104000570405855,2113776,2.592794922992377,False
MACD,MACD_19_39_CrossUp_H15,0.10126537780949071,151104,1.0327824015485128,False
MACD,MACD_19_39_CrossDn_H15,0.31357816071997646,149172,1.4625970807402309,False
MACD,MACD_19_39_Pos_H15,0.006610477425921606,2286069,49.30810340269135,True
MACD,MACD_19_39_Neg_H15,0.15945507579141702,1939694,3.891178592098802,True
MACD,MACD_19_39_HistUp_H15,0.03002381514790697,2135067,2.430831909042092,False
MACD,MACD_19_39_HistDn_H15,0.12400324018490852,2100194,3.4731175937266983,True
MACD,MACD_19_39_CrossUp_H20,0.1376325315038874,148636,1.4344985239480723,False
MACD,MACD_19_39_CrossDn_H20,0.2608355568714206,148399,1.4624594607721333,False
MACD,MACD_19_39_Pos_H20,0.009533212994904214,2267474,59.57083195622113,True
MACD,MACD_19_39_Neg_H20,0.2055254826811655,1910824,4.090272307648011,True
MACD,MACD_19_39_HistUp_H20,0.04312571065281464,2103800,3.040193190544125,True
MACD,MACD_19_39_HistDn_H20,0.15531703544270276,2083996,3.5468223748704317,True
WillR5,WillR5_OS90_H1,0.1182861222747665,540986,1.0238707499909387,False
WillR5,WillR5_OB30_H1,-0.00016547730205823333,1435588,-4.162524787276378,True
WillR5,WillR5_OS90_H3,0.05157180609354837,536101,1.105908583626912,False
WillR5,WillR5_OB30_H3,0.040197409594895976,1432285,1.300133343929018,False
WillR5,WillR5_OS90_H5,0.1713176287516194,532625,1.3555663262961364,False
WillR5,WillR5_OB30_H5,0.035367482368615505,1427032,1.8065833882869116,False
WillR5,WillR5_OS90_H10,0.19656207126462721,527617,2.1152643071963806,False
WillR5,WillR5_OB30_H10,0.038234099647409536,1409364,1.9164389493844045,False
WillR5,WillR5_OS90_H15,0.1971858416194995,524023,2.167407448511314,False
WillR5,WillR5_OB30_H15,0.030208632246941033,1386221,1.9520128031545858,False
WillR5,WillR5_OS90_H1,0.1182861222747665,540986,1.0238707499909387,False
WillR5,WillR5_OB20_H1,-0.00029492022559811024,1036155,-6.17789389505156,True
WillR5,WillR5_OS90_H3,0.05157180609354837,536101,1.105908583626912,False
WillR5,WillR5_OB20_H3,0.05527898674863124,1034048,1.2908077146322672,False
WillR5,WillR5_OS90_H5,0.1713176287516194,532625,1.3555663262961364,False
WillR5,WillR5_OB20_H5,0.04823294461050037,1030497,1.7791490429429546,False
WillR5,WillR5_OS90_H10,0.19656207126462721,527617,2.1152643071963806,False
WillR5,WillR5_OB20_H10,0.05130158836780721,1018172,1.8577012889284295,False
WillR5,WillR5_OS90_H15,0.1971858416194995,524023,2.167407448511314,False
WillR5,WillR5_OB20_H15,0.03942062270289853,1000719,1.8389149871597612,False
WillR5,WillR5_OS90_H1,0.1182861222747665,540986,1.0238707499909387,False
WillR5,WillR5_OB10_H1,-0.00044149597810636963,607337,-7.075162552030147,True
WillR5,WillR5_OS90_H3,0.05157180609354837,536101,1.105908583626912,False
WillR5,WillR5_OB10_H3,0.09355482221190303,606298,1.2808951466163105,False
WillR5,WillR5_OS90_H5,0.1713176287516194,532625,1.3555663262961364,False
WillR5,WillR5_OB10_H5,0.08099096192730831,604507,1.7525147368471339,False
WillR5,WillR5_OS90_H10,0.19656207126462721,527617,2.1152643071963806,False
WillR5,WillR5_OB10_H10,0.08441838703922429,597980,1.7953558877277147,False
WillR5,WillR5_OS90_H15,0.1971858416194995,524023,2.167407448511314,False
WillR5,WillR5_OB10_H15,0.06305275968000182,587974,1.7282085749469072,False
WillR5,WillR5_OS80_H1,0.06612029500495036,976773,1.0333646201169207,False
WillR5,WillR5_OB30_H1,-0.00016547730205823333,1435588,-4.162524787276378,True
WillR5,WillR5_OS80_H3,0.029836299981206717,969146,1.156616714227821,False
WillR5,WillR5_OB30_H3,0.040197409594895976,1432285,1.300133343929018,False
WillR5,WillR5_OS80_H5,0.09685233303919971,963467,1.3862550083175493,False
WillR5,WillR5_OB30_H5,0.035367482368615505,1427032,1.8065833882869116,False
WillR5,WillR5_OS80_H10,0.11303445823167028,954543,2.200636670846293,False
WillR5,WillR5_OB30_H10,0.038234099647409536,1409364,1.9164389493844045,False
WillR5,WillR5_OS80_H15,0.11540258413747222,947934,2.2945790764516665,False
WillR5,WillR5_OB30_H15,0.030208632246941033,1386221,1.9520128031545858,False
WillR5,WillR5_OS80_H1,0.06612029500495036,976773,1.0333646201169207,False
WillR5,WillR5_OB20_H1,-0.00029492022559811024,1036155,-6.17789389505156,True
WillR5,WillR5_OS80_H3,0.029836299981206717,969146,1.156616714227821,False
WillR5,WillR5_OB20_H3,0.05527898674863124,1034048,1.2908077146322672,False
WillR5,WillR5_OS80_H5,0.09685233303919971,963467,1.3862550083175493,False
WillR5,WillR5_OB20_H5,0.04823294461050037,1030497,1.7791490429429546,False
WillR5,WillR5_OS80_H10,0.11303445823167028,954543,2.200636670846293,False
WillR5,WillR5_OB20_H10,0.05130158836780721,1018172,1.8577012889284295,False
WillR5,WillR5_OS80_H15,0.11540258413747222,947934,2.2945790764516665,False
WillR5,WillR5_OB20_H15,0.03942062270289853,1000719,1.8389149871597612,False
WillR5,WillR5_OS80_H1,0.06612029500495036,976773,1.0333646201169207,False
WillR5,WillR5_OB10_H1,-0.00044149597810636963,607337,-7.075162552030147,True
WillR5,WillR5_OS80_H3,0.029836299981206717,969146,1.156616714227821,False
WillR5,WillR5_OB10_H3,0.09355482221190303,606298,1.2808951466163105,False
WillR5,WillR5_OS80_H5,0.09685233303919971,963467,1.3862550083175493,False
WillR5,WillR5_OB10_H5,0.08099096192730831,604507,1.7525147368471339,False
WillR5,WillR5_OS80_H10,0.11303445823167028,954543,2.200636670846293,False
WillR5,WillR5_OB10_H10,0.08441838703922429,597980,1.7953558877277147,False
WillR5,WillR5_OS80_H15,0.11540258413747222,947934,2.2945790764516665,False
WillR5,WillR5_OB10_H15,0.06305275968000182,587974,1.7282085749469072,False
WillR5,WillR5_OS70_H1,0.047020337446569846,1383955,1.041196517067084,False
WillR5,WillR5_OB30_H1,-0.00016547730205823333,1435588,-4.162524787276378,True
WillR5,WillR5_OS70_H3,0.021897785315317084,1374100,1.2035704633768594,False
WillR5,WillR5_OB30_H3,0.040197409594895976,1432285,1.300133343929018,False
WillR5,WillR5_OS70_H5,0.06954719508476083,1366645,1.4119875416706809,False
WillR5,WillR5_OB30_H5,0.035367482368615505,1427032,1.8065833882869116,False
WillR5,WillR5_OS70_H10,0.08234980487693276,1353983,2.274128310219845,False
WillR5,WillR5_OB30_H10,0.038234099647409536,1409364,1.9164389493844045,False
WillR5,WillR5_OS70_H15,0.08516540183900576,1344423,2.4016200257806393,False
WillR5,WillR5_OB30_H15,0.030208632246941033,1386221,1.9520128031545858,False
WillR5,WillR5_OS70_H1,0.047020337446569846,1383955,1.041196517067084,False
WillR5,WillR5_OB20_H1,-0.00029492022559811024,1036155,-6.17789389505156,True
WillR5,WillR5_OS70_H3,0.021897785315317084,1374100,1.2035704633768594,False
WillR5,WillR5_OB20_H3,0.05527898674863124,1034048,1.2908077146322672,False
WillR5,WillR5_OS70_H5,0.06954719508476083,1366645,1.4119875416706809,False
WillR5,WillR5_OB20_H5,0.04823294461050037,1030497,1.7791490429429546,False
WillR5,WillR5_OS70_H10,0.08234980487693276,1353983,2.274128310219845,False
WillR5,WillR5_OB20_H10,0.05130158836780721,1018172,1.8577012889284295,False
WillR5,WillR5_OS70_H15,0.08516540183900576,1344423,2.4016200257806393,False
WillR5,WillR5_OB20_H15,0.03942062270289853,1000719,1.8389149871597612,False
WillR5,WillR5_OS70_H1,0.047020337446569846,1383955,1.041196517067084,False
WillR5,WillR5_OB10_H1,-0.00044149597810636963,607337,-7.075162552030147,True
WillR5,WillR5_OS70_H3,0.021897785315317084,1374100,1.2035704633768594,False
WillR5,WillR5_OB10_H3,0.09355482221190303,606298,1.2808951466163105,False
WillR5,WillR5_OS70_H5,0.06954719508476083,1366645,1.4119875416706809,False
WillR5,WillR5_OB10_H5,0.08099096192730831,604507,1.7525147368471339,False
WillR5,WillR5_OS70_H10,0.08234980487693276,1353983,2.274128310219845,False
WillR5,WillR5_OB10_H10,0.08441838703922429,597980,1.7953558877277147,False
WillR5,WillR5_OS70_H15,0.08516540183900576,1344423,2.4016200257806393,False
WillR5,WillR5_OB10_H15,0.06305275968000182,587974,1.7282085749469072,False
WillR10,WillR10_OS90_H1,0.1256006556068563,508959,1.0228217515596623,False
WillR10,WillR10_OB30_H1,2.9012532341947253e-05,1428441,0.7530602310284347,False
WillR10,WillR10_OS90_H3,0.05461355224894899,504666,1.102463528864608,False
WillR10,WillR10_OB30_H3,0.0007569927114411248,1424521,10.568106506912494,True
WillR10,WillR10_OS90_H5,0.18182892521270175,501843,1.3555884390434376,False
WillR10,WillR10_OB30_H5,0.0013754593807650708,1418758,14.914185783184296,True
WillR10,WillR10_OS90_H10,0.20946150952189252,497755,2.1265016341973353,False
WillR10,WillR10_OB30_H10,0.002983145982832224,1396969,23.593058014009426,True
WillR10,WillR10_OS90_H15,0.20935371911357,495194,2.17455811992703,False
WillR10,WillR10_OB30_H15,0.005468508959248056,1370831,33.49734796447235,True
WillR10,WillR10_OS90_H1,0.1256006556068563,508959,1.0228217515596623,False
WillR10,WillR10_OB20_H1,-0.00013564847826146712,1025728,-2.9759707231214274,False
WillR10,WillR10_OS90_H3,0.05461355224894899,504666,1.102463528864608,False
WillR10,WillR10_OB20_H3,0.0005534109727699718,1023203,6.873424350493652,True
WillR10,WillR10_OS90_H5,0.18182892521270175,501843,1.3555884390434376,False
WillR10,WillR10_OB20_H5,0.0010499020697493412,1019369,10.04207113760593,True
WillR10,WillR10_OS90_H10,0.20946150952189252,497755,2.1265016341973353,False
WillR10,WillR10_OB20_H10,0.002594290707738945,1003175,18.154281882974793,True
WillR10,WillR10_OS90_H15,0.20935371911357,495194,2.17455811992703,False
WillR10,WillR10_OB20_H15,0.005134189165177635,982512,26.898128421579106,True
WillR10,WillR10_OS90_H1,0.1256006556068563,508959,1.0228217515596623,False
WillR10,WillR10_OB10_H1,-0.0004238599213994324,586906,-6.879866554058445,True
WillR10,WillR10_OS90_H3,0.05461355224894899,504666,1.102463528864608,False
WillR10,WillR10_OB10_H3,5.947840217272705e-05,585732,0.5825597275126111,False
WillR10,WillR10_OS90_H5,0.18182892521270175,501843,1.3555884390434376,False
WillR10,WillR10_OB10_H5,0.0005470953810745009,583858,4.118122791384842,True
WillR10,WillR10_OS90_H10,0.20946150952189252,497755,2.1265016341973353,False
WillR10,WillR10_OB10_H10,0.0019133860643711774,574926,10.39772273054164,True
WillR10,WillR10_OS90_H15,0.20935371911357,495194,2.17455811992703,False
WillR10,WillR10_OB10_H15,0.004569537429128933,562373,18.43165541640563,True
WillR10,WillR10_OS80_H1,0.06830908000771184,945264,1.0331340806894436,False
WillR10,WillR10_OB30_H1,2.9012532341947253e-05,1428441,0.7530602310284347,False
WillR10,WillR10_OS80_H3,0.03087203942157729,938536,1.1589732205955718,False
WillR10,WillR10_OB30_H3,0.0007569927114411248,1424521,10.568106506912494,True
WillR10,WillR10_OS80_H5,0.10004331347037716,933777,1.3878019193708038,False
WillR10,WillR10_OB30_H5,0.0013754593807650708,1418758,14.914185783184296,True
WillR10,WillR10_OS80_H10,0.1177003044010477,926336,2.223757396417407,False
WillR10,WillR10_OB30_H10,0.002983145982832224,1396969,23.593058014009426,True
WillR10,WillR10_OS80_H15,0.12009163007383707,921384,2.3209223878168683,False
WillR10,WillR10_OB30_H15,0.005468508959248056,1370831,33.49734796447235,True
WillR10,WillR10_OS80_H1,0.06830908000771184,945264,1.0331340806894436,False
WillR10,WillR10_OB20_H1,-0.00013564847826146712,1025728,-2.9759707231214274,False
WillR10,WillR10_OS80_H3,0.03087203942157729,938536,1.1589732205955718,False
WillR10,WillR10_OB20_H3,0.0005534109727699718,1023203,6.873424350493652,True
WillR10,WillR10_OS80_H5,0.10004331347037716,933777,1.3878019193708038,False
WillR10,WillR10_OB20_H5,0.0010499020697493412,1019369,10.04207113760593,True
WillR10,WillR10_OS80_H10,0.1177003044010477,926336,2.223757396417407,False
WillR10,WillR10_OB20_H10,0.002594290707738945,1003175,18.154281882974793,True
WillR10,WillR10_OS80_H15,0.12009163007383707,921384,2.3209223878168683,False
WillR10,WillR10_OB20_H15,0.005134189165177635,982512,26.898128421579106,True
WillR10,WillR10_OS80_H1,0.06830908000771184,945264,1.0331340806894436,False
WillR10,WillR10_OB10_H1,-0.0004238599213994324,586906,-6.879866554058445,True
WillR10,WillR10_OS80_H3,0.03087203942157729,938536,1.1589732205955718,False
WillR10,WillR10_OB10_H3,5.947840217272705e-05,585732,0.5825597275126111,False
WillR10,WillR10_OS80_H5,0.10004331347037716,933777,1.3878019193708038,False
WillR10,WillR10_OB10_H5,0.0005470953810745009,583858,4.118122791384842,True
WillR10,WillR10_OS80_H10,0.1177003044010477,926336,2.223757396417407,False
WillR10,WillR10_OB10_H10,0.0019133860643711774,574926,10.39772273054164,True
WillR10,WillR10_OS80_H15,0.12009163007383707,921384,2.3209223878168683,False
WillR10,WillR10_OB10_H15,0.004569537429128933,562373,18.43165541640563,True
WillR10,WillR10_OS70_H1,0.048168425393035966,1351262,1.041422542453248,False
WillR10,WillR10_OB30_H1,2.9012532341947253e-05,1428441,0.7530602310284347,False
WillR10,WillR10_OS70_H3,0.022409427946003677,1342483,1.203356515819719,False
WillR10,WillR10_OB30_H3,0.0007569927114411248,1424521,10.568106506912494,True
WillR10,WillR10_OS70_H5,0.07132350937088405,1336086,1.4156718858550854,False
WillR10,WillR10_OB30_H5,0.0013754593807650708,1418758,14.914185783184296,True
WillR10,WillR10_OS70_H10,0.08498713220831208,1325264,2.2971766995612977,False
WillR10,WillR10_OB30_H10,0.002983145982832224,1396969,23.593058014009426,True
WillR10,WillR10_OS70_H15,0.08776192362622978,1317828,2.4258539533061385,False
WillR10,WillR10_OB30_H15,0.005468508959248056,1370831,33.49734796447235,True
WillR10,WillR10_OS70_H1,0.048168425393035966,1351262,1.041422542453248,False
WillR10,WillR10_OB20_H1,-0.00013564847826146712,1025728,-2.9759707231214274,False
WillR10,WillR10_OS70_H3,0.022409427946003677,1342483,1.203356515819719,False
WillR10,WillR10_OB20_H3,0.0005534109727699718,1023203,6.873424350493652,True
WillR10,WillR10_OS70_H5,0.07132350937088405,1336086,1.4156718858550854,False
WillR10,WillR10_OB20_H5,0.0010499020697493412,1019369,10.04207113760593,True
WillR10,WillR10_OS70_H10,0.08498713220831208,1325264,2.2971766995612977,False
WillR10,WillR10_OB20_H10,0.002594290707738945,1003175,18.154281882974793,True
WillR10,WillR10_OS70_H15,0.08776192362622978,1317828,2.4258539533061385,False
WillR10,WillR10_OB20_H15,0.005134189165177635,982512,26.898128421579106,True
WillR10,WillR10_OS70_H1,0.048168425393035966,1351262,1.041422542453248,False
WillR10,WillR10_OB10_H1,-0.0004238599213994324,586906,-6.879866554058445,True
WillR10,WillR10_OS70_H3,0.022409427946003677,1342483,1.203356515819719,False
WillR10,WillR10_OB10_H3,5.947840217272705e-05,585732,0.5825597275126111,False
WillR10,WillR10_OS70_H5,0.07132350937088405,1336086,1.4156718858550854,False
WillR10,WillR10_OB10_H5,0.0005470953810745009,583858,4.118122791384842,True
WillR10,WillR10_OS70_H10,0.08498713220831208,1325264,2.2971766995612977,False
WillR10,WillR10_OB10_H10,0.0019133860643711774,574926,10.39772273054164,True
WillR10,WillR10_OS70_H15,0.08776192362622978,1317828,2.4258539533061385,False
WillR10,WillR10_OB10_H15,0.004569537429128933,562373,18.43165541640563,True
WillR14,WillR14_OS90_H1,0.1301474160491215,491153,1.022769033698234,False
WillR14,WillR14_OB30_H1,4.184568088779603e-05,1419396,1.118331265997386,False
WillR14,WillR14_OS90_H3,0.05673994757489608,487254,1.1058678528727455,False
WillR14,WillR14_OB30_H3,0.0006325243928252768,1415402,9.273119593283711,True
WillR14,WillR14_OS90_H5,0.1888621713085567,485130,1.361131246578383,False
WillR14,WillR14_OB30_H5,0.0011215491413170393,1408541,12.743499608398377,True
WillR14,WillR14_OS90_H10,0.21742927120816694,481755,2.136432299313789,False
WillR14,WillR14_OB30_H10,0.003056881130397864,1384224,24.837067971622538,True
WillR14,WillR14_OS90_H15,0.21819835642744428,479055,2.192529875400527,False
WillR14,WillR14_OB30_H15,0.005630745262477028,1362046,35.25498577515732,True
WillR14,WillR14_OS90_H1,0.1301474160491215,491153,1.022769033698234,False
WillR14,WillR14_OB20_H1,-6.116680026939354e-05,1021010,-1.3882688322663983,False
WillR14,WillR14_OS90_H3,0.05673994757489608,487254,1.1058678528727455,False
WillR14,WillR14_OB20_H3,0.0005081442653232095,1018528,6.543467591487397,True
WillR14,WillR14_OS90_H5,0.1888621713085567,485130,1.361131246578383,False
WillR14,WillR14_OB20_H5,0.0009557837645768407,1013896,9.375951648292778,True
WillR14,WillR14_OS90_H10,0.21742927120816694,481755,2.136432299313789,False
WillR14,WillR14_OB20_H10,0.002937989158762389,994710,20.92904447852458,True
WillR14,WillR14_OS90_H15,0.21819835642744428,479055,2.192529875400527,False
WillR14,WillR14_OB20_H15,0.005761816285066852,978027,30.31510275047029,True
WillR14,WillR14_OS90_H1,0.1301474160491215,491153,1.022769033698234,False
WillR14,WillR14_OB10_H1,-0.0002711481498750321,579809,-4.385706996763026,True
WillR14,WillR14_OS90_H3,0.05673994757489608,487254,1.1058678528727455,False
WillR14,WillR14_OB10_H3,0.00027496358027959714,578761,2.6166241851047034,False
WillR14,WillR14_OS90_H5,0.1888621713085567,485130,1.361131246578383,False
WillR14,WillR14_OB10_H5,0.0006650027189905288,576583,4.695372643259789,True
WillR14,WillR14_OS90_H10,0.21742927120816694,481755,2.136432299313789,False
WillR14,WillR14_OB10_H10,0.0025901142408079336,565190,13.629165864319805,True
WillR14,WillR14_OS90_H15,0.21819835642744428,479055,2.192529875400527,False
WillR14,WillR14_OB10_H15,0.0057049090878983945,555681,21.68188714028922,True
WillR14,WillR14_OS80_H1,0.06989888418367357,923567,1.0329129117016156,False
WillR14,WillR14_OB30_H1,4.184568088779603e-05,1419396,1.118331265997386,False
WillR14,WillR14_OS80_H3,0.03204217161352308,917320,1.1757042572635101,False
WillR14,WillR14_OB30_H3,0.0006325243928252768,1415402,9.273119593283711,True
WillR14,WillR14_OS80_H5,0.10326229700444027,913596,1.401495880335955,False
WillR14,WillR14_OB30_H5,0.0011215491413170393,1408541,12.743499608398377,True
WillR14,WillR14_OS80_H10,0.12094789227352534,907384,2.2383612001630824,False
WillR14,WillR14_OB30_H10,0.003056881130397864,1384224,24.837067971622538,True
WillR14,WillR14_OS80_H15,0.12370733678581372,901784,2.3399115730936377,False
WillR14,WillR14_OB30_H15,0.005630745262477028,1362046,35.25498577515732,True
WillR14,WillR14_OS80_H1,0.06989888418367357,923567,1.0329129117016156,False
WillR14,WillR14_OB20_H1,-6.116680026939354e-05,1021010,-1.3882688322663983,False
WillR14,WillR14_OS80_H3,0.03204217161352308,917320,1.1757042572635101,False
WillR14,WillR14_OB20_H3,0.0005081442653232095,1018528,6.543467591487397,True
WillR14,WillR14_OS80_H5,0.10326229700444027,913596,1.401495880335955,False
WillR14,WillR14_OB20_H5,0.0009557837645768407,1013896,9.375951648292778,True
WillR14,WillR14_OS80_H10,0.12094789227352534,907384,2.2383612001630824,False
WillR14,WillR14_OB20_H10,0.002937989158762389,994710,20.92904447852458,True
WillR14,WillR14_OS80_H15,0.12370733678581372,901784,2.3399115730936377,False
WillR14,WillR14_OB20_H15,0.005761816285066852,978027,30.31510275047029,True
WillR14,WillR14_OS80_H1,0.06989888418367357,923567,1.0329129117016156,False
WillR14,WillR14_OB10_H1,-0.0002711481498750321,579809,-4.385706996763026,True
WillR14,WillR14_OS80_H3,0.03204217161352308,917320,1.1757042572635101,False
WillR14,WillR14_OB10_H3,0.00027496358027959714,578761,2.6166241851047034,False
WillR14,WillR14_OS80_H5,0.10326229700444027,913596,1.401495880335955,False
WillR14,WillR14_OB10_H5,0.0006650027189905288,576583,4.695372643259789,True
WillR14,WillR14_OS80_H10,0.12094789227352534,907384,2.2383612001630824,False
WillR14,WillR14_OB10_H10,0.0025901142408079336,565190,13.629165864319805,True
WillR14,WillR14_OS80_H15,0.12370733678581372,901784,2.3399115730936377,False
WillR14,WillR14_OB10_H15,0.0057049090878983945,555681,21.68188714028922,True
WillR14,WillR14_OS70_H1,0.049046380477021465,1325420,1.0401247909941056,False
WillR14,WillR14_OB30_H1,4.184568088779603e-05,1419396,1.118331265997386,False
WillR14,WillR14_OS70_H3,0.023096842748411422,1317117,1.216826065267422,False
WillR14,WillR14_OB30_H3,0.0006325243928252768,1415402,9.273119593283711,True
WillR14,WillR14_OS70_H5,0.0732978552288067,1311967,1.4285951805262422,False
WillR14,WillR14_OB30_H5,0.0011215491413170393,1408541,12.743499608398377,True
WillR14,WillR14_OS70_H10,0.086826358261578,1302766,2.3070454703484327,False
WillR14,WillR14_OB30_H10,0.003056881130397864,1384224,24.837067971622538,True
WillR14,WillR14_OS70_H15,0.08976012633797725,1294015,2.4362435014478883,False
WillR14,WillR14_OB30_H15,0.005630745262477028,1362046,35.25498577515732,True
WillR14,WillR14_OS70_H1,0.049046380477021465,1325420,1.0401247909941056,False
WillR14,WillR14_OB20_H1,-6.116680026939354e-05,1021010,-1.3882688322663983,False
WillR14,WillR14_OS70_H3,0.023096842748411422,1317117,1.216826065267422,False
WillR14,WillR14_OB20_H3,0.0005081442653232095,1018528,6.543467591487397,True
WillR14,WillR14_OS70_H5,0.0732978552288067,1311967,1.4285951805262422,False
WillR14,WillR14_OB20_H5,0.0009557837645768407,1013896,9.375951648292778,True
WillR14,WillR14_OS70_H10,0.086826358261578,1302766,2.3070454703484327,False
WillR14,WillR14_OB20_H10,0.002937989158762389,994710,20.92904447852458,True
WillR14,WillR14_OS70_H15,0.08976012633797725,1294015,2.4362435014478883,False
WillR14,WillR14_OB20_H15,0.005761816285066852,978027,30.31510275047029,True
WillR14,WillR14_OS70_H1,0.049046380477021465,1325420,1.0401247909941056,False
WillR14,WillR14_OB10_H1,-0.0002711481498750321,579809,-4.385706996763026,True
WillR14,WillR14_OS70_H3,0.023096842748411422,1317117,1.216826065267422,False
WillR14,WillR14_OB10_H3,0.00027496358027959714,578761,2.6166241851047034,False
WillR14,WillR14_OS70_H5,0.0732978552288067,1311967,1.4285951805262422,False
WillR14,WillR14_OB10_H5,0.0006650027189905288,576583,4.695372643259789,True
WillR14,WillR14_OS70_H10,0.086826358261578,1302766,2.3070454703484327,False
WillR14,WillR14_OB10_H10,0.0025901142408079336,565190,13.629165864319805,True
WillR14,WillR14_OS70_H15,0.08976012633797725,1294015,2.4362435014478883,False
WillR14,WillR14_OB10_H15,0.0057049090878983945,555681,21.68188714028922,True
WillR21,WillR21_OS90_H1,0.13539637548273784,472364,1.0233143198242052,False
WillR21,WillR21_OB30_H1,4.739099883065074e-05,1406196,1.289440760391003,False
WillR21,WillR21_OS90_H3,0.05913331259586005,470128,1.112001288339964,False
WillR21,WillR21_OB30_H3,0.0005972646525887209,1400098,9.311193369130114,True
WillR21,WillR21_OS90_H5,0.19548364152680067,468344,1.360103459772143,False
WillR21,WillR21_OB30_H5,0.0013020389885512467,1392206,15.260844290561872,True
WillR21,WillR21_OS90_H10,0.22544415779231325,464761,2.1370371536640334,False
WillR21,WillR21_OB30_H10,0.003426856130181584,1370776,28.81029797119145,True
WillR21,WillR21_OS90_H15,0.22565778767307051,461847,2.1860312920741616,False
WillR21,WillR21_OB30_H15,0.0057562737918190965,1351082,36.584141270581476,True
WillR21,WillR21_OS90_H1,0.13539637548273784,472364,1.0233143198242052,False
WillR21,WillR21_OB20_H1,-5.388711765622005e-05,1005930,-1.2194071183265245,False
WillR21,WillR21_OS90_H3,0.05913331259586005,470128,1.112001288339964,False
WillR21,WillR21_OB20_H3,0.000477815740760518,1002305,6.226257984024033,True
WillR21,WillR21_OS90_H5,0.19548364152680067,468344,1.360103459772143,False
WillR21,WillR21_OB20_H5,0.0011076801521491613,996705,10.815926147693581,True
WillR21,WillR21_OS90_H10,0.22544415779231325,464761,2.1370371536640334,False
WillR21,WillR21_OB20_H10,0.00318546202941876,980202,23.13338687102111,True
WillR21,WillR21_OS90_H15,0.22565778767307051,461847,2.1860312920741616,False
WillR21,WillR21_OB20_H15,0.005613580579913025,965695,29.927965055856234,True
WillR21,WillR21_OS90_H1,0.13539637548273784,472364,1.0233143198242052,False
WillR21,WillR21_OB10_H1,-0.00025869053715249913,562584,-4.143317126214904,True
WillR21,WillR21_OS90_H3,0.05913331259586005,470128,1.112001288339964,False
WillR21,WillR21_OB10_H3,0.0002963947583972895,561112,2.8070742536870434,False
WillR21,WillR21_OS90_H5,0.19548364152680067,468344,1.360103459772143,False
WillR21,WillR21_OB10_H5,0.0008467077083272808,558420,5.86834858543541,True
WillR21,WillR21_OS90_H10,0.22544415779231325,464761,2.1370371536640334,False
WillR21,WillR21_OB10_H10,0.0027255782235851003,548810,14.612025807490662,True
WillR21,WillR21_OS90_H15,0.22565778767307051,461847,2.1860312920741616,False
WillR21,WillR21_OB10_H15,0.005475101743702429,540854,20.9655944723407,True
WillR21,WillR21_OS80_H1,0.07222543954323955,896473,1.0359825533406133,False
WillR21,WillR21_OB30_H1,4.739099883065074e-05,1406196,1.289440760391003,False
WillR21,WillR21_OS80_H3,0.03331434879229713,892671,1.1895301329377577,False
WillR21,WillR21_OB30_H3,0.0005972646525887209,1400098,9.311193369130114,True
WillR21,WillR21_OS80_H5,0.10625096564601857,889468,1.4039707237748669,False
WillR21,WillR21_OB30_H5,0.0013020389885512467,1392206,15.260844290561872,True
WillR21,WillR21_OS80_H10,0.12423760956380286,882603,2.2364335214150524,False
WillR21,WillR21_OB30_H10,0.003426856130181584,1370776,28.81029797119145,True
WillR21,WillR21_OS80_H15,0.12638322269257793,876261,2.3228564412960813,False
WillR21,WillR21_OB30_H15,0.0057562737918190965,1351082,36.584141270581476,True
WillR21,WillR21_OS80_H1,0.07222543954323955,896473,1.0359825533406133,False
WillR21,WillR21_OB20_H1,-5.388711765622005e-05,1005930,-1.2194071183265245,False
WillR21,WillR21_OS80_H3,0.03331434879229713,892671,1.1895301329377577,False
WillR21,WillR21_OB20_H3,0.000477815740760518,1002305,6.226257984024033,True
WillR21,WillR21_OS80_H5,0.10625096564601857,889468,1.4039707237748669,False
WillR21,WillR21_OB20_H5,0.0011076801521491613,996705,10.815926147693581,True
WillR21,WillR21_OS80_H10,0.12423760956380286,882603,2.2364335214150524,False
WillR21,WillR21_OB20_H10,0.00318546202941876,980202,23.13338687102111,True
WillR21,WillR21_OS80_H15,0.12638322269257793,876261,2.3228564412960813,False
WillR21,WillR21_OB20_H15,0.005613580579913025,965695,29.927965055856234,True
WillR21,WillR21_OS80_H1,0.07222543954323955,896473,1.0359825533406133,False
WillR21,WillR21_OB10_H1,-0.00025869053715249913,562584,-4.143317126214904,True
WillR21,WillR21_OS80_H3,0.03331434879229713,892671,1.1895301329377577,False
WillR21,WillR21_OB10_H3,0.0002963947583972895,561112,2.8070742536870434,False
WillR21,WillR21_OS80_H5,0.10625096564601857,889468,1.4039707237748669,False
WillR21,WillR21_OB10_H5,0.0008467077083272808,558420,5.86834858543541,True
WillR21,WillR21_OS80_H10,0.12423760956380286,882603,2.2364335214150524,False
WillR21,WillR21_OB10_H10,0.0027255782235851003,548810,14.612025807490662,True
WillR21,WillR21_OS80_H15,0.12638322269257793,876261,2.3228564412960813,False
WillR21,WillR21_OB10_H15,0.005475101743702429,540854,20.9655944723407,True
WillR21,WillR21_OS70_H1,0.05045450056658119,1291657,1.0427304554131844,False
WillR21,WillR21_OB30_H1,4.739099883065074e-05,1406196,1.289440760391003,False
WillR21,WillR21_OS70_H3,0.023925045860301787,1286184,1.2308543899936795,False
WillR21,WillR21_OB30_H3,0.0005972646525887209,1400098,9.311193369130114,True
WillR21,WillR21_OS70_H5,0.07499604202127458,1281621,1.427881932379437,False
WillR21,WillR21_OB30_H5,0.0013020389885512467,1392206,15.260844290561872,True
WillR21,WillR21_OS70_H10,0.08857922186461253,1271112,2.296416548541324,False
WillR21,WillR21_OB30_H10,0.003426856130181584,1370776,28.81029797119145,True
WillR21,WillR21_OS70_H15,0.09124097106428411,1260805,2.4128670512915136,False
WillR21,WillR21_OB30_H15,0.0057562737918190965,1351082,36.584141270581476,True
WillR21,WillR21_OS70_H1,0.05045450056658119,1291657,1.0427304554131844,False
WillR21,WillR21_OB20_H1,-5.388711765622005e-05,1005930,-1.2194071183265245,False
WillR21,WillR21_OS70_H3,0.023925045860301787,1286184,1.2308543899936795,False
WillR21,WillR21_OB20_H3,0.000477815740760518,1002305,6.226257984024033,True
WillR21,WillR21_OS70_H5,0.07499604202127458,1281621,1.427881932379437,False
WillR21,WillR21_OB20_H5,0.0011076801521491613,996705,10.815926147693581,True
WillR21,WillR21_OS70_H10,0.08857922186461253,1271112,2.296416548541324,False
WillR21,WillR21_OB20_H10,0.00318546202941876,980202,23.13338687102111,True
WillR21,WillR21_OS70_H15,0.09124097106428411,1260805,2.4128670512915136,False
WillR21,WillR21_OB20_H15,0.005613580579913025,965695,29.927965055856234,True
WillR21,WillR21_OS70_H1,0.05045450056658119,1291657,1.0427304554131844,False
WillR21,WillR21_OB10_H1,-0.00025869053715249913,562584,-4.143317126214904,True
WillR21,WillR21_OS70_H3,0.023925045860301787,1286184,1.2308543899936795,False
WillR21,WillR21_OB10_H3,0.0002963947583972895,561112,2.8070742536870434,False
WillR21,WillR21_OS70_H5,0.07499604202127458,1281621,1.427881932379437,False
WillR21,WillR21_OB10_H5,0.0008467077083272808,558420,5.86834858543541,True
WillR21,WillR21_OS70_H10,0.08857922186461253,1271112,2.296416548541324,False
WillR21,WillR21_OB10_H10,0.0027255782235851003,548810,14.612025807490662,True
WillR21,WillR21_OS70_H15,0.09124097106428411,1260805,2.4128670512915136,False
WillR21,WillR21_OB10_H15,0.005475101743702429,540854,20.9655944723407,True
WillR28,WillR28_OS90_H1,0.13669885239874202,467430,1.0223666860757186,False
WillR28,WillR28_OB30_H1,0.00010577424828397691,1388616,2.946553810453883,False
WillR28,WillR28_OS90_H3,0.05963280737932039,464999,1.1091590063466579,False
WillR28,WillR28_OB30_H3,0.000662956663343597,1382710,10.683934888721792,True
WillR28,WillR28_OS90_H5,0.19736882579089585,463072,1.357761845530064,False
WillR28,WillR28_OB30_H5,0.0013519648771860003,1375170,16.32633564509112,True
WillR28,WillR28_OS90_H10,0.22758232765405248,459344,2.1321613786113196,False
WillR28,WillR28_OB30_H10,0.003406514430242565,1356026,29.909058462578123,True
WillR28,WillR28_OS90_H15,0.2271461340656105,455838,2.171821881201359,False
WillR28,WillR28_OB30_H15,0.005486988860963687,1339407,36.98944397835904,True
WillR28,WillR28_OS90_H1,0.13669885239874202,467430,1.0223666860757186,False
WillR28,WillR28_OB20_H1,-8.930020004833074e-06,989630,-0.20536484180552503,False
WillR28,WillR28_OS90_H3,0.05963280737932039,464999,1.1091590063466579,False
WillR28,WillR28_OB20_H3,0.0004283507423978632,986056,5.865509052942408,True
WillR28,WillR28_OS90_H5,0.19736882579089585,463072,1.357761845530064,False
WillR28,WillR28_OB20_H5,0.0009728817333963766,980645,10.045391689627294,True
WillR28,WillR28_OS90_H10,0.22758232765405248,459344,2.1321613786113196,False
WillR28,WillR28_OB20_H10,0.0030542328329109902,966345,22.881068968575175,True
WillR28,WillR28_OS90_H15,0.2271461340656105,455838,2.171821881201359,False
WillR28,WillR28_OB20_H15,0.005231765371554787,954578,29.984408515610223,True
WillR28,WillR28_OS90_H1,0.13669885239874202,467430,1.0223666860757186,False
WillR28,WillR28_OB10_H1,-0.00016318724045171433,549732,-2.6028875197627537,False
WillR28,WillR28_OS90_H3,0.05963280737932039,464999,1.1091590063466579,False
WillR28,WillR28_OB10_H3,0.00023032889396354828,548293,2.2414678727137534,False
WillR28,WillR28_OS90_H5,0.19736882579089585,463072,1.357761845530064,False
WillR28,WillR28_OB10_H5,0.0005881624038611857,545654,4.334632075940794,True
WillR28,WillR28_OS90_H10,0.22758232765405248,459344,2.1321613786113196,False
WillR28,WillR28_OB10_H10,0.002397549914690389,537401,13.478102507894333,True
WillR28,WillR28_OS90_H15,0.2271461340656105,455838,2.171821881201359,False
WillR28,WillR28_OB10_H15,0.005225252983080573,531163,21.07414349532822,True
WillR28,WillR28_OS80_H1,0.07303469655170691,884849,1.0340068670661997,False
WillR28,WillR28_OB30_H1,0.00010577424828397691,1388616,2.946553810453883,False
WillR28,WillR28_OS80_H3,0.03348166780986821,880781,1.1795790695737385,False
WillR28,WillR28_OB30_H3,0.000662956663343597,1382710,10.683934888721792,True
WillR28,WillR28_OS80_H5,0.10734345759358487,877311,1.3990198053271583,False
WillR28,WillR28_OB30_H5,0.0013519648771860003,1375170,16.32633564509112,True
WillR28,WillR28_OS80_H10,0.12537033273542791,869797,2.2240786929390155,False
WillR28,WillR28_OB30_H10,0.003406514430242565,1356026,29.909058462578123,True
WillR28,WillR28_OS80_H15,0.1270816737655829,861862,2.2973121848919287,False
WillR28,WillR28_OB30_H15,0.005486988860963687,1339407,36.98944397835904,True
WillR28,WillR28_OS80_H1,0.07303469655170691,884849,1.0340068670661997,False
WillR28,WillR28_OB20_H1,-8.930020004833074e-06,989630,-0.20536484180552503,False
WillR28,WillR28_OS80_H3,0.03348166780986821,880781,1.1795790695737385,False
WillR28,WillR28_OB20_H3,0.0004283507423978632,986056,5.865509052942408,True
WillR28,WillR28_OS80_H5,0.10734345759358487,877311,1.3990198053271583,False
WillR28,WillR28_OB20_H5,0.0009728817333963766,980645,10.045391689627294,True
WillR28,WillR28_OS80_H10,0.12537033273542791,869797,2.2240786929390155,False
WillR28,WillR28_OB20_H10,0.0030542328329109902,966345,22.881068968575175,True
WillR28,WillR28_OS80_H15,0.1270816737655829,861862,2.2973121848919287,False
WillR28,WillR28_OB20_H15,0.005231765371554787,954578,29.984408515610223,True
WillR28,WillR28_OS80_H1,0.07303469655170691,884849,1.0340068670661997,False
WillR28,WillR28_OB10_H1,-0.00016318724045171433,549732,-2.6028875197627537,False
WillR28,WillR28_OS80_H3,0.03348166780986821,880781,1.1795790695737385,False
WillR28,WillR28_OB10_H3,0.00023032889396354828,548293,2.2414678727137534,False
WillR28,WillR28_OS80_H5,0.10734345759358487,877311,1.3990198053271583,False
WillR28,WillR28_OB10_H5,0.0005881624038611857,545654,4.334632075940794,True
WillR28,WillR28_OS80_H10,0.12537033273542791,869797,2.2240786929390155,False
WillR28,WillR28_OB10_H10,0.002397549914690389,537401,13.478102507894333,True
WillR28,WillR28_OS80_H15,0.1270816737655829,861862,2.2973121848919287,False
WillR28,WillR28_OB10_H15,0.005225252983080573,531163,21.07414349532822,True
WillR28,WillR28_OS70_H1,0.05115792511856665,1270395,1.0398641071423451,False
WillR28,WillR28_OB30_H1,0.00010577424828397691,1388616,2.946553810453883,False
WillR28,WillR28_OS70_H3,0.02397977436359795,1264595,1.212960042302764,False
WillR28,WillR28_OB30_H3,0.000662956663343597,1382710,10.683934888721792,True
WillR28,WillR28_OS70_H5,0.07588358813653104,1259671,1.4200354182036958,False
WillR28,WillR28_OB30_H5,0.0013519648771860003,1375170,16.32633564509112,True
WillR28,WillR28_OS70_H10,0.08964287778564478,1247815,2.281394796422856,False
WillR28,WillR28_OB30_H10,0.003406514430242565,1356026,29.909058462578123,True
WillR28,WillR28_OS70_H15,0.0919515712126892,1235082,2.3820471442069393,False
WillR28,WillR28_OB30_H15,0.005486988860963687,1339407,36.98944397835904,True
WillR28,WillR28_OS70_H1,0.05115792511856665,1270395,1.0398641071423451,False
WillR28,WillR28_OB20_H1,-8.930020004833074e-06,989630,-0.20536484180552503,False
WillR28,WillR28_OS70_H3,0.02397977436359795,1264595,1.212960042302764,False
WillR28,WillR28_OB20_H3,0.0004283507423978632,986056,5.865509052942408,True
WillR28,WillR28_OS70_H5,0.07588358813653104,1259671,1.4200354182036958,False
WillR28,WillR28_OB20_H5,0.0009728817333963766,980645,10.045391689627294,True
WillR28,WillR28_OS70_H10,0.08964287778564478,1247815,2.281394796422856,False
WillR28,WillR28_OB20_H10,0.0030542328329109902,966345,22.881068968575175,True
WillR28,WillR28_OS70_H15,0.0919515712126892,1235082,2.3820471442069393,False
WillR28,WillR28_OB20_H15,0.005231765371554787,954578,29.984408515610223,True
WillR28,WillR28_OS70_H1,0.05115792511856665,1270395,1.0398641071423451,False
WillR28,WillR28_OB10_H1,-0.00016318724045171433,549732,-2.6028875197627537,False
WillR28,WillR28_OS70_H3,0.02397977436359795,1264595,1.212960042302764,False
WillR28,WillR28_OB10_H3,0.00023032889396354828,548293,2.2414678727137534,False
WillR28,WillR28_OS70_H5,0.07588358813653104,1259671,1.4200354182036958,False
WillR28,WillR28_OB10_H5,0.0005881624038611857,545654,4.334632075940794,True
WillR28,WillR28_OS70_H10,0.08964287778564478,1247815,2.281394796422856,False
WillR28,WillR28_OB10_H10,0.002397549914690389,537401,13.478102507894333,True
WillR28,WillR28_OS70_H15,0.0919515712126892,1235082,2.3820471442069393,False
WillR28,WillR28_OB10_H15,0.005225252983080573,531163,21.07414349532822,True
CCI10,CCI10_Below100_H1,0.0016516258820177742,784699,7.176552567973339,True
CCI10,CCI10_Above100_H1,0.00024004399061162927,896441,3.8241075805940774,True
CCI10,CCI10_Below100_H3,0.0037054685824891693,778379,12.052068815808584,True
CCI10,CCI10_Above100_H3,0.0009621990957926374,894283,8.83671830999859,True
CCI10,CCI10_Below100_H5,0.08642536840970286,774559,1.0710734839507705,False
CCI10,CCI10_Above100_H5,0.0010756038900830167,889659,7.892446205093289,True
CCI10,CCI10_Below100_H10,0.13068189969381105,768705,2.1651412241086505,False
CCI10,CCI10_Above100_H10,0.0024597160216563605,877386,13.55970725475001,True
CCI10,CCI10_Below100_H15,0.13173005424384335,765407,2.2466867751648167,False
CCI10,CCI10_Above100_H15,0.004749879635779478,864402,19.74448183289099,True
CCI10,CCI10_Below150_H1,0.0015485158139323203,278537,2.5428133071032906,False
CCI10,CCI10_Above150_H1,0.000395033187241542,309341,2.695307072278553,False
CCI10,CCI10_Below150_H3,0.004341929573993721,275762,5.58594508629399,True
CCI10,CCI10_Above150_H3,0.0012942671162666161,308846,5.977151631180495,True
CCI10,CCI10_Below150_H5,0.006367867394199868,274041,8.046388167796334,True
CCI10,CCI10_Above150_H5,0.0014366341947676217,307335,4.94337140586453,True
CCI10,CCI10_Below150_H10,0.10406582111962269,272309,1.1335229776178648,False
CCI10,CCI10_Above150_H10,0.0024099880114200863,302766,6.438326314942591,True
CCI10,CCI10_Below150_H15,0.11024383562287858,271169,1.1957659769820703,False
CCI10,CCI10_Above150_H15,0.004540277582629294,299541,9.015082713646688,True
CCI10,CCI10_Below200_H1,0.0005554304580058888,74927,0.784052020578123,False
CCI10,CCI10_Above200_H1,-0.00013781778621445518,81883,-0.35436357562020976,False
CCI10,CCI10_Below200_H3,0.005779639662310315,74287,3.053529611744254,True
CCI10,CCI10_Above200_H3,0.0019176842668719547,81764,2.991991750834138,False
CCI10,CCI10_Below200_H5,0.007156740501757141,73709,3.945088055521155,True
CCI10,CCI10_Above200_H5,0.0020118856187482754,81382,2.6370634223273792,False
CCI10,CCI10_Below200_H10,0.35609857335627104,73299,1.0440955554031162,False
CCI10,CCI10_Above200_H10,0.00218699997100869,80022,2.4787717970622167,False
CCI10,CCI10_Below200_H15,0.36552365096769984,72986,1.0671384382034306,False
CCI10,CCI10_Above200_H15,0.0039050640154366873,79349,3.6582675472423096,True
CCI14,CCI14_Below100_H1,0.08251233252561181,773448,1.0211160685904555,False
CCI14,CCI14_Above100_H1,0.00016933532086165087,916188,2.767969994610426,False
CCI14,CCI14_Below100_H3,0.036603845155439296,767804,1.1241763913752685,False
CCI14,CCI14_Above100_H3,0.0007436814368365214,913704,7.121523860678013,True
CCI14,CCI14_Below100_H5,0.12116881270014111,764708,1.376521371250157,False
CCI14,CCI14_Above100_H5,0.0008773994819282016,908851,6.564709264026882,True
CCI14,CCI14_Below100_H10,0.1087571563244584,760162,1.9601210870207741,False
CCI14,CCI14_Above100_H10,0.0026808018764078873,896614,12.610152809936343,True
CCI14,CCI14_Below100_H15,0.11061384789564775,756856,2.062311030337888,False
CCI14,CCI14_Above100_H15,0.005394697476241609,884392,21.5132962060245,True
CCI14,CCI14_Below150_H1,0.0018238883296723956,300831,3.242073004416988,True
CCI14,CCI14_Above150_H1,0.0002421890036851452,347065,1.7967193498740341,False
CCI14,CCI14_Below150_H3,0.005242970651048285,297906,7.23290630033523,True
CCI14,CCI14_Above150_H3,0.0010712597882164975,346351,4.902995436312075,True
CCI14,CCI14_Below150_H5,0.008201112513478678,296635,11.139656685498338,True
CCI14,CCI14_Above150_H5,0.0010551012277418643,344480,3.8771801243751693,True
CCI14,CCI14_Below150_H10,0.01407982478083493,295126,19.93625904711229,True
CCI14,CCI14_Above150_H10,0.002384786730497217,340657,6.710784423098284,True
CCI14,CCI14_Below150_H15,0.020974641526088203,293982,28.065537883046172,True
CCI14,CCI14_Above150_H15,0.004794036094189532,337251,9.86542668793632,True
CCI14,CCI14_Below200_H1,0.0022477793425720537,97288,1.3318401002991695,False
CCI14,CCI14_Above200_H1,6.280994142513688e-05,107591,0.18286301537687147,False
CCI14,CCI14_Below200_H3,0.008156524746039636,96211,3.8695602224311396,True
CCI14,CCI14_Above200_H3,0.0013144447019693447,107404,2.520891206228623,False
CCI14,CCI14_Below200_H5,0.010968836991271023,95767,5.197415785502587,True
CCI14,CCI14_Above200_H5,0.0017761978479001093,106891,2.815505125396901,False
CCI14,CCI14_Below200_H10,0.016204029896709295,95357,9.28532830454251,True
CCI14,CCI14_Above200_H10,0.0025427108569204414,105792,3.066955227245305,True
CCI14,CCI14_Below200_H15,0.02559639709800264,94977,14.334684005715445,True
CCI14,CCI14_Above200_H15,0.003964365740724928,104878,4.30378118213604,True
CCI20,CCI20_Below100_H1,0.0019438507108581742,750871,8.073422416582945,True
CCI20,CCI20_Above100_H1,5.208963135992356e-05,928666,0.8959998411819616,False
CCI20,CCI20_Below100_H3,0.004673822607455473,747364,14.425716722384085,True
CCI20,CCI20_Above100_H3,0.0005534695022082438,925849,5.590972759797319,True
CCI20,CCI20_Below100_H5,0.007159658771316256,744974,20.598878212482514,True
CCI20,CCI20_Above100_H5,0.0008750715281667009,920931,6.8504192494093585,True
CCI20,CCI20_Below100_H10,0.013316067819096044,740260,35.00397801589955,True
CCI20,CCI20_Above100_H10,0.0027509666312989377,908352,15.468859374539571,True
CCI20,CCI20_Below100_H15,0.01905834567549291,736872,45.165918246774865,True
CCI20,CCI20_Above100_H15,0.005196127281573909,895751,22.16687394246795,True
CCI20,CCI20_Below150_H1,0.0026657502138584485,301728,4.744015275283203,True
CCI20,CCI20_Above150_H1,3.8690859024941875e-05,370617,0.3148082750074639,False
CCI20,CCI20_Below150_H3,0.005756993618817043,300197,8.133347699592868,True
CCI20,CCI20_Above150_H3,0.0006378882876187641,369735,3.2189389695648463,True
CCI20,CCI20_Below150_H5,0.008486261781905376,299286,11.662569905250725,True
CCI20,CCI20_Above150_H5,0.0005632633533692066,368112,2.2790963777583424,False
CCI20,CCI20_Below150_H10,0.014672383577997042,297646,21.554744382553718,True
CCI20,CCI20_Above150_H10,0.002434185418381801,364303,7.445038565421385,True
CCI20,CCI20_Below150_H15,0.02267739771923031,296603,31.555315624206038,True
CCI20,CCI20_Above150_H15,0.004711479167829467,359905,10.496332496035125,True
CCI20,CCI20_Below200_H1,0.0036740623162832067,106238,2.4073858114170097,False
CCI20,CCI20_Above200_H1,-3.5195051293623647e-06,127491,-0.011822749377364572,False
CCI20,CCI20_Below200_H3,0.008891830075701226,105670,4.752938429683242,True
CCI20,CCI20_Above200_H3,0.0007125508100484299,127220,1.729056782627814,False
CCI20,CCI20_Below200_H5,0.012424314433267716,105350,6.537230247985628,True
CCI20,CCI20_Above200_H5,0.0006496177074817793,126698,1.3138718562573257,False
CCI20,CCI20_Below200_H10,0.01733935048625933,104844,10.919905472073427,True
CCI20,CCI20_Above200_H10,0.0025652090083464404,125582,3.5309991326074384,True
CCI20,CCI20_Below200_H15,0.02899694900500594,104491,18.06737174303812,True
CCI20,CCI20_Above200_H15,0.004287568869977901,124538,4.153950324008448,True
CCI30,CCI30_Below100_H1,0.002047817244439961,735381,8.346919941190123,True
CCI30,CCI30_Above100_H1,5.2952567361192076e-05,927717,0.9121359518746027,False
CCI30,CCI30_Below100_H3,0.004986923457197885,731983,15.511715685840713,True
CCI30,CCI30_Above100_H3,0.0004850665355010306,924224,4.933602776630849,True
CCI30,CCI30_Below100_H5,0.007677116795124005,729663,22.37651710107561,True
CCI30,CCI30_Above100_H5,0.0008354086357706098,918776,6.581877506419502,True
CCI30,CCI30_Below100_H10,0.014153518279140727,725305,39.09453832465526,True
CCI30,CCI30_Above100_H10,0.00260601049225908,906585,14.738151055458294,True
CCI30,CCI30_Below100_H15,0.019272141891735678,721231,44.512081755664525,True
CCI30,CCI30_Above100_H15,0.0047166699984737695,895984,21.204980313118025,True
CCI30,CCI30_Below150_H1,0.002075997308122022,303686,9.148874457676948,True
CCI30,CCI30_Above150_H1,1.628369118832217e-05,375318,0.13432165480312377,False
CCI30,CCI30_Below150_H3,0.005599878231481597,302374,18.934476643184418,True
CCI30,CCI30_Above150_H3,0.0006144221531394349,374162,3.0963881036175214,True
CCI30,CCI30_Below150_H5,0.008562276475272397,301588,25.580133535668,True
CCI30,CCI30_Above150_H5,0.0008202073008307151,371999,3.2787054665884265,True
CCI30,CCI30_Below150_H10,0.01591716730352437,300143,39.305300595819254,True
CCI30,CCI30_Above150_H10,0.002836120333287121,367155,8.361274019983343,True
CCI30,CCI30_Below150_H15,0.023413025426553023,299095,47.667939659469816,True
CCI30,CCI30_Above150_H15,0.004651117848932426,362783,10.367252597858625,True
CCI30,CCI30_Below200_H1,0.003809502759193476,113970,7.30434707583223,True
CCI30,CCI30_Above200_H1,-0.000304897051992658,135529,-1.085254651180058,False
CCI30,CCI30_Below200_H3,0.008315271267820437,113479,16.99031225959174,True
CCI30,CCI30_Above200_H3,0.0004997782637989924,135155,1.0895540027993784,False
CCI30,CCI30_Below200_H5,0.012033518879575976,113215,19.881821133990197,True
CCI30,CCI30_Above200_H5,0.0005755460724715001,134523,1.0264082604323501,False
CCI30,CCI30_Below200_H10,0.018720663510896338,112771,27.437595653157015,True
CCI30,CCI30_Above200_H10,0.003152272828489628,133135,4.2360460940227656,True
CCI30,CCI30_Below200_H15,0.029430785371424975,112487,33.32620587257086,True
CCI30,CCI30_Above200_H15,0.0033543718467274474,131810,4.07991374650648,True
ADX7,ADX7_Strong20_H1,0.0007753823694102893,3940291,14.737134106947279,True
ADX7,ADX7_Weak20_H1,0.0006685442576243309,281679,8.16013545122511,True
ADX7,ADX7_Bullish_H1,0.0004953593326856512,2269918,12.54220022396792,True
ADX7,ADX7_Strong20_H5,0.023385837872313752,3904306,1.4205508970174223,False
ADX7,ADX7_Weak20_H5,0.00317987609679006,280040,9.126898132112231,True
ADX7,ADX7_Bullish_H5,0.002176786477281206,2250360,17.593012414790127,True
ADX7,ADX7_Strong20_H10,0.049688612572306445,3859612,2.893947473443987,False
ADX7,ADX7_Weak20_H10,0.00589036016174173,277779,11.041274582527729,True
ADX7,ADX7_Bullish_H10,0.004267016775062084,2220933,24.795439598858554,True
ADX7,ADX7_Strong20_H20,0.07844951005449298,3770210,4.428368688376056,True
ADX7,ADX7_Weak20_H20,0.009404657108683937,273277,18.18069579725257,True
ADX7,ADX7_Bullish_H20,0.02115514448656699,2167317,2.592940732594893,False
ADX7,ADX7_Strong25_H1,0.0007762263487156228,3642584,13.966086698574685,True
ADX7,ADX7_Weak25_H1,0.0007181594968544677,579389,8.280342470036496,True
ADX7,ADX7_Bullish_H1,0.0004953593326856512,2269918,12.54220022396792,True
ADX7,ADX7_Strong25_H5,0.0250532675047645,3608957,1.406717229773116,False
ADX7,ADX7_Weak25_H5,0.0030931070543337275,575392,11.751563307109363,True
ADX7,ADX7_Bullish_H5,0.002176786477281206,2250360,17.593012414790127,True
ADX7,ADX7_Strong25_H10,0.05331633192628717,3566728,2.8696006594277548,False
ADX7,ADX7_Weak25_H10,0.005695519836639386,570666,15.611216972195557,True
ADX7,ADX7_Bullish_H10,0.004267016775062084,2220933,24.795439598858554,True
ADX7,ADX7_Strong25_H20,0.08400656821734864,3482335,4.379989776131583,True
ADX7,ADX7_Weak25_H20,0.010339900333793851,561155,27.17229342355095,True
ADX7,ADX7_Bullish_H20,0.02115514448656699,2167317,2.592940732594893,False
ADX7,ADX7_Strong30_H1,0.0007884950998956972,3276433,13.112376776114573,True
ADX7,ADX7_Weak30_H1,0.0006981194857283079,945538,9.634926231906483,True
ADX7,ADX7_Bullish_H1,0.0004953593326856512,2269918,12.54220022396792,True
ADX7,ADX7_Strong30_H5,0.027482061622745864,3246127,1.387960497664184,False
ADX7,ADX7_Weak30_H5,0.003182263391771003,938220,13.009292791790434,True
ADX7,ADX7_Bullish_H5,0.002176786477281206,2250360,17.593012414790127,True
ADX7,ADX7_Strong30_H10,0.04102053931236863,3207075,2.66845727446735,False
ADX7,ADX7_Weak30_H10,0.06649244518418211,930317,1.3968737292855742,False
ADX7,ADX7_Bullish_H10,0.004267016775062084,2220933,24.795439598858554,True
ADX7,ADX7_Strong30_H20,0.08049347014032966,3129224,4.019513256034145,True
ADX7,ADX7_Weak30_H20,0.050815672205785305,914264,2.010368671616179,False
ADX7,ADX7_Bullish_H20,0.02115514448656699,2167317,2.592940732594893,False
ADX7,ADX7_Strong40_H1,0.0008184106126518205,2459348,17.607656799684563,True
ADX7,ADX7_Weak40_H1,0.0006983317638726226,1762610,7.054393227239678,True
ADX7,ADX7_Bullish_H1,0.0004953593326856512,2269918,12.54220022396792,True
ADX7,ADX7_Strong40_H5,0.03547015815336855,2436790,1.34476263969461,False
ADX7,ADX7_Weak40_H5,0.0032979475977010057,1747544,18.925635143193034,True
ADX7,ADX7_Bullish_H5,0.002176786477281206,2250360,17.593012414790127,True
ADX7,ADX7_Strong40_H10,0.05259995072182373,2405973,2.567029781775571,False
ADX7,ADX7_Weak40_H10,0.03861708086238216,1731406,1.5098230129758097,False
ADX7,ADX7_Bullish_H10,0.004267016775062084,2220933,24.795439598858554,True
ADX7,ADX7_Strong40_H20,0.1031246897422096,2345874,3.860553611071952,True
ADX7,ADX7_Weak40_H20,0.03323863400592428,1697601,2.441417652220712,False
ADX7,ADX7_Bullish_H20,0.02115514448656699,2167317,2.592940732594893,False
ADX14,ADX14_Strong20_H1,0.02015847227734195,3245476,1.0467927005767412,False
ADX14,ADX14_Weak20_H1,0.0004455824916497206,853839,7.653915112625811,True
ADX14,ADX14_Bullish_H1,0.0003831137591641298,2291211,9.464137893769779,True
ADX14,ADX14_Strong20_H5,0.046170256803210505,3214746,2.0365427590335416,False
ADX14,ADX14_Weak20_H5,0.0021726413776180648,846880,18.971324682058626,True
ADX14,ADX14_Bullish_H5,0.001753394440207662,2267293,14.356281854069978,True
ADX14,ADX14_Strong20_H10,0.07664925944658142,3177221,3.3038629499005148,True
ADX14,ADX14_Weak20_H10,0.004758580429755775,837288,28.479992326406595,True
ADX14,ADX14_Bullish_H10,0.004536381586117783,2234426,29.178949891943663,True
ADX14,ADX14_Strong20_H20,0.12985797124049103,3101528,4.194767635562331,True
ADX14,ADX14_Weak20_H20,0.010304886457003254,818666,43.95230417602625,True
ADX14,ADX14_Bullish_H20,0.009848331969037864,2190311,50.15616364236489,True
ADX14,ADX14_Strong25_H1,0.024294322509241326,2677292,1.040699423915388,False
ADX14,ADX14_Weak25_H1,0.0005353629177971498,1422023,11.341943096323376,True
ADX14,ADX14_Bullish_H1,0.0003831137591641298,2291211,9.464137893769779,True
ADX14,ADX14_Strong25_H5,0.055203068297577346,2652430,2.0090575915658886,False
ADX14,ADX14_Weak25_H5,0.002727328535156011,1409196,24.477441663286534,True
ADX14,ADX14_Bullish_H5,0.001753394440207662,2267293,14.356281854069978,True
ADX14,ADX14_Strong25_H10,0.09150130134503731,2622770,3.255780610904825,True
ADX14,ADX14_Weak25_H10,0.005409829652163867,1391739,36.69593906448264,True
ADX14,ADX14_Bullish_H10,0.004536381586117783,2234426,29.178949891943663,True
ADX14,ADX14_Strong25_H20,0.15460594969475308,2561897,4.125272635815496,True
ADX14,ADX14_Weak25_H20,0.01112413212769232,1358297,53.63403719545233,True
ADX14,ADX14_Bullish_H20,0.009848331969037864,2190311,50.15616364236489,True
ADX14,ADX14_Strong30_H1,0.030486108724957047,2121424,1.0347952497495008,False
ADX14,ADX14_Weak30_H1,0.0005714832301761314,1977890,12.957630476600205,True
ADX14,ADX14_Bullish_H1,0.0003831137591641298,2291211,9.464137893769779,True
ADX14,ADX14_Strong30_H5,0.0616773069108402,2102815,1.8184844840212095,False
ADX14,ADX14_Weak30_H5,0.010501196530164979,1958810,1.3713112726913086,False
ADX14,ADX14_Bullish_H5,0.001753394440207662,2267293,14.356281854069978,True
ADX14,ADX14_Strong30_H10,0.10563277840033086,2080758,3.0611374100481696,True
ADX14,ADX14_Weak30_H10,0.014334784910293757,1933750,1.663112483704854,False
ADX14,ADX14_Bullish_H10,0.004536381586117783,2234426,29.178949891943663,True
ADX14,ADX14_Strong30_H20,0.18418482976474404,2033157,3.947514569817253,True
ADX14,ADX14_Weak30_H20,0.019457984941352244,1887036,2.4776288659024273,False
ADX14,ADX14_Bullish_H20,0.009848331969037864,2190311,50.15616364236489,True
ADX14,ADX14_Strong40_H1,0.053230482976625075,1197605,1.0200007415558334,False
ADX14,ADX14_Weak40_H1,0.0007082726478241929,2901709,10.976929703717767,True
ADX14,ADX14_Bullish_H1,0.0003831137591641298,2291211,9.464137893769779,True
ADX14,ADX14_Strong40_H5,0.03960868043055897,1188224,1.566407915556101,False
ADX14,ADX14_Weak40_H5,0.03591615135202164,2873401,1.5542451665777397,False
ADX14,ADX14_Bullish_H5,0.001753394440207662,2267293,14.356281854069978,True
ADX14,ADX14_Strong40_H10,0.12398092662935363,1177085,2.4229161277596822,False
ADX14,ADX14_Weak40_H10,0.03579937676457954,2837423,2.39055825294242,False
ADX14,ADX14_Bullish_H10,0.004536381586117783,2234426,29.178949891943663,True
ADX14,ADX14_Strong40_H20,0.2703311955474043,1149953,3.4834408890955566,True
ADX14,ADX14_Weak40_H20,0.03621517438505786,2770240,2.8323004753256047,False
ADX14,ADX14_Bullish_H20,0.009848331969037864,2190311,50.15616364236489,True
ADX21,ADX21_Strong20_H1,0.02468437307208284,2613628,1.0322640113473656,False
ADX21,ADX21_Weak20_H1,0.0007706573455849257,1356723,13.110495228008872,True
ADX21,ADX21_Bullish_H1,0.00045727296253468834,2283554,10.778406115096441,True
ADX21,ADX21_Strong20_H5,0.055663067566264504,2590649,1.978614486280869,False
ADX21,ADX21_Weak20_H5,0.003503723616466302,1341948,28.40050288850396,True
ADX21,ADX21_Bullish_H5,0.0022891977159878846,2261668,24.533126690041083,True
ADX21,ADX21_Strong20_H10,0.09216436288083958,2562631,3.2041814721110358,True
ADX21,ADX21_Weak20_H10,0.006498015587490729,1322775,40.724978720441094,True
ADX21,ADX21_Bullish_H10,0.004987034852706758,2234331,35.604314547960946,True
ADX21,ADX21_Strong20_H20,0.15679301450526217,2506420,4.09303519483055,True
ADX21,ADX21_Weak20_H20,0.011112834185514486,1284607,51.21356224939776,True
ADX21,ADX21_Bullish_H20,0.009962438458269416,2195884,50.94955954656242,True
ADX21,ADX21_Strong25_H1,0.03253124464775922,1969732,1.0252571570374631,False
ADX21,ADX21_Weak25_H1,0.0007415219217021138,2000620,16.826935715788743,True
ADX21,ADX21_Bullish_H1,0.00045727296253468834,2283554,10.778406115096441,True
ADX21,ADX21_Strong25_H5,0.07279119338614415,1952698,1.9502933098806945,False
ADX21,ADX21_Weak25_H5,0.0034172942157389527,1979900,34.30348902837179,True
ADX21,ADX21_Bullish_H5,0.0022891977159878846,2261668,24.533126690041083,True
ADX21,ADX21_Strong25_H10,0.12004148783114567,1931772,3.1459851170224504,True
ADX21,ADX21_Weak25_H10,0.006595934050398608,1953635,47.132116885906285,True
ADX21,ADX21_Bullish_H10,0.004987034852706758,2234331,35.604314547960946,True
ADX21,ADX21_Strong25_H20,0.2038855952133048,1890537,4.014564308700352,True
ADX21,ADX21_Weak25_H20,0.01147677651883384,1900491,58.90889587207028,True
ADX21,ADX21_Bullish_H20,0.009962438458269416,2195884,50.94955954656242,True
ADX21,ADX21_Strong30_H1,0.044827323071334496,1419474,1.0181116323070838,False
ADX21,ADX21_Weak30_H1,0.0007566483305576698,2550878,18.658439432212678,True
ADX21,ADX21_Bullish_H1,0.00045727296253468834,2283554,10.778406115096441,True
ADX21,ADX21_Strong30_H5,0.09968955089412658,1407181,1.9248026069930049,False
ADX21,ADX21_Weak30_H5,0.003414832736031541,2525417,38.318811395182905,True
ADX21,ADX21_Bullish_H5,0.0022891977159878846,2261668,24.533126690041083,True
ADX21,ADX21_Strong30_H10,0.16401067168747016,1391663,3.096540651132038,True
ADX21,ADX21_Weak30_H10,0.006629088333244555,2493744,53.49296556454324,True
ADX21,ADX21_Bullish_H10,0.004987034852706758,2234331,35.604314547960946,True
ADX21,ADX21_Strong30_H20,0.2786786963266481,1361603,3.95204925571918,True
ADX21,ADX21_Weak30_H20,0.011449220719461533,2429425,67.35507062765967,True
ADX21,ADX21_Bullish_H20,0.009962438458269416,2195884,50.94955954656242,True
ADX21,ADX21_Strong40_H1,0.0957546848798592,658683,1.0091642276143173,False
ADX21,ADX21_Weak40_H1,0.0007516916904423276,3311669,20.70777885328986,True
ADX21,ADX21_Bullish_H1,0.00045727296253468834,2283554,10.778406115096441,True
ADX21,ADX21_Strong40_H5,0.21083558079912967,652941,1.8888857485724189,False
ADX21,ADX21_Weak40_H5,0.003427774184286338,3279657,42.33499315633484,True
ADX21,ADX21_Bullish_H5,0.0022891977159878846,2261668,24.533126690041083,True
ADX21,ADX21_Strong40_H10,0.34618543910997385,645325,3.0308259643934097,True
ADX21,ADX21_Weak40_H10,0.006597584306648583,3240082,57.5433029127233,True
ADX21,ADX21_Bullish_H10,0.004987034852706758,2234331,35.604314547960946,True
ADX21,ADX21_Strong40_H20,0.5879170777858668,630396,3.860138539305565,True
ADX21,ADX21_Weak40_H20,0.011593946347734063,3160632,67.97235705835855,True
ADX21,ADX21_Bullish_H20,0.009962438458269416,2195884,50.94955954656242,True
COMBO,COMBO_RSI30_MACDup_H5,0.014352660353531688,1307,1.7441521096776338,False
COMBO,COMBO_RSI30_WillR80_H5,0.011815079796433887,344000,20.128297239229422,True
COMBO,COMBO_StrongTrend_Pullback_H5,0.00877972738147727,720020,24.991535957684263,True
COMBO,COMBO_LowVol_MACDpos_H5,0.000829059125441685,863922,29.985877457137146,True
COMBO,COMBO_CCI100_RSI30_H5,0.0124819084624657,253971,17.144025424391064,True
COMBO,COMBO_MACD_ADX_BestMo_H5,0.004986994264447033,507255,37.77601821684267,True
COMBO,COMBO_Triple_Oversold_H5,0.010087279603944736,458082,19.72984394388289,True
COMBO,COMBO_RSI30_MACDup_H10,0.026109658727119654,1296,2.3354426209551424,False
COMBO,COMBO_RSI30_WillR80_H10,0.019185006473194793,342451,25.889227833202966,True
COMBO,COMBO_StrongTrend_Pullback_H10,0.015111126868624982,716178,33.716969144571756,True
COMBO,COMBO_LowVol_MACDpos_H10,0.0021096763969268278,854736,30.82667319817304,True
COMBO,COMBO_CCI100_RSI30_H10,0.02011050328817158,252969,22.620080867187458,True
COMBO,COMBO_MACD_ADX_BestMo_H10,0.0124354231494331,507255,54.11813762574106,True
COMBO,COMBO_Triple_Oversold_H10,0.01749168741567457,456019,28.148922042199594,True
COMBO,COMBO_RSI30_MACDup_H20,0.01828637258729436,1242,1.255215266600203,False
COMBO,COMBO_RSI30_WillR80_H20,0.024974900954726428,333976,17.821060644505263,True
COMBO,COMBO_StrongTrend_Pullback_H20,0.01871884375539067,696909,25.151620568106658,True
COMBO,COMBO_LowVol_MACDpos_H20,0.005284468159970052,838221,43.66498090183596,True
COMBO,COMBO_CCI100_RSI30_H20,0.02404547194702212,247170,20.776373804664257,True
COMBO,COMBO_MACD_ADX_BestMo_H20,0.02827556267530439,507255,68.77309467930912,True
COMBO,COMBO_Triple_Oversold_H20,0.02228051972429324,445606,27.58202388454586,True
OBV,OBV_AboveMA_H1,0.00045346629515708955,2266033,5.768491710432291,True
OBV,OBV_BelowMA_H1,0.030814457726786173,2106411,1.0385415634346922,False
OBV,OBV_BearishDiv_H1,-0.00010138551154650117,111784,-0.6307241329072922,False
OBV,OBV_BullishDiv_H1,0.00362547735270944,182118,3.968333768677368,True
OBV,OBV_AboveMA_H5,0.051494464305954425,2243925,1.6878599044331142,False
OBV,OBV_BelowMA_H5,0.016620481762338556,2090515,1.3898046785992741,False
OBV,OBV_BearishDiv_H5,0.0038945435861745107,110568,7.371204385619775,True
OBV,OBV_BullishDiv_H5,0.3550280366471595,180748,1.0267370172323425,False
OBV,OBV_AboveMA_H10,0.09358374840020763,2213954,2.958563590508931,False
OBV,OBV_BelowMA_H10,0.019531256647314893,2072981,1.760212505573015,False
OBV,OBV_BearishDiv_H10,0.008479013679569627,109289,10.33168595259833,True
OBV,OBV_BullishDiv_H10,0.43478418025276827,178994,1.7973041473913185,False
OBV,OBV_AboveMA_H20,0.12060642413423822,2163860,4.139485397684617,True
OBV,OBV_BelowMA_H20,0.07570286711397922,2028065,2.1201069735917986,False
OBV,OBV_BearishDiv_H20,0.01650120224793271,107427,15.445586960008072,True
OBV,OBV_BullishDiv_H20,0.4063376508680806,174068,1.8373714058723047,False
