strategy,lookback,threshold,hold,direction,n_tickers,avg_net,win_rate,t_stat,p_value
ZScore60_BUY2.0_H3,60,-2.0,3,buy_oversold,906,0.01007005527762553,0.7902869757174393,14.39231076587401,1.9184431946925198e-42
ZScore30_BUY1.5_H15,30,-1.5,15,buy_oversold,977,0.022237856836794637,0.8116683725690891,14.273049183578328,4.071681693025758e-42
ZScore60_BUY2.0_H5,60,-2.0,5,buy_oversold,906,0.014838731039289193,0.8035320088300221,13.977790989609705,2.4115503342812713e-40
ZScore60_BUY1.5_H10,60,-1.5,10,buy_oversold,946,0.019588737980347937,0.8012684989429175,13.906069489260252,3.916136511251606e-40
ZScore20_BUY2.0_H15,20,-2.0,15,buy_oversold,952,0.02274928587820419,0.7983193277310925,13.897742162025098,4.10677948286522e-40
ZScore20_BUY1.5_H15,20,-1.5,15,buy_oversold,985,0.019352048981151754,0.8040609137055837,13.645773479042605,5.895054296308514e-39
ZScore60_BUY2.0_H10,60,-2.0,10,buy_oversold,906,0.024076473923227537,0.8024282560706402,13.57852955041164,2.3299951305441257e-38
ZScore30_BUY2.0_H15,30,-2.0,15,buy_oversold,945,0.026953801147805694,0.7936507936507936,13.564260816067044,2.0166247167612744e-38
ZScore30_BUY1.5_H10,30,-1.5,10,buy_oversold,977,0.015322923623948976,0.7952917093142272,13.53317754449571,2.27705219975699e-38
ZScore90_BUY1.5_H10,90,-1.5,10,buy_oversold,910,0.0226906229070661,0.7824175824175824,13.23026088365383,1.135742729734327e-36
ZScore60_BUY2.0_H2,60,-2.0,2,buy_oversold,906,0.006448300497046436,0.7505518763796909,12.687936955051269,4.5464501306892225e-34
ZScore60_BUY1.5_H3,60,-1.5,3,buy_oversold,946,0.007123160697493528,0.7864693446088795,12.623263223136608,7.178078837092165e-34
ZScore60_BUY1.5_H5,60,-1.5,5,buy_oversold,946,0.011222241119411258,0.7843551797040169,12.574373540536273,1.2202944126260755e-33
ZScore90_BUY1.5_H5,90,-1.5,5,buy_oversold,911,0.012626605325394627,0.7497255762897914,12.472169380405854,4.5103870282689165e-33
ZScore30_BUY2.0_H10,30,-2.0,10,buy_oversold,945,0.018561938399538867,0.7925925925925926,12.398664442329778,8.164106190092877e-33
ZScore30_BUY1.5_H5,30,-1.5,5,buy_oversold,977,0.009048216650566978,0.7993858751279427,12.372176852054274,9.158330153935613e-33
ZScore10_BUY1.5_H10,10,-1.5,10,buy_oversold,992,0.010532477193828505,0.7953629032258065,12.119078295073836,1.275463080724276e-31
ZScore90_BUY1.5_H3,90,-1.5,3,buy_oversold,911,0.007772705016764576,0.7552140504939627,12.084044876309196,2.7621003852768293e-31
ZScore30_BUY2.5_H15,30,-2.5,15,buy_oversold,762,0.028778743257890795,0.8202099737532809,12.060288668720757,8.972506297882618e-31
ZScore10_BUY1.5_H15,10,-1.5,15,buy_oversold,992,0.015072931064948617,0.8215725806451613,11.968688897771939,6.25907587336871e-31
ZScore90_BUY2.0_H5,90,-2.0,5,buy_oversold,827,0.017540410680372882,0.7908101571946796,11.847681983606725,5.107321442697104e-30
ZScore60_BUY1.5_H2,60,-1.5,2,buy_oversold,946,0.004511951804422456,0.7568710359408034,11.834283644247368,3.1413911749964773e-30
ZScore30_BUY1.5_H3,30,-1.5,3,buy_oversold,977,0.005305096100754929,0.7727737973387923,11.73744211825292,7.474854166967259e-30
ZScore60_BUY2.0_H1,60,-2.0,1,buy_oversold,906,0.003566909906834581,0.7185430463576159,11.682717590153965,1.807100818334339e-29
ZScore90_BUY1.5_H2,90,-1.5,2,buy_oversold,911,0.005011922449103481,0.743139407244786,11.517177126649598,9.516704070370458e-29
ZScore20_BUY1.5_H10,20,-1.5,10,buy_oversold,985,0.012325827999062547,0.7868020304568528,11.445686129460963,1.4478361259850167e-28
ZScore20_BUY1.5_H5,20,-1.5,5,buy_oversold,985,0.007309703156086282,0.76751269035533,11.039512774610088,8.54609955598541e-27
ZScore20_BUY2.0_H10,20,-2.0,10,buy_oversold,952,0.01447790392601264,0.7678571428571429,10.788456145682547,1.1151326645725254e-25
ZScore30_BUY2.0_H5,30,-2.0,5,buy_oversold,945,0.010862600037977892,0.7735449735449735,10.40353300725358,4.509798425477813e-24
ZScore90_BUY2.0_H3,90,-2.0,3,buy_oversold,827,0.012312037401395448,0.7847642079806529,10.364781187255687,9.508286015462096e-24
ZScore90_BUY2.0_H1,90,-2.0,1,buy_oversold,827,0.0044767304661433496,0.7303506650544136,10.3397308596706,1.1986817712550832e-23
ZScore90_BUY1.5_H1,90,-1.5,1,buy_oversold,911,0.002562855331761,0.6981339187705817,10.280581720246307,1.5742846045285275e-23
ZScore30_BUY1.5_H2,30,-1.5,2,buy_oversold,977,0.0032667931935355,0.7359263050153532,10.153414399943264,4.284742561737917e-23
ZScore20_BUY2.5_H15,20,-2.5,15,buy_oversold,726,0.025077653209844553,0.7892561983471075,10.143252688746204,1.0680825083087592e-22
ZScore90_BUY2.0_H10,90,-2.0,10,buy_oversold,826,0.029817511662713927,0.7929782082324455,10.13281083886422,8.018861171366308e-23
ZScore20_BUY2.0_H5,20,-2.0,5,buy_oversold,952,0.008971756878460213,0.7331932773109243,10.123120229763872,6.04105931146186e-23
ZScore60_BUY1.5_H1,60,-1.5,1,buy_oversold,946,0.0022668951079166996,0.6881606765327696,10.098338416684374,7.709342837624907e-23
ZScore30_BUY2.0_H3,30,-2.0,3,buy_oversold,945,0.007056004359452524,0.7386243386243386,10.025334850711149,1.51022351246674e-22
ZScore30_BUY2.5_H10,30,-2.5,10,buy_oversold,762,0.01915682344828285,0.7926509186351706,9.983747068769903,3.8503497703120755e-22
ZScore10_BUY2.0_H15,10,-2.0,15,buy_oversold,942,0.015234973982687035,0.767515923566879,9.671834892314568,3.6883497200178415e-21
ZScore60_BUY2.5_H5,60,-2.5,5,buy_oversold,675,0.015995760359355772,0.762962962962963,9.654094256606895,9.650724969586301e-21
ZScore10_BUY1.5_H5,10,-1.5,5,buy_oversold,992,0.005997892637353965,0.751008064516129,9.610225658562465,5.743226565899905e-21
ZScore20_BUY1.5_H3,20,-1.5,3,buy_oversold,985,0.004206793312256475,0.7319796954314721,9.520508576236654,1.287720199046465e-20
ZScore20_BUY2.0_H3,20,-2.0,3,buy_oversold,952,0.0057941613243599754,0.7237394957983193,9.376039465690937,4.8553030163039673e-20
ZScore60_BUY2.5_H3,60,-2.5,3,buy_oversold,675,0.011307036326736266,0.7407407407407407,9.316725444370395,1.6746703869523168e-19
ZScore90_BUY2.0_H2,90,-2.0,2,buy_oversold,827,0.00805231419969156,0.7690447400241838,9.304363390663633,1.1816518655468006e-19
ZScore30_BUY2.5_H5,30,-2.5,5,buy_oversold,762,0.01258862150432759,0.7716535433070866,9.260846103333762,2.0269354155388957e-19
ZScore90_BUY2.5_H3,90,-2.5,3,buy_oversold,550,0.011370342364876669,0.7509090909090909,9.018155116987382,3.1856429654654553e-18
ZScore30_BUY2.5_H3,30,-2.5,3,buy_oversold,762,0.009204516293408075,0.7401574803149606,8.942569809041625,2.8493319381373592e-18
ZScore90_BUY2.0_H15,90,-2.0,15,buy_oversold,826,0.03746236114980268,0.774818401937046,8.90576941913767,3.331053261486107e-18
ZScore90_BUY2.5_H5,90,-2.5,5,buy_oversold,550,0.01614311282023135,0.7436363636363637,8.797976056595942,1.8052962809785583e-17
ZScore30_BUY1.5_H1,30,-1.5,1,buy_oversold,977,0.0017940219123347416,0.6601842374616171,8.724603693702159,1.1370722320562315e-17
ZScore20_BUY1.5_H1,20,-1.5,1,buy_oversold,985,0.0017294469706169138,0.6304568527918781,8.48103051336355,8.098505794588969e-17
ZScore90_BUY2.5_H10,90,-2.5,10,buy_oversold,550,0.024588125207443252,0.7563636363636363,8.418836445904034,3.3245393620130045e-16
ZScore60_BUY2.5_H1,60,-2.5,1,buy_oversold,675,0.004831962243600244,0.6903703703703704,8.346712610287044,3.974860923168353e-16
ZScore10_BUY2.0_H10,10,-2.0,10,buy_oversold,942,0.010907827271790634,0.7229299363057324,8.319593630343862,3.0773297167467324e-16
ZScore90_BUY2.5_H15,90,-2.5,15,buy_oversold,550,0.03164775332689088,0.76,8.168470620478558,2.1597041698357505e-15
ZScore30_BUY2.0_H2,30,-2.0,2,buy_oversold,945,0.0044308720809298555,0.7132275132275132,8.10016963663565,1.6875414629423058e-15
ZScore20_BUY1.5_H2,20,-1.5,2,buy_oversold,985,0.0025962448765097395,0.7096446700507614,8.05803965926039,2.233258776526708e-15
ZScore30_BUY2.0_H1,30,-2.0,1,buy_oversold,945,0.002879184010145481,0.6708994708994709,7.864578030718556,1.0091679923070838e-14
ZScore90_BUY2.5_H2,90,-2.5,2,buy_oversold,550,0.006863404908667652,0.7127272727272728,7.776776002770595,3.701120521369896e-14
ZScore60_BUY2.5_H2,60,-2.5,2,buy_oversold,675,0.007058497925256422,0.6977777777777778,7.574559360176716,1.1920487528615103e-13
ZScore10_BUY1.5_H3,10,-1.5,3,buy_oversold,992,0.003626192571780206,0.6965725806451613,7.538484516671319,1.071478909168441e-13
ZScore90_BUY2.5_H1,90,-2.5,1,buy_oversold,550,0.004375233068267889,0.68,7.527533178037673,2.13368157590246e-13
ZScore90_SHO2.0_H5,90,2.0,5,short_overbought,881,0.008043662028086906,0.6254256526674233,7.154437416933084,1.7692027418701973e-12
ZScore20_BUY2.0_H1,20,-2.0,1,buy_oversold,952,0.002407789264221628,0.634453781512605,6.859089452250297,1.2467860504766453e-11
ZScore20_BUY2.0_H2,20,-2.0,2,buy_oversold,952,0.00335384207075951,0.6638655462184874,6.803241401582065,1.807070972590852e-11
ZScore90_SHO2.0_H3,90,2.0,3,short_overbought,881,0.004886520810957529,0.5947786606129398,6.70526384068206,3.5910944730144485e-11
ZScore20_BUY2.5_H10,20,-2.5,10,buy_oversold,726,0.014575780852059388,0.7286501377410468,6.663678946282428,5.286174917342167e-11
ZScore10_BUY1.5_H1,10,-1.5,1,buy_oversold,992,0.0015089841474957833,0.5705645161290323,6.637702682467973,5.238284055647594e-11
ZScore90_SHO2.0_H2,90,2.0,2,short_overbought,881,0.0034274670914039244,0.5754824063564131,6.383489960351847,2.7975071103044153e-10
ZScore10_BUY1.5_H2,10,-1.5,2,buy_oversold,992,0.0022715900175139434,0.6532258064516129,6.327223802855305,3.773755752844372e-10
ZScore90_SHO2.5_H5,90,2.5,5,short_overbought,679,0.011113554654453872,0.6377025036818851,6.2031683755532,9.624499523961957e-10
ZScore90_SHO1.5_H5,90,1.5,5,short_overbought,942,0.006249683264120611,0.5711252653927813,5.994362152031951,2.907814963641451e-09
ZScore90_SHO1.5_H3,90,1.5,3,short_overbought,942,0.004169571301266915,0.5414012738853503,5.702323308284685,1.5816256905551585e-08
ZScore60_SHO2.0_H10,60,2.0,10,short_overbought,936,0.009962456893857025,0.6068376068376068,5.6914795576617445,1.6849268759624544e-08
ZScore60_SHO2.0_H5,60,2.0,5,short_overbought,936,0.006348119137054092,0.6367521367521367,5.601570131118915,2.793192820134108e-08
ZScore30_BUY2.5_H2,30,-2.5,2,buy_oversold,762,0.0044328437326467286,0.6876640419947506,5.455103171308681,6.623134495727497e-08
ZScore60_SHO1.5_H5,60,1.5,5,short_overbought,964,0.005483543733440858,0.6037344398340249,5.411946391073478,7.870628366958914e-08
ZScore60_SHO1.5_H15,60,1.5,15,short_overbought,964,0.011709976155794522,0.5695020746887967,5.402968702751558,8.262831435862276e-08
ZScore30_BUY2.5_H1,30,-2.5,1,buy_oversold,762,0.0030571439837081705,0.6561679790026247,5.40216120194671,8.811652290123338e-08
ZScore90_SHO2.0_H1,90,2.0,1,short_overbought,881,0.0016696995879157401,0.5198637911464246,5.334594174921491,1.218450290150439e-07
ZScore20_BUY2.5_H5,20,-2.5,5,buy_oversold,726,0.009129249291285882,0.7134986225895317,5.304670302757199,1.500920666818325e-07
ZScore90_SHO1.5_H2,90,1.5,2,short_overbought,942,0.002951864964544096,0.5265392781316348,5.293654093466377,1.4925683125035053e-07
ZScore20_SHO1.5_H5,20,1.5,5,short_overbought,993,0.004247167841882364,0.5861027190332326,5.246971370739389,1.890503672610449e-07
ZScore60_SHO2.0_H2,60,2.0,2,short_overbought,936,0.0029357940674897285,0.5897435897435898,5.243952559116974,1.944051218203936e-07
ZScore60_SHO2.5_H5,60,2.5,5,short_overbought,736,0.008320592540855449,0.6005434782608695,5.242020777995015,2.0778669342191786e-07
ZScore20_SHO2.0_H5,20,2.0,5,short_overbought,973,0.005218545290309124,0.591983556012333,5.18264835451206,2.6602856519254154e-07
ZScore60_SHO2.0_H3,60,2.0,3,short_overbought,936,0.0039738188427565525,0.6121794871794872,5.175249848988862,2.7859226098270656e-07
ZScore90_SHO2.5_H3,90,2.5,3,short_overbought,679,0.006093679094217978,0.5949926362297496,5.1204636551099485,3.975927781430631e-07
ZScore60_SHO1.5_H10,60,1.5,10,short_overbought,964,0.008509143720110277,0.5798755186721992,5.116638090609344,3.7535498712884813e-07
ZScore60_SHO1.5_H3,60,1.5,3,short_overbought,964,0.0034947780419957806,0.5663900414937759,5.080618952290175,4.5174215192986066e-07
ZScore30_SHO1.5_H5,30,1.5,5,short_overbought,986,0.004228086706797051,0.6267748478701826,5.059618642292881,5.010088043997605e-07
ZScore90_SHO2.5_H2,90,2.5,2,short_overbought,679,0.004493301501021775,0.5773195876288659,5.038668866619338,6.019260934376788e-07
ZScore20_BUY2.5_H3,20,-2.5,3,buy_oversold,726,0.005643438434671761,0.6804407713498623,4.999123978249592,7.228371261855905e-07
ZScore60_SHO2.0_H15,60,2.0,15,short_overbought,936,0.012895192510074389,0.6217948717948718,4.962990912648426,8.246224668171606e-07
ZScore30_SHO2.0_H5,30,2.0,5,short_overbought,965,0.005286368859365985,0.6176165803108808,4.903164782703995,1.106195939454405e-06
ZScore60_SHO2.5_H10,60,2.5,10,short_overbought,736,0.010798026802518654,0.5679347826086957,4.669693651836103,3.586123268069229e-06
ZScore30_SHO1.5_H10,30,1.5,10,short_overbought,986,0.0061911555667214435,0.5517241379310345,4.602120026662578,4.7280688764698744e-06
ZScore30_SHO2.0_H2,30,2.0,2,short_overbought,965,0.0027508277521664883,0.5626943005181347,4.592151752845267,4.967655439793826e-06
ZScore30_SHO2.0_H3,30,2.0,3,short_overbought,965,0.0035708955918549324,0.5751295336787565,4.506489956419412,7.399452591373997e-06
ZScore90_SHO1.5_H1,90,1.5,1,short_overbought,942,0.0015869529284824272,0.47770700636942676,4.5005086760832205,7.627476647714304e-06
ZScore30_SHO1.5_H3,30,1.5,3,short_overbought,986,0.002715468319978042,0.5872210953346856,4.49965689641286,7.617784168610569e-06
ZScore20_SHO1.5_H10,20,1.5,10,short_overbought,993,0.005519196412060791,0.5377643504531722,4.498850862377145,7.640143069648611e-06
ZScore20_SHO1.5_H3,20,1.5,3,short_overbought,993,0.0027131416379294654,0.5317220543806647,4.476831915752661,8.45433814261604e-06
ZScore10_BUY2.0_H5,10,-2.0,5,buy_oversold,942,0.004107573383249503,0.6401273885350318,4.466819824634585,8.903064040067887e-06
ZScore20_SHO2.0_H10,20,2.0,10,short_overbought,973,0.006355482720366201,0.5755395683453237,4.393371464670275,1.2386591051986357e-05
ZScore60_SHO1.5_H2,60,1.5,2,short_overbought,964,0.002401751505871007,0.533195020746888,4.391322634621299,1.2513608168661502e-05
ZScore90_SHO2.5_H1,90,2.5,1,short_overbought,679,0.002251219816105312,0.5272459499263623,4.3645187543152,1.472742427940973e-05
ZScore20_SHO2.0_H3,20,2.0,3,short_overbought,973,0.0033399568946540083,0.5467625899280576,4.324734137728909,1.6847131016603474e-05
ZScore30_SHO1.5_H2,30,1.5,2,short_overbought,986,0.0019377824422404666,0.563894523326572,4.317704686364802,1.7359979547918948e-05
ZScore30_SHO2.0_H1,30,2.0,1,short_overbought,965,0.0015760284377928557,0.5316062176165803,4.284937358457756,2.011252232330182e-05
ZScore60_SHO2.5_H3,60,2.5,3,short_overbought,736,0.0047485767701929416,0.5828804347826086,4.147097297590403,3.7602008339119824e-05
ZScore20_SHO1.5_H2,20,1.5,2,short_overbought,993,0.001884102889323544,0.5327291037260826,4.137957752015223,3.801406831773401e-05
ZScore60_SHO2.0_H1,60,2.0,1,short_overbought,936,0.0013876827614514348,0.5395299145299145,4.126616945288259,4.009801706831923e-05
ZScore60_SHO2.5_H2,60,2.5,2,short_overbought,736,0.003414555017594677,0.5652173913043478,3.8965979049987345,0.00010645839342672133
ZScore20_SHO2.0_H2,20,2.0,2,short_overbought,973,0.0023207414802597238,0.5354573484069887,3.895109366420948,0.00010486934410688716
ZScore30_SHO2.0_H10,30,2.0,10,short_overbought,965,0.006073271119280413,0.5295336787564767,3.797360763122863,0.00015538953940607346
ZScore10_SHO1.5_H5,10,1.5,5,short_overbought,994,0.002691865670617815,0.5392354124748491,3.7000935713745653,0.00022735294570729354
ZScore60_SHO1.5_H1,60,1.5,1,short_overbought,964,0.0012249754316117968,0.4823651452282158,3.5358750869006648,0.0004257828794144159
ZScore30_SHO1.5_H1,30,1.5,1,short_overbought,986,0.0009760249621167174,0.48377281947261663,3.4555454190517176,0.0005726085768501863
ZScore90_SHO3.0_H10,90,3.0,10,short_overbought,330,0.016068373808646216,0.5909090909090909,3.4348017213170916,0.0006689108963076258
ZScore10_SHO1.5_H10,10,1.5,10,short_overbought,994,0.003537029423118282,0.5211267605633803,3.353332486743295,0.0008286119655024726
ZScore20_SHO1.5_H1,20,1.5,1,short_overbought,993,0.0009398689623427577,0.4984894259818731,3.312824298302119,0.0009569583593719042
ZScore20_SHO2.0_H1,20,2.0,1,short_overbought,973,0.0012650133600838173,0.48201438848920863,3.306661724812475,0.0009787265918716837
ZScore30_BUY3.0_H15,30,-3.0,15,buy_oversold,200,0.02207192298328251,0.795,3.2698792767594016,0.0012678599198674163
ZScore30_SHO1.5_H15,30,1.5,15,short_overbought,986,0.005976391107430009,0.5233265720081136,3.1949943673688517,0.0014427718391682243
ZScore60_SHO2.5_H1,60,2.5,1,short_overbought,736,0.001626374492352988,0.53125,3.125276841453697,0.0018462588306005342
ZScore30_SHO2.5_H5,30,2.5,5,short_overbought,786,0.004644460278001894,0.5585241730279898,3.04505270733119,0.0024041448933067684
ZScore10_BUY2.0_H3,10,-2.0,3,buy_oversold,942,0.002260683375061288,0.6040339702760085,2.9701655432821963,0.0030519859881086684
ZScore10_BUY2.5_H15,10,-2.5,15,buy_oversold,58,0.00958784960568491,0.7931034482758621,2.9538977341613575,0.0045534111975135206
ZScore60_BUY3.0_H15,60,-3.0,15,buy_oversold,271,0.02001033371344317,0.7453874538745388,2.9453835013253364,0.003506721396592177
ZScore90_BUY3.0_H15,90,-3.0,15,buy_oversold,207,0.024711827609656543,0.714975845410628,2.8996413541051673,0.004140942305387919
ZScore30_BUY3.0_H10,30,-3.0,10,buy_oversold,200,0.01526236947588061,0.765,2.8580525844316274,0.0047160067025726225
ZScore30_SHO2.0_H15,30,2.0,15,short_overbought,965,0.005929738149611039,0.5347150259067357,2.7623422562140703,0.005847993839840086
ZScore20_SHO2.5_H5,20,2.5,5,short_overbought,722,0.00424498271080243,0.5318559556786704,2.677308082315748,0.007590450740412122
ZScore20_SHO1.5_H15,20,1.5,15,short_overbought,993,0.0045924651373578755,0.5105740181268882,2.622797224014904,0.00885484966726159
ZScore20_SHO2.0_H15,20,2.0,15,short_overbought,973,0.005350795065182492,0.5580678314491264,2.602705514827236,0.009389963396239747
ZScore10_SHO1.5_H3,10,1.5,3,short_overbought,994,0.0013495345252006817,0.4879275653923541,2.5464360344754082,0.011032934291919205
ZScore10_BUY2.5_H5,10,-2.5,5,buy_oversold,58,0.007411020410930568,0.603448275862069,2.5080940828602354,0.015009397544385236
ZScore10_SHO1.5_H1,10,1.5,1,short_overbought,994,0.0006632105559534969,0.4476861167002012,2.498584742836123,0.012629713894334486
ZScore60_SHO3.0_H10,60,3.0,10,short_overbought,362,0.011427303997549309,0.5165745856353591,2.4697016165738725,0.013984399825750794
ZScore10_SHO1.5_H2,10,1.5,2,short_overbought,994,0.0010043944148724986,0.482897384305835,2.452842705076773,0.0143443158021394
ZScore20_SHO2.5_H1,20,2.5,1,short_overbought,722,0.0016183066509824664,0.46537396121883656,2.3773861040373543,0.017695700772976265
ZScore90_SHO3.0_H5,90,3.0,5,short_overbought,330,0.007397869379307362,0.5242424242424243,2.362858430665124,0.01871596953007808
ZScore60_SHO3.0_H15,60,3.0,15,short_overbought,362,0.014116635063556655,0.5994475138121547,2.3264198919276105,0.020549106924860505
ZScore60_BUY3.0_H5,60,-3.0,5,buy_oversold,271,0.008353516777923828,0.7011070110701108,2.303495577033224,0.022010929058843127
ZScore30_SHO2.5_H3,30,2.5,3,short_overbought,786,0.0026315800049183297,0.5279898218829516,2.2629087872564715,0.023913732954309902
ZScore10_BUY2.5_H10,10,-2.5,10,buy_oversold,58,0.005004712027001926,0.7068965517241379,2.217826663710293,0.03056769406788358
ZScore30_SHO2.5_H2,30,2.5,2,short_overbought,786,0.0020977097705540525,0.5114503816793893,2.2020632745334834,0.02795094243893371
ZScore30_BUY3.0_H5,30,-3.0,5,buy_oversold,200,0.008289780062014878,0.71,2.159875698875333,0.03197804763514507
ZScore20_SHO2.5_H10,20,2.5,10,short_overbought,722,0.0048362865914802055,0.5138504155124654,2.155025436363145,0.03149027361736027
ZScore30_SHO2.5_H1,30,2.5,1,short_overbought,786,0.0012796623524613368,0.48982188295165396,2.1111038477958597,0.03507896544384592
ZScore10_SHO2.5_H5,10,2.5,5,short_overbought,100,0.014308462938698398,0.68,2.0718360272557477,0.040880591518289405
ZScore10_SHO2.0_H10,10,2.0,10,short_overbought,955,0.0028870199470060398,0.5141361256544502,2.052452661337542,0.04039807747876681
ZScore60_SHO3.0_H5,60,3.0,5,short_overbought,362,0.006463098500100977,0.5165745856353591,2.0437387355294105,0.041704744861754066
ZScore90_BUY3.0_H5,90,-3.0,5,buy_oversold,207,0.007605095606233951,0.6570048309178744,2.0334508978863,0.04328946286050003
ZScore60_BUY3.0_H10,60,-3.0,10,buy_oversold,271,0.010068954513927931,0.7195571955719557,2.0210521513271202,0.044261144154299915
ZScore60_BUY3.0_H3,60,-3.0,3,buy_oversold,271,0.00486526688418199,0.6642066420664207,1.901637737945708,0.05828290601622887
ZScore30_SHO2.5_H10,30,2.5,10,short_overbought,786,0.004204350141355805,0.510178117048346,1.8890431232783933,0.05925440855879225
ZScore90_BUY3.0_H3,90,-3.0,3,buy_oversold,207,0.004813846169850567,0.6280193236714976,1.811710074343776,0.07148733354398733
ZScore20_SHO2.5_H2,20,2.5,2,short_overbought,722,0.0017721079683020923,0.48753462603878117,1.7461898430565093,0.08120385435657264
ZScore10_SHO2.5_H3,10,2.5,3,short_overbought,100,0.00897233422423211,0.61,1.6840944460076173,0.09531392094649878
ZScore10_SHO2.0_H5,10,2.0,5,short_overbought,955,0.0016861695735152107,0.48900523560209425,1.5983103923398054,0.11030504558836139
ZScore10_BUY2.5_H3,10,-2.5,3,buy_oversold,58,0.004217337903484532,0.6206896551724138,1.5976633199330013,0.11564741362603645
ZScore90_BUY3.0_H10,90,-3.0,10,buy_oversold,207,0.010479484989549172,0.6859903381642513,1.5756917911367903,0.11663131525842178
ZScore20_SHO2.5_H3,20,2.5,3,short_overbought,722,0.001977752500838242,0.49722991689750695,1.5583525531080815,0.11958850816905686
ZScore60_SHO3.0_H3,60,3.0,3,short_overbought,362,0.0038354117968922466,0.49171270718232046,1.5203025322204735,0.12931030615489947
ZScore30_SHO2.5_H15,30,2.5,15,short_overbought,786,0.004817269157371367,0.583969465648855,1.5142552345519058,0.13036363005789137
ZScore10_SHO1.5_H15,10,1.5,15,short_overbought,994,0.002257616467017967,0.4818913480885312,1.452764611515206,0.14660503416483736
ZScore60_SHO3.0_H2,60,3.0,2,short_overbought,362,0.002906036537045117,0.4972375690607735,1.4411257577434187,0.15041597344486374
ZScore30_BUY3.0_H3,30,-3.0,3,buy_oversold,200,0.0041561690659118475,0.67,1.435334510027426,0.15276166994230833
ZScore10_SHO2.0_H1,10,2.0,1,short_overbought,955,0.0006062572912027631,0.4712041884816754,1.3480167740907185,0.1779729743553541
ZScore90_SHO3.0_H2,90,3.0,2,short_overbought,330,0.0024723213837201034,0.47878787878787876,1.3301996547111818,0.18437384582254773
ZScore10_SHO2.5_H15,10,2.5,15,short_overbought,100,0.012858485830944977,0.6,1.3286344731338546,0.187023006700486
ZScore60_SHO3.0_H1,60,3.0,1,short_overbought,362,0.0015976741366890358,0.4585635359116022,1.2794419184918908,0.20156318509046176
ZScore90_BUY3.0_H1,90,-3.0,1,buy_oversold,207,0.0016024571448788353,0.5797101449275363,1.2328622153372712,0.2190322503044806
ZScore90_SHO3.0_H1,90,3.0,1,short_overbought,330,0.0013270463044250777,0.46060606060606063,1.2163381928293542,0.2247280426441694
ZScore20_SHO2.5_H15,20,2.5,15,short_overbought,722,0.004035577742480498,0.5526315789473685,1.1782450446887693,0.23908765520197878
ZScore20_BUY3.0_H10,20,-3.0,10,buy_oversold,55,0.00819129223539703,0.7090909090909091,1.1723892889026595,0.2461870632892051
ZScore10_SHO2.5_H10,10,2.5,10,short_overbought,100,0.009523430099411239,0.63,1.0213047929748238,0.30959930833849736
ZScore20_BUY3.0_H15,20,-3.0,15,buy_oversold,55,0.00813225657021865,0.7636363636363637,0.9863504407064622,0.328360205892992
ZScore10_SHO2.0_H15,10,2.0,15,short_overbought,955,0.0018542057159560534,0.5026178010471204,0.9756957291940593,0.32946260662875526
ZScore90_SHO3.0_H3,90,3.0,3,short_overbought,330,0.002236296280717145,0.4818181818181818,0.9440866973019455,0.3458181276824869
ZScore10_BUY2.5_H2,10,-2.5,2,buy_oversold,58,0.0024167326929817453,0.5689655172413793,0.8556348159172427,0.3957823236409943
ZScore10_SHO2.0_H3,10,2.0,3,short_overbought,955,0.000706926388195065,0.47853403141361256,0.8482744669003788,0.3964979158609472
ZScore60_BUY3.0_H1,60,-3.0,1,buy_oversold,271,0.000912604982575376,0.5756457564575646,0.8047744947635324,0.4216578984987318
ZScore90_BUY3.0_H2,90,-3.0,2,buy_oversold,207,0.0016017300112830947,0.5797101449275363,0.7949244711518453,0.4275723410095207
ZScore10_SHO2.0_H2,10,2.0,2,short_overbought,955,0.0005127433451531552,0.4680628272251309,0.783500976382108,0.4335274473978613
ZScore20_BUY2.5_H2,20,-2.5,2,buy_oversold,726,0.000674230929699308,0.5674931129476584,0.7172149364527951,0.4734724862934181
ZScore10_BUY2.5_H1,10,-2.5,1,buy_oversold,58,0.0021373200260122937,0.5517241379310345,0.6184672233811328,0.5387310919036107
ZScore20_SHO3.0_H5,20,3.0,5,short_overbought,107,0.00410982389004003,0.5046728971962616,0.4156587806395221,0.6784999633750135
ZScore20_SHO3.0_H10,20,3.0,10,short_overbought,107,0.004772453138349772,0.514018691588785,0.39809342139901294,0.691361978266922
ZScore60_BUY3.0_H2,60,-3.0,2,buy_oversold,271,0.0006650066290045096,0.6088560885608856,0.3782685907115905,0.7055283098459683
ZScore20_SHO3.0_H15,20,3.0,15,short_overbought,107,0.0026246713767036287,0.5700934579439252,0.1738269244676224,0.862333018383102
ZScore10_SHO2.5_H2,10,2.5,2,short_overbought,100,0.0005393537818036976,0.59,0.1145520214531832,0.9090322167600189
ZScore20_SHO3.0_H3,20,3.0,3,short_overbought,107,0.0007364909749959798,0.5046728971962616,0.08635540458688959,0.9313468072771927
ZScore10_SHO2.5_H1,10,2.5,1,short_overbought,100,0.00024401802114134148,0.52,0.06410743380340594,0.9490139488883367
ZScore20_BUY3.0_H3,20,-3.0,3,buy_oversold,55,-0.0012146389003736442,0.5636363636363636,-0.3469727422428755,0.7299603868276003
ZScore10_BUY2.0_H1,10,-2.0,1,buy_oversold,942,-0.00016447502349915225,0.37685774946921446,-0.40472944850511594,0.6857683746247428
ZScore30_BUY3.0_H1,30,-3.0,1,buy_oversold,200,-0.0007071357951461284,0.52,-0.44424730735826073,0.6573465141514787
ZScore20_BUY3.0_H5,20,-3.0,5,buy_oversold,55,-0.0021120541108639495,0.5636363636363636,-0.4773399420945636,0.6350464567532069
ZScore30_BUY3.0_H2,30,-3.0,2,buy_oversold,200,-0.0011389250779231018,0.59,-0.4861951667929036,0.62736376377314
ZScore20_SHO3.0_H2,20,3.0,2,short_overbought,107,-0.005023520932240044,0.4766355140186916,-0.6973534262176226,0.4871083494056412
ZScore20_SHO3.0_H1,20,3.0,1,short_overbought,107,-0.0034390372514264294,0.4392523364485981,-0.7262592096152345,0.4692805285112265
ZScore20_BUY3.0_H2,20,-3.0,2,buy_oversold,55,-0.0028263740302187667,0.5454545454545454,-0.9612838154478623,0.34069429721618893
ZScore20_BUY2.5_H1,20,-2.5,1,buy_oversold,726,-0.0006503599811728665,0.45179063360881544,-1.082776621305184,0.2792675665456419
ZScore10_BUY2.0_H2,10,-2.0,2,buy_oversold,942,-0.0007063936747132602,0.4320594479830149,-1.2345554195810038,0.2173042061362311
ZScore30_SHO3.0_H1,30,3.0,1,short_overbought,246,-0.002748957358164077,0.42276422764227645,-1.4333837296434475,0.15302309812280576
ZScore30_SHO3.0_H15,30,3.0,15,short_overbought,246,-0.017958104471916096,0.5284552845528455,-1.7316404545496975,0.08459634694325742
ZScore30_SHO3.0_H2,30,3.0,2,short_overbought,246,-0.005622343125646037,0.44308943089430897,-1.7425179929333532,0.0826726078854159
ZScore20_BUY3.0_H1,20,-3.0,1,buy_oversold,55,-0.004067089997032444,0.38181818181818183,-1.7604315464632663,0.08399732459584365
ZScore30_SHO3.0_H10,30,3.0,10,short_overbought,246,-0.011450354906401417,0.4715447154471545,-1.7614075193136107,0.07941677455273903
ZScore30_SHO3.0_H3,30,3.0,3,short_overbought,246,-0.007292620793714699,0.45934959349593496,-1.8459527907284428,0.06610541979652301
ZScore30_SHO3.0_H5,30,3.0,5,short_overbought,246,-0.01019796465134194,0.4796747967479675,-2.109130227101059,0.03594834056695048
ZScore60_BUY2.5_H10,60,-2.5,10,buy_oversold,675,0.024491327953643106,0.7733333333333333,,
ZScore60_BUY2.5_H15,60,-2.5,15,buy_oversold,675,0.036813298063352234,0.7896296296296297,,
ZScore60_BUY2.0_H15,60,-2.0,15,buy_oversold,906,0.03189361545770326,0.782560706401766,,
ZScore60_BUY1.5_H15,60,-1.5,15,buy_oversold,946,0.02544023051549023,0.781183932346723,,
ZScore60_SHO2.5_H15,60,2.5,15,short_overbought,736,0.012783066935214665,0.5842391304347826,,
ZScore90_BUY1.5_H15,90,-1.5,15,buy_oversold,910,0.030713593716755916,0.7747252747252747,,
ZScore90_SHO1.5_H10,90,1.5,10,short_overbought,941,0.01026672162347614,0.5642933049946866,,
ZScore90_SHO1.5_H15,90,1.5,15,short_overbought,940,0.013618645588648668,0.55,,
ZScore90_SHO2.0_H10,90,2.0,10,short_overbought,881,0.012799184109337475,0.6242905788876277,,
ZScore90_SHO2.0_H15,90,2.0,15,short_overbought,880,0.01749419358334862,0.6238636363636364,,
ZScore90_SHO2.5_H10,90,2.5,10,short_overbought,679,0.01548548395970027,0.6244477172312224,,
ZScore90_SHO2.5_H15,90,2.5,15,short_overbought,679,0.018708796557256418,0.6111929307805597,,
ZScore90_SHO3.0_H15,90,3.0,15,short_overbought,330,0.019955692919691636,0.593939393939394,,
