ticker,date,open,high,low,close,volume
ABNY,2025-12-18 00:00:00,47.189998626708984,47.11980056762695,46.90129852294922,47.11980056762695,946
ACES,2025-12-18 00:00:00,32.779998779296875,33.25,32.852699279785156,33.04999923706055,23217
ACGR,2025-12-18 00:00:00,64.97000122070312,65.01640319824219,65.01640319824219,65.01640319824219,5
ADX,2025-12-18 00:00:00,22.530000686645508,22.836599349975586,22.549999237060547,22.760000228881836,258858
AFGD,2025-12-18 00:00:00,20.84000015258789,21.299999237060547,20.950000762939453,21.068899154663086,9558
AFGE,2025-12-18 00:00:00,16.989999771118164,17.239900588989258,17.025999069213867,17.09000015258789,9125
AFK,2025-12-18 00:00:00,25.809999465942383,26.148000717163086,25.81999969482422,26.0,13940
AGGS,2025-12-18 00:00:00,41.68000030517578,41.650001525878906,41.650001525878906,41.650001525878906,397
AGX,2025-12-18 00:00:00,300.510009765625,317.43499755859375,307.15008544921875,313.8999938964844,281333
AHL,2025-12-18 00:00:00,37.189998626708984,37.15999984741211,37.06999969482422,37.099998474121094,150230
AHLT,2025-12-18 00:00:00,26.1299991607666,26.200000762939453,26.156999588012695,26.156999588012695,557
AHYB,2025-12-18 00:00:00,46.59000015258789,46.560001373291016,46.507301330566406,46.55500030517578,100355
AIEQ,2025-12-18 00:00:00,44.970001220703125,45.20909881591797,44.98640060424805,44.98640060424805,2469
AIM,2025-12-18 00:00:00,1.4500000476837158,1.4088000059127808,1.309999942779541,1.360700011253357,51525
AIV,2025-12-18 00:00:00,5.769999980926514,5.75,5.659999847412109,5.670000076293945,1382109
AIVL,2025-12-18 00:00:00,115.83999633789062,115.7698974609375,115.23079681396484,115.23100280761719,1549
AKA,2025-12-18 00:00:00,11.010000228881836,11.09000015258789,11.021200180053711,11.09000015258789,1167
ALL,2025-12-18 00:00:00,208.36000061035156,208.33999633789062,203.7100067138672,204.92999267578125,1939760
ALX,2025-12-18 00:00:00,221.1300048828125,221.0,215.44000244140625,218.55999755859375,84999
AMOM,2025-12-18 00:00:00,47.790000915527344,48.10490036010742,47.882301330566406,47.882301330566406,3919
AMUB,2025-12-18 00:00:00,18.899999618530273,18.797100067138672,18.797100067138672,18.797100067138672,134
ANF,2025-12-18 00:00:00,117.0,121.16000366210938,117.55000305175781,118.68000030517578,1515605
AOMN,2025-12-18 00:00:00,25.270000457763672,25.36989974975586,25.280000686645508,25.32939910888672,3103
AOMR,2025-12-18 00:00:00,8.869999885559082,8.944999694824219,8.890000343322754,8.890000343322754,69033
APIE,2025-12-18 00:00:00,36.099998474121094,36.42829895019531,36.13999938964844,36.369998931884766,51084
APLM,2025-12-18 00:00:00,15.760000228881836,15.479999542236328,15.119999885559082,15.119999885559082,8981
APT,2025-12-18 00:00:00,4.570000171661377,4.554999828338623,4.489999771118164,4.53000020980835,29467
AQNB,2025-12-18 00:00:00,25.540000915527344,25.607999801635742,25.549999237060547,25.56999969482422,17779
ARL,2025-12-18 00:00:00,16.600000381469727,16.5,15.449999809265137,16.270000457763672,1790
ARMH,2025-12-18 00:00:00,49.459999084472656,48.79439926147461,48.79439926147461,48.79439926147461,209
ARMP,2025-12-18 00:00:00,5.050000190734863,5.499899864196777,5.110000133514404,5.400000095367432,45474
ARQQW,2025-12-18 00:00:00,0.75,0.3142000138759613,0.25,0.27149999141693115,127901
ASBA,2025-12-18 00:00:00,24.979999542236328,25.18000030517578,25.069700241088867,25.18000030517578,8730
ASHS,2025-12-18 00:00:00,36.689998626708984,36.73500061035156,36.69499969482422,36.720001220703125,4203
ASIA,2025-12-18 00:00:00,32.97999954223633,33.0984001159668,33.02510070800781,33.02510070800781,1209
ASMH,2025-12-18 00:00:00,70.81999969482422,70.3134994506836,70.3134994506836,70.3134994506836,517
ATFV,2025-12-18 00:00:00,33.88999938964844,34.369998931884766,34.02000045776367,34.15999984741211,46933
ATHS,2025-12-18 00:00:00,25.049999237060547,25.159900665283203,25.084999084472656,25.110000610351562,21573
ATO,2025-12-18 00:00:00,168.7100067138672,170.4199981689453,168.74000549316406,169.4199981689453,566596
AUGW,2025-12-18 00:00:00,32.380001068115234,32.339599609375,32.310001373291016,32.339599609375,1959
AUNA,2025-12-18 00:00:00,4.53000020980835,4.630000114440918,4.539000034332275,4.599999904632568,47439
AVGO,2025-12-18 00:00:00,336.0,335.8399963378906,323.6499938964844,329.8800048828125,51131564
AVL,2025-12-18 00:00:00,41.75,41.650001525878906,38.820098876953125,40.209999084472656,1026999
AVMA,2025-12-18 00:00:00,66.30999755859375,66.16999816894531,65.91500091552734,65.91850280761719,10098
AVNS,2025-12-18 00:00:00,11.670000076293945,11.994999885559082,11.765000343322754,11.920000076293945,346683
AVS,2025-12-18 00:00:00,9.880000114440918,10.244999885559082,9.890000343322754,10.0600004196167,3696099
AWAY,2025-12-18 00:00:00,21.239999771118164,21.238000869750977,21.079999923706055,21.100500106811523,4626
BBAG,2025-12-18 00:00:00,46.540000915527344,46.64950180053711,46.55009841918945,46.619998931884766,727152
BBDO,2025-12-18 00:00:00,2.819999933242798,2.9100000858306885,2.869999885559082,2.869999885559082,14234
BBSC,2025-12-18 00:00:00,75.86000061035156,75.64600372314453,75.40950012207031,75.40950012207031,3086
BCUS,2025-12-18 00:00:00,32.060001373291016,31.96500015258789,31.919099807739258,31.94070053100586,2184
BCV,2025-12-18 00:00:00,21.149999618530273,21.90999984741211,21.589000701904297,21.65999984741211,9315
BDN,2025-12-18 00:00:00,3.0799999237060547,3.075000047683716,3.0199999809265137,3.0299999713897705,2959105
BELFA,2025-12-18 00:00:00,144.19000244140625,148.72000122070312,145.0,147.4499969482422,18237
BEPI,2025-12-18 00:00:00,16.1299991607666,16.329999923706055,16.149999618530273,16.15999984741211,21580
BFIN,2025-12-18 00:00:00,12.880000114440918,12.859999656677246,12.710000038146973,12.770000457763672,47570
BFK,2025-12-18 00:00:00,9.890000343322754,9.949999809265137,9.899999618530273,9.920000076293945,169828
BFRG,2025-12-18 00:00:00,0.9890000224113464,1.100000023841858,1.0099999904632568,1.0399999618530273,81627
BHE,2025-12-18 00:00:00,44.83000183105469,44.69499969482422,43.720001220703125,43.939998626708984,303232
BILD,2025-12-18 00:00:00,28.739999771118164,28.091699600219727,28.091699600219727,28.091699600219727,107
BIPH,2025-12-18 00:00:00,16.780000686645508,16.940000534057617,16.780099868774414,16.889999389648438,15008
BIPJ,2025-12-18 00:00:00,25.09000015258789,25.06999969482422,24.802900314331055,24.950000762939453,2440
BKCG,2025-12-18 00:00:00,35.75,36.02009963989258,35.86000061035156,35.87369918823242,9383
BKEM,2025-12-18 00:00:00,73.27999877929688,73.1769027709961,73.1769027709961,73.1769027709961,592
BKSE,2025-12-18 00:00:00,114.63999938964844,114.21499633789062,113.92749786376953,113.927001953125,1656
BKTI,2025-12-18 00:00:00,73.23999786376953,77.44999694824219,74.0,74.98999786376953,42630
BME,2025-12-18 00:00:00,40.56999969482422,40.900001525878906,40.599998474121094,40.71500015258789,52833
BMN,2025-12-18 00:00:00,25.309999465942383,26.040000915527344,25.350000381469727,26.0,39079
BNDD,2025-12-18 00:00:00,96.5999984741211,96.64469909667969,96.64469909667969,96.64469909667969,295
BNDS,2025-12-18 00:00:00,50.56999969482422,50.54999923706055,50.47999954223633,50.540199279785156,7413
BNED,2025-12-18 00:00:00,8.920000076293945,8.899999618530273,8.680000305175781,8.729999542236328,150882
BNKD,2025-12-18 00:00:00,10.670999526977539,10.71660041809082,10.71660041809082,10.71660041809082,148
BOAT,2025-12-18 00:00:00,32.33000183105469,32.20000076293945,32.080101013183594,32.14509963989258,2625
BOBP,2025-12-18 00:00:00,26.799999237060547,26.672000885009766,26.672000885009766,26.672000885009766,535
BOOT,2025-12-18 00:00:00,197.25999450683594,197.0500030517578,189.35000610351562,189.49000549316406,446001
BORR,2025-12-18 00:00:00,3.700000047683716,3.8798999786376953,3.7209999561309814,3.819999933242798,5101533
BOUT,2025-12-18 00:00:00,36.2599983215332,36.439998626708984,36.37160110473633,36.37160110473633,1981
BOW,2025-12-18 00:00:00,27.969999313354492,29.24049949645996,27.989999771118164,29.09000015258789,128405
BPH,2025-12-18 00:00:00,53.029998779296875,52.96500015258789,51.93000030517578,51.93000030517578,1567
BPI,2025-12-18 00:00:00,30.639999389648438,30.0,29.605100631713867,29.605100631713867,615
BRF,2025-12-18 00:00:00,16.450000762939453,16.530000686645508,16.478099822998047,16.478099822998047,1590
BRIF,2025-12-18 00:00:00,29.690000534057617,29.68000030517578,29.57900047302246,29.587799072265625,8725
BRW,2025-12-18 00:00:00,7.0,7.068699836730957,7.001399993896484,7.03000020980835,472800
BSAC,2025-12-18 00:00:00,29.799999237060547,30.315000534057617,29.979999542236328,30.219999313354492,255358
BSL,2025-12-18 00:00:00,13.710000038146973,13.6899995803833,13.619999885559082,13.649999618530273,33867
BSM,2025-12-18 00:00:00,13.899999618530273,13.835000038146973,13.475000381469727,13.609999656677246,512855
BSTP,2025-12-18 00:00:00,36.630001068115234,36.86000061035156,36.73500061035156,36.794498443603516,7698
BSTZ,2025-12-18 00:00:00,22.360000610351562,22.791500091552734,22.489999771118164,22.600000381469727,216693
BTA,2025-12-18 00:00:00,9.460000038146973,9.514200210571289,9.479999542236328,9.484999656677246,19874
BULLW,2025-12-18 00:00:00,4.388899803161621,3.338200092315674,3.0199999809265137,3.0199999809265137,1736
BUYO,2025-12-18 00:00:00,27.850000381469727,27.833499908447266,27.833499908447266,27.833499908447266,300
BWLP,2025-12-18 00:00:00,12.649999618530273,12.640000343322754,12.399999618530273,12.40999984741211,302082
BXP,2025-12-18 00:00:00,70.0,69.98999786376953,68.66999816894531,69.19000244140625,1220314
BYM,2025-12-18 00:00:00,10.960000038146973,10.939399719238281,10.880000114440918,10.920000076293945,116799
BZQ,2025-12-18 00:00:00,16.450000762939453,16.3799991607666,16.229999542236328,16.3799991607666,4335
CACI,2025-12-18 00:00:00,563.3900146484375,562.260009765625,548.094970703125,548.9600219726562,215315
CANE,2025-12-18 00:00:00,9.4399995803833,9.425000190734863,9.375,9.420000076293945,57146
CARD,2025-12-18 00:00:00,2.549999952316284,2.4649999141693115,2.4000000953674316,2.419600009918213,12591
CATF,2025-12-18 00:00:00,50.09000015258789,50.029998779296875,49.994998931884766,49.994998931884766,4491
CBNA,2025-12-18 00:00:00,38.0,37.880001068115234,37.38999938964844,37.849998474121094,6946
CCEL,2025-12-18 00:00:00,3.5799999237060547,3.8750998973846436,3.6600000858306885,3.75,4191
CDEI,2025-12-18 00:00:00,82.08000183105469,82.06999969482422,81.94650268554688,81.94650268554688,2900
CEV,2025-12-18 00:00:00,10.1899995803833,10.186100006103516,10.130000114440918,10.170000076293945,23550
CEW,2025-12-18 00:00:00,19.399999618530273,19.350000381469727,19.28499984741211,19.347000122070312,22506
CGSM,2025-12-18 00:00:00,26.360000610351562,26.40999984741211,26.389999389648438,26.389999389648438,149759
CIMN,2025-12-18 00:00:00,25.149999618530273,25.309900283813477,25.229999542236328,25.309900283813477,3828
CINT,2025-12-18 00:00:00,4.730000019073486,4.832699775695801,4.739999771118164,4.769999980926514,91224
CLCG,2025-12-18 00:00:00,26.4689998626709,26.649999618530273,26.610000610351562,26.610000610351562,3776
CLCO,2025-12-18 00:00:00,9.84000015258789,9.829999923706055,9.800000190734863,9.800000190734863,21618
CLIX,2025-12-18 00:00:00,59.75,59.84560012817383,59.84560012817383,59.84560012817383,318
CMDY,2025-12-18 00:00:00,48.33000183105469,48.2599983215332,47.850101470947266,47.939998626708984,82329
CMSC,2025-12-18 00:00:00,23.270000457763672,23.416200637817383,23.280000686645508,23.290000915527344,14063
CNET,2025-12-18 00:00:00,1.2200000286102295,1.2000000476837158,1.1200000047683716,1.1799999475479126,19638
CNXT,2025-12-18 00:00:00,42.68000030517578,42.95119857788086,42.689998626708984,42.90999984741211,15778
COAL,2025-12-18 00:00:00,22.6200008392334,22.920000076293945,22.661399841308594,22.801000595092773,15547
COCP,2025-12-18 00:00:00,0.9599999785423279,1.0499999523162842,0.9800999760627747,1.0,55513
COE,2025-12-18 00:00:00,32.290000915527344,34.68000030517578,33.20000076293945,33.54999923706055,20398
COF,2025-12-18 00:00:00,241.0800018310547,244.78500366210938,241.22000122070312,242.8000030517578,3707414
COHN,2025-12-18 00:00:00,19.110000610351562,18.979999542236328,16.799999237060547,16.809999465942383,55308
COM,2025-12-18 00:00:00,29.549999237060547,29.53499984741211,29.375,29.3799991607666,29234
CORN,2025-12-18 00:00:00,17.75,17.869800567626953,17.780000686645508,17.84000015258789,69809
CPNM,2025-12-18 00:00:00,25.889999389648438,25.889299392700195,25.889299392700195,25.889299392700195,538
CPSF,2025-12-18 00:00:00,25.459999084472656,25.47800064086914,25.47800064086914,25.47800064086914,446
CPSJ,2025-12-18 00:00:00,26.790000915527344,26.808399200439453,26.80500030517578,26.80500030517578,915
CPSS,2025-12-18 00:00:00,9.640000343322754,9.619999885559082,9.370100021362305,9.569999694824219,16685
CRDF,2025-12-18 00:00:00,2.440000057220459,2.549999952316284,2.450000047683716,2.5,761506
CRF,2025-12-18 00:00:00,7.809999942779541,7.880000114440918,7.820000171661377,7.849999904632568,677788
CRWS,2025-12-18 00:00:00,2.5899999141693115,2.6700000762939453,2.5999999046325684,2.609999895095825,20445
CSD,2025-12-18 00:00:00,100.01000213623047,100.06639862060547,100.06639862060547,100.06600189208984,752
CSNR,2025-12-18 00:00:00,30.360000610351562,30.325000762939453,30.25779914855957,30.29439926147461,3567
CTBB,2025-12-18 00:00:00,18.350000381469727,18.469999313354492,18.350500106811523,18.399999618530273,24498
CURE,2025-12-18 00:00:00,108.43000030517578,111.6781005859375,108.5,108.95999908447266,44875
CUT,2025-12-18 00:00:00,29.399999618530273,29.53499984741211,29.43000030517578,29.43000030517578,1887
CVR,2025-12-18 00:00:00,12.180000305175781,13.206500053405762,13.050000190734863,13.050000190734863,2425
CWS,2025-12-18 00:00:00,69.51000213623047,69.50499725341797,69.02010345458984,69.12000274658203,13246
DBB,2025-12-18 00:00:00,22.700000762939453,22.440000534057617,22.315000534057617,22.389999389648438,85740
DBEU,2025-12-18 00:00:00,48.08000183105469,48.457298278808594,48.185001373291016,48.27000045776367,55491
DBJP,2025-12-18 00:00:00,93.79000091552734,93.25499725341797,92.8499984741211,93.00499725341797,5180
DDC,2025-12-18 00:00:00,2.2300000190734863,2.190000057220459,1.940000057220459,2.1466000080108643,105668
DEEP,2025-12-18 00:00:00,36.880001068115234,36.7400016784668,36.61429977416992,36.61429977416992,562
DFE,2025-12-18 00:00:00,70.95999908447266,71.37000274658203,71.06999969482422,71.16999816894531,30212
DFII,2025-12-18 00:00:00,17.940000534057617,17.850000381469727,17.149999618530273,17.174999237060547,11315
DFNM,2025-12-18 00:00:00,48.150001525878906,48.13999938964844,48.08000183105469,48.099998474121094,289162
DGIN,2025-12-18 00:00:00,41.97999954223633,42.10150146484375,42.040000915527344,42.10150146484375,333
DIAL,2025-12-18 00:00:00,18.43000030517578,18.420000076293945,18.385000228881836,18.402999877929688,396937
DIAX,2025-12-18 00:00:00,14.859999656677246,15.059599876403809,14.895000457763672,14.949999809265137,85296
DIEM,2025-12-18 00:00:00,33.11000061035156,33.23249816894531,33.16320037841797,33.16320037841797,3850
DIG,2025-12-18 00:00:00,35.84000015258789,35.698001861572266,34.779998779296875,34.849998474121094,22894
DIVL,2025-12-18 00:00:00,23.149999618530273,22.981800079345703,22.981800079345703,22.981800079345703,1243
DLHC,2025-12-18 00:00:00,5.579999923706055,5.559999942779541,5.505000114440918,5.559999942779541,6429
DRI,2025-12-18 00:00:00,198.0,197.5,187.25999450683594,192.8800048828125,4731430
DRUG,2025-12-18 00:00:00,88.08000183105469,86.11000061035156,77.80000305175781,78.87999725341797,184095
DRUP,2025-12-18 00:00:00,66.86000061035156,66.83999633789062,66.62000274658203,66.62000274658203,2003
DSS,2025-12-18 00:00:00,0.9900000095367432,0.9800000190734863,0.9700000286102295,0.9800000190734863,6896
DTAN,2025-12-18 00:00:00,31.299999237060547,31.259700775146484,31.208900451660156,31.208900451660156,4491
DTF,2025-12-18 00:00:00,11.3100004196167,11.369999885559082,11.359999656677246,11.369999885559082,19388
DUG,2025-12-18 00:00:00,33.36000061035156,34.29719924926758,33.45029830932617,34.17300033569336,36788
DUOT,2025-12-18 00:00:00,9.25,9.746100425720215,9.279999732971191,9.489999771118164,117233
DWMF,2025-12-18 00:00:00,32.68000030517578,32.91999816894531,32.72999954223633,32.795101165771484,5493
DWX,2025-12-18 00:00:00,44.11000061035156,44.099998474121094,43.92449951171875,43.944000244140625,14785
E,2025-12-18 00:00:00,36.9900016784668,36.959999084472656,36.650001525878906,36.650001525878906,155970
EBF,2025-12-18 00:00:00,18.139999389648438,18.46500015258789,18.170000076293945,18.40999984741211,161064
ECF,2025-12-18 00:00:00,11.369999885559082,11.729999542236328,11.435500144958496,11.470000267028809,20723
ECO,2025-12-18 00:00:00,35.650001525878906,35.45000076293945,34.099998474121094,34.150001525878906,265124
EDN,2025-12-18 00:00:00,30.639999389648438,33.08399963378906,30.790000915527344,31.31999969482422,103877
EEA,2025-12-18 00:00:00,11.34000015258789,11.12600040435791,10.70009994506836,10.850000381469727,21373
EEV,2025-12-18 00:00:00,20.030000686645508,20.100000381469727,20.070499420166016,20.07990074157715,2312
EFFE,2025-12-18 00:00:00,23.959999084472656,23.985300064086914,23.960100173950195,23.985300064086914,202
EFU,2025-12-18 00:00:00,9.329999923706055,9.357199668884277,9.339900016784668,9.357199668884277,4470
EFXT,2025-12-18 00:00:00,15.739999771118164,15.705499649047852,14.479999542236328,15.0,517810
EFZ,2025-12-18 00:00:00,12.979999542236328,12.96500015258789,12.920000076293945,12.96500015258789,56994
EIPX,2025-12-18 00:00:00,26.389999389648438,26.3700008392334,26.094999313354492,26.170000076293945,21842
EIRL,2025-12-18 00:00:00,73.55000305175781,73.7698974609375,73.7061996459961,73.7061996459961,1986
EJAN,2025-12-18 00:00:00,33.720001220703125,33.709999084472656,33.599998474121094,33.64540100097656,25854
EMCR,2025-12-18 00:00:00,36.400001525878906,36.28010177612305,36.28010177612305,36.28010177612305,941
EMDM,2025-12-18 00:00:00,30.079999923706055,30.010000228881836,29.991300582885742,29.991300582885742,2619
EMM,2025-12-18 00:00:00,33.220001220703125,33.20500183105469,32.880001068115234,32.880001068115234,11211
EMOP,2025-12-18 00:00:00,39.86000061035156,39.69990158081055,39.69990158081055,39.69990158081055,135
EMTY,2025-12-18 00:00:00,11.949999809265137,12.070500373840332,12.070500373840332,12.070500373840332,661
EPI,2025-12-18 00:00:00,45.22999954223633,45.439998626708984,45.244998931884766,45.29999923706055,338010
EPM,2025-12-18 00:00:00,3.740000009536743,3.734999895095825,3.5450000762939453,3.559999942779541,734240
EQBK,2025-12-18 00:00:00,47.29999923706055,47.9900016784668,47.33000183105469,47.5,51161
EQH,2025-12-18 00:00:00,48.470001220703125,48.41999816894531,47.400001525878906,47.790000915527344,2082258
EQIN,2025-12-18 00:00:00,47.66999816894531,47.66510009765625,47.24409866333008,47.349998474121094,16841
ERTH,2025-12-18 00:00:00,46.90999984741211,47.31999969482422,46.91999816894531,47.18000030517578,7634
ERX,2025-12-18 00:00:00,55.31999969482422,55.21590042114258,53.55009841918945,53.83000183105469,166305
ERY,2025-12-18 00:00:00,20.290000915527344,20.924999237060547,20.315000534057617,20.829999923706055,541622
ESS,2025-12-18 00:00:00,263.57000732421875,263.4750061035156,260.4700012207031,261.07000732421875,256042
ETHO,2025-12-18 00:00:00,66.64199829101562,66.23259735107422,66.23259735107422,66.23259735107422,524
EVEX,2025-12-18 00:00:00,4.670000076293945,5.159999847412109,4.699999809265137,4.829999923706055,2579930
EVG,2025-12-18 00:00:00,10.84000015258789,10.839900016784668,10.75,10.800000190734863,106638
EVGOW,2025-12-18 00:00:00,0.18199999630451202,0.09300000220537186,0.08699999749660492,0.08799999952316284,26970
EWK,2025-12-18 00:00:00,24.270000457763672,24.2450008392334,24.1299991607666,24.209999084472656,8142
EXEEL,2025-12-18 00:00:00,92.8499984741211,99.08999633789062,98.08999633789062,98.0999984741211,500597
EXOD,2025-12-18 00:00:00,14.75,15.489999771118164,14.864999771118164,15.210000038146973,73202
EZJ,2025-12-18 00:00:00,51.5,51.28010177612305,51.28010177612305,51.28010177612305,243
FAI,2025-12-18 00:00:00,40.25,40.20479965209961,39.93000030517578,39.93000030517578,1825
FARX,2025-12-18 00:00:00,27.299999237060547,27.216100692749023,27.18000030517578,27.216100692749023,1628
FBK,2025-12-18 00:00:00,57.959999084472656,57.86000061035156,56.939998626708984,57.06999969482422,433767
FBY,2025-12-18 00:00:00,12.5600004196167,12.75,12.604999542236328,12.670000076293945,95545
FCFY,2025-12-18 00:00:00,28.030000686645508,27.804399490356445,27.804399490356445,27.804399490356445,1
FCO,2025-12-18 00:00:00,2.940000057220459,2.9100000858306885,2.8499999046325684,2.869999885559082,79701
FCOR,2025-12-18 00:00:00,48.0,48.10200119018555,48.02000045776367,48.08000183105469,24756
FDAT,2025-12-18 00:00:00,22.489999771118164,22.36520004272461,22.36520004272461,22.36520004272461,229
FDN,2025-12-18 00:00:00,267.1600036621094,269.9800109863281,267.1676940917969,267.9700012207031,304546
FDP,2025-12-18 00:00:00,38.29999923706055,38.872398376464844,38.345001220703125,38.650001525878906,127953
FEOE,2025-12-18 00:00:00,48.0,48.470001220703125,48.0099983215332,48.2400016784668,101649
FIGS,2025-12-18 00:00:00,11.579999923706055,11.970000267028809,11.630000114440918,11.729999542236328,1837027
FLAU,2025-12-18 00:00:00,31.719999313354492,31.61989974975586,31.519800186157227,31.519800186157227,4958
FLGV,2025-12-18 00:00:00,20.639999389648438,20.638700485229492,20.61009979248047,20.625,68827
FLJJ,2025-12-18 00:00:00,31.850000381469727,31.897899627685547,31.8700008392334,31.897899627685547,1731
FLMB,2025-12-18 00:00:00,23.780000686645508,23.81999969482422,23.78059959411621,23.795000076293945,2636
FLNG,2025-12-18 00:00:00,25.600000381469727,25.489999771118164,25.239999771118164,25.299999237060547,304559
FMKT,2025-12-18 00:00:00,21.809999465942383,22.27989959716797,22.020000457763672,22.020000457763672,3702
FMNY,2025-12-18 00:00:00,26.700000762939453,26.65999984741211,26.600000381469727,26.65999984741211,1660
FMQQ,2025-12-18 00:00:00,13.710000038146973,13.671600341796875,13.652400016784668,13.652400016784668,6972
FNGG,2025-12-18 00:00:00,205.25,204.7899932861328,202.0800018310547,203.22999572753906,12446
FOXY,2025-12-18 00:00:00,28.18000030517578,28.149999618530273,27.960100173950195,27.99799919128418,14421
FPX,2025-12-18 00:00:00,163.82000732421875,166.3800048828125,164.19000244140625,164.55999755859375,18888
FRI,2025-12-18 00:00:00,27.540000915527344,27.450000762939453,27.243200302124023,27.270000457763672,19968
FSP,2025-12-18 00:00:00,1.0,0.9941999912261963,0.9617000222206116,0.9659000039100647,160178
FTCE,2025-12-18 00:00:00,24.780000686645508,24.760000228881836,24.68000030517578,24.68000030517578,5057
FTHF,2025-12-18 00:00:00,32.0099983215332,31.825300216674805,31.825300216674805,31.825300216674805,395
FTK,2025-12-18 00:00:00,15.369999885559082,16.190000534057617,15.4399995803833,15.869999885559082,288216
FTS,2025-12-18 00:00:00,51.400001525878906,51.75,51.40999984741211,51.459999084472656,379831
FTW,2025-12-18 00:00:00,10.5,10.491000175476074,10.479999542236328,10.479999542236328,22945
FXA,2025-12-18 00:00:00,65.58000183105469,65.54000091552734,65.4823989868164,65.4823989868164,4845
FXC,2025-12-18 00:00:00,70.91999816894531,71.04499816894531,70.927001953125,70.927001953125,12203
FXN,2025-12-18 00:00:00,16.5,16.459999084472656,16.09000015258789,16.139999389648438,897374
GDL,2025-12-18 00:00:00,8.470000267028809,8.529999732971191,8.489999771118164,8.5,9807
GEND,2025-12-18 00:00:00,11.5600004196167,11.522000312805176,11.522000312805176,11.522000312805176,383
GENW,2025-12-18 00:00:00,13.130000114440918,13.244999885559082,13.244999885559082,13.244999885559082,211
GES,2025-12-18 00:00:00,16.850000381469727,16.84000015258789,16.799999237060547,16.799999237060547,162590
GFGF,2025-12-18 00:00:00,35.0,34.900001525878906,34.900001525878906,34.900001525878906,27
GFL,2025-12-18 00:00:00,44.20000076293945,44.16999816894531,43.36000061035156,43.459999084472656,1174987
GGRW,2025-12-18 00:00:00,34.86000061035156,34.9026985168457,34.9026985168457,34.9026985168457,276
GHG,2025-12-18 00:00:00,1.8700000047683716,1.7898999452590942,1.75,1.7599999904632568,30945
GJT,2025-12-18 00:00:00,22.8799991607666,22.8700008392334,22.8700008392334,22.8700008392334,770
GK,2025-12-18 00:00:00,25.149999618530273,25.19409942626953,25.17770004272461,25.17770004272461,2905
GLIN,2025-12-18 00:00:00,45.36000061035156,45.54499816894531,45.400001525878906,45.400001525878906,5236
GLP,2025-12-18 00:00:00,42.06999969482422,42.77009963989258,42.16999816894531,42.38999938964844,36787
GMET,2025-12-18 00:00:00,37.0,36.360198974609375,35.54999923706055,35.92499923706055,19544
GMMA,2025-12-18 00:00:00,21.40999984741211,21.382299423217773,21.382299423217773,21.382299423217773,102
GNK,2025-12-18 00:00:00,18.350000381469727,18.34000015258789,18.114999771118164,18.299999237060547,248698
GRABW,2025-12-18 00:00:00,0.4950999915599823,0.33980000019073486,0.2554999887943268,0.2906000018119812,58521
GRDN,2025-12-18 00:00:00,30.770000457763672,31.594999313354492,30.985000610351562,31.149999618530273,141240
GRF,2025-12-18 00:00:00,10.760000228881836,11.1899995803833,10.851300239562988,10.851300239562988,13219
GRNB,2025-12-18 00:00:00,24.450000762939453,24.44499969482422,24.384000778198242,24.417999267578125,30342
GROV,2025-12-18 00:00:00,1.2200000286102295,1.2100000381469727,1.190000057220459,1.2100000381469727,4977
GRX,2025-12-18 00:00:00,9.350000381469727,9.510000228881836,9.4399995803833,9.449999809265137,50532
GSIG,2025-12-18 00:00:00,47.77000045776367,47.779998779296875,47.779998779296875,47.779998779296875,15
GSKH,2025-12-18 00:00:00,67.94000244140625,67.76570129394531,67.76570129394531,67.76570129394531,108
GXDW,2025-12-18 00:00:00,24.450000762939453,24.20199966430664,24.20199966430664,24.20199966430664,51
GXIG,2025-12-18 00:00:00,25.739999771118164,25.709999084472656,25.700000762939453,25.709999084472656,1218
GXPC,2025-12-18 00:00:00,29.09000015258789,29.360000610351562,29.190000534057617,29.260000228881836,38404
GYLD,2025-12-18 00:00:00,13.289999961853027,13.449999809265137,13.319999694824219,13.4350004196167,7754
H,2025-12-18 00:00:00,165.64999389648438,165.2100067138672,160.7100067138672,162.55999755859375,566473
HBTA,2025-12-18 00:00:00,28.670000076293945,28.879899978637695,28.691699981689453,28.691699981689453,8336
HCXY,2025-12-18 00:00:00,25.389999389648438,25.43939971923828,25.43939971923828,25.43939971923828,516
HDEF,2025-12-18 00:00:00,31.040000915527344,31.00860023498535,30.797500610351562,30.899999618530273,90916
HEQ,2025-12-18 00:00:00,10.65999984741211,10.788399696350098,10.660099983215332,10.680000305175781,44001
HFGM,2025-12-18 00:00:00,31.639999389648438,31.796499252319336,31.649999618530273,31.6200008392334,8669
HFND,2025-12-18 00:00:00,23.639999389648438,23.739900588989258,23.65999984741211,23.521699905395508,5349
HGTY,2025-12-18 00:00:00,12.770000457763672,13.0600004196167,12.789999961853027,13.029999732971191,89826
HKD,2025-12-18 00:00:00,1.340000033378601,1.3899999856948853,1.350000023841858,1.350000023841858,250950
HLIO,2025-12-18 00:00:00,55.9900016784668,55.94499969482422,54.380001068115234,54.459999084472656,253102
HOMZ,2025-12-18 00:00:00,46.459999084472656,46.189701080322266,46.160099029541016,46.189701080322266,2040
HP,2025-12-18 00:00:00,28.719999313354492,28.59000015258789,27.065000534057617,27.68000030517578,1230671
HQGO,2025-12-18 00:00:00,59.9900016784668,59.90119934082031,59.90119934082031,59.90119934082031,124
HTAX,2025-12-18 00:00:00,24.3799991607666,24.364999771118164,24.364999771118164,24.364999771118164,265
HTD,2025-12-18 00:00:00,23.3799991607666,23.68000030517578,23.399999618530273,23.600000381469727,96094
HTFC,2025-12-18 00:00:00,24.8799991607666,24.8700008392334,24.790000915527344,24.826000213623047,1844
HUYA,2025-12-18 00:00:00,2.9800000190734863,3.049999952316284,3.0,3.0199999809265137,403054
HYBB,2025-12-18 00:00:00,47.189998626708984,47.15639877319336,47.099998474121094,47.11289978027344,42683
HYBX,2025-12-18 00:00:00,29.93000030517578,29.996000289916992,29.985000610351562,29.985000610351562,1261
HYSA,2025-12-18 00:00:00,15.279999732971191,15.229999542236328,15.175000190734863,15.190400123596191,4269
HYSD,2025-12-18 00:00:00,20.329999923706055,20.43000030517578,20.34000015258789,20.34000015258789,3338
IBCA,2025-12-18 00:00:00,26.06999969482422,26.040000915527344,26.0,26.03499984741211,46826
IBD,2025-12-18 00:00:00,24.18000030517578,24.123899459838867,23.97010040283203,24.100000381469727,61139
IBID,2025-12-18 00:00:00,26.030000686645508,26.05590057373047,26.037500381469727,26.05500030517578,15646
IBIE,2025-12-18 00:00:00,26.209999084472656,26.239999771118164,26.212900161743164,26.239999771118164,10423
IBUF,2025-12-18 00:00:00,28.8799991607666,28.993000030517578,28.89900016784668,28.923999786376953,22727
IBUY,2025-12-18 00:00:00,75.12999725341797,75.5999984741211,75.13619995117188,75.13619995117188,4065
IDOG,2025-12-18 00:00:00,38.400001525878906,38.37990188598633,38.04999923706055,38.060001373291016,31208
IDU,2025-12-18 00:00:00,108.33000183105469,109.29000091552734,108.3550033569336,108.76000213623047,80883
IEZ,2025-12-18 00:00:00,20.700000762939453,20.600000381469727,20.309999465942383,20.350000381469727,82377
IFED,2025-12-18 00:00:00,46.31999969482422,46.51179885864258,46.51179885864258,46.51179885864258,459
IFS,2025-12-18 00:00:00,41.220001220703125,42.900001525878906,41.349998474121094,42.720001220703125,207768
IGBH,2025-12-18 00:00:00,24.690000534057617,24.659900665283203,24.610000610351562,24.6299991607666,39763
IGC,2025-12-18 00:00:00,0.3490000069141388,0.34689998626708984,0.32519999146461487,0.3361000120639801,1529204
IGI,2025-12-18 00:00:00,16.350000381469727,16.40999984741211,16.350099563598633,16.395000457763672,29194
IGME,2025-12-18 00:00:00,28.799999237060547,28.655000686645508,28.385499954223633,28.385499954223633,3295
IHS,2025-12-18 00:00:00,7.170000076293945,7.434999942779541,7.199999809265137,7.420000076293945,1047796
INCE,2025-12-18 00:00:00,61.189998626708984,61.11000061035156,61.0099983215332,61.03580093383789,3561
INDS,2025-12-18 00:00:00,38.06999969482422,38.060001373291016,37.66999816894531,37.66999816894531,6919
INMU,2025-12-18 00:00:00,24.190000534057617,24.1200008392334,24.050100326538086,24.059999465942383,117686
INQQ,2025-12-18 00:00:00,14.960000038146973,15.074999809265137,14.970000267028809,14.970000267028809,18638
INVN,2025-12-18 00:00:00,21.670000076293945,21.61280059814453,21.61280059814453,21.61280059814453,746
ION,2025-12-18 00:00:00,48.58000183105469,49.279998779296875,48.839900970458984,48.92259979248047,5629
IQHI,2025-12-18 00:00:00,26.389999389648438,26.364999771118164,26.364999771118164,26.364999771118164,510
ISCB,2025-12-18 00:00:00,65.83999633789062,65.80000305175781,65.19000244140625,65.28199768066406,7360
ISOU,2025-12-18 00:00:00,7.800000190734863,8.194999694824219,7.833000183105469,7.940000057220459,105797
ISRA,2025-12-18 00:00:00,59.43000030517578,60.30649948120117,59.81999969482422,60.060001373291016,7317
ITDI,2025-12-18 00:00:00,37.880001068115234,37.86000061035156,37.7760009765625,37.7760009765625,1517
IVRS,2025-12-18 00:00:00,34.880001068115234,34.902801513671875,34.88010025024414,34.902801513671875,465
IWFG,2025-12-18 00:00:00,52.52000045776367,52.630001068115234,52.582698822021484,52.582698822021484,794
IX,2025-12-18 00:00:00,28.850000381469727,29.084400177001953,28.8700008392334,28.920000076293945,114450
IXC,2025-12-18 00:00:00,41.25,41.16559982299805,40.70000076293945,40.779998779296875,656263
JABS,2025-12-18 00:00:00,50.0099983215332,50.2599983215332,50.2599983215332,50.2599983215332,631
JADE,2025-12-18 00:00:00,61.0,60.895999908447266,60.895999908447266,60.895999908447266,172
JDIV,2025-12-18 00:00:00,53.29999923706055,53.05730056762695,53.05730056762695,53.05730056762695,235
JEMB,2025-12-18 00:00:00,53.75,53.67499923706055,53.54999923706055,53.67499923706055,1761
JETD,2025-12-18 00:00:00,4.800000190734863,4.920000076293945,4.829899787902832,4.880000114440918,12060
JHAC,2025-12-18 00:00:00,15.380000114440918,15.359700202941895,15.359700202941895,15.359700202941895,1115
JHCB,2025-12-18 00:00:00,21.700000762939453,21.699899673461914,21.639999389648438,21.67300033569336,8624
JHCP,2025-12-18 00:00:00,25.5,25.579200744628906,25.514999389648438,25.524999618530273,2929
JHCR,2025-12-18 00:00:00,25.56999969482422,25.55500030517578,25.55500030517578,25.55500030517578,139
JHEM,2025-12-18 00:00:00,32.43000030517578,32.560001373291016,32.45000076293945,32.45000076293945,10350
JHMU,2025-12-18 00:00:00,26.260000228881836,26.200300216674805,26.200300216674805,26.200300216674805,770
JHPI,2025-12-18 00:00:00,23.1299991607666,23.079999923706055,23.030000686645508,23.030000686645508,49468
JHS,2025-12-18 00:00:00,11.399999618530273,11.539999961853027,11.420000076293945,11.4399995803833,11765
JIII,2025-12-18 00:00:00,51.08000183105469,51.06890106201172,50.970001220703125,51.029998779296875,10790
JLQD,2025-12-18 00:00:00,42.130001068115234,42.119998931884766,42.119998931884766,42.119998931884766,108
JOB,2025-12-18 00:00:00,0.18400000035762787,0.19539999961853027,0.18459999561309814,0.19519999623298645,565765
JOE,2025-12-18 00:00:00,61.84000015258789,61.83000183105469,60.779998779296875,61.33000183105469,153682
JPAN,2025-12-18 00:00:00,35.709999084472656,35.60129928588867,35.60129928588867,35.60129928588867,319
JPEM,2025-12-18 00:00:00,62.52000045776367,61.18000030517578,60.66109848022461,60.79999923706055,59662
JPSV,2025-12-18 00:00:00,59.130001068115234,59.09000015258789,59.09000015258789,59.09000015258789,367
JRI,2025-12-18 00:00:00,13.279999732971191,13.470100402832031,13.319999694824219,13.430000305175781,134131
KAPA,2025-12-18 00:00:00,0.7457000017166138,0.7850000262260437,0.7461000084877014,0.7749999761581421,128796
KBDC,2025-12-18 00:00:00,15.380000114440918,15.630000114440918,15.40999984741211,15.5600004196167,256048
KBH,2025-12-18 00:00:00,64.12999725341797,64.01000213623047,61.88999938964844,62.75,2323907
KEQU,2025-12-18 00:00:00,39.529998779296875,38.36000061035156,38.36000061035156,38.36000061035156,393
KEUA,2025-12-18 00:00:00,28.600000381469727,28.5,28.42009925842285,28.42009925842285,1153
KF,2025-12-18 00:00:00,34.810001373291016,35.85900115966797,35.000099182128906,35.349998474121094,22089
KFS,2025-12-18 00:00:00,12.300000190734863,12.741399765014648,12.324999809265137,12.649999618530273,39293
KKRT,2025-12-18 00:00:00,25.68000030517578,25.8799991607666,25.690000534057617,25.8799991607666,29042
KNCT,2025-12-18 00:00:00,130.32000732421875,130.5030975341797,130.47390747070312,130.4739990234375,1230
KNO,2025-12-18 00:00:00,51.15999984741211,51.08940124511719,51.08940124511719,51.08940124511719,232
KNRG,2025-12-18 00:00:00,25.940000534057617,25.93160057067871,25.93000030517578,25.93000030517578,408
KOKU,2025-12-18 00:00:00,118.61000061035156,119.62000274658203,119.22090148925781,119.22100067138672,2447
KOOL,2025-12-18 00:00:00,12.579999923706055,12.573699951171875,12.573699951171875,12.573699951171875,54
KRG,2025-12-18 00:00:00,23.950000762939453,23.90999984741211,23.655000686645508,23.670000076293945,1561086
KRMN,2025-12-18 00:00:00,66.9800033569336,70.87999725341797,67.04000091552734,68.11000061035156,2874195
KRP,2025-12-18 00:00:00,11.579999923706055,11.550000190734863,11.369999885559082,11.449999809265137,774092
KTH,2025-12-18 00:00:00,28.530000686645508,28.55500030517578,28.533700942993164,28.533700942993164,1254
KW,2025-12-18 00:00:00,9.760000228881836,9.930000305175781,9.8100004196167,9.850000381469727,528804
LANV,2025-12-18 00:00:00,1.8200000524520874,1.7999999523162842,1.600000023841858,1.600000023841858,17468
LCR,2025-12-18 00:00:00,39.630001068115234,37.95000076293945,37.84000015258789,37.84000015258789,4344
LDRT,2025-12-18 00:00:00,25.389999389648438,25.375,25.3700008392334,25.375,2358
LDUR,2025-12-18 00:00:00,96.0999984741211,96.22000122070312,96.12000274658203,96.19999694824219,808093
LGHT,2025-12-18 00:00:00,9.989999771118164,9.950499534606934,9.950499534606934,9.950499534606934,678
LGL,2025-12-18 00:00:00,5.949999809265137,5.880000114440918,5.760000228881836,5.769999980926514,4551
LIDRW,2025-12-18 00:00:00,0.17730000615119934,0.11490000039339066,0.10000000149011612,0.10000000149011612,1871
LITB,2025-12-18 00:00:00,1.7300000190734863,1.8603999614715576,1.76010000705719,1.840000033378601,5488
LLDR,2025-12-18 00:00:00,45.95500183105469,45.9099006652832,45.9099006652832,45.9099006652832,103
LLYX,2025-12-18 00:00:00,24.674999237060547,26.459999084472656,24.750200271606445,25.440000534057617,586373
LMBO,2025-12-18 00:00:00,23.170000076293945,22.743499755859375,21.40999984741211,21.492599487304688,14791
LMUB,2025-12-18 00:00:00,50.38999938964844,50.529998779296875,50.45000076293945,50.45500183105469,7844
LOUP,2025-12-18 00:00:00,75.2699966430664,76.2738037109375,75.30809783935547,75.5260009765625,12178
LPRE,2025-12-18 00:00:00,26.8700008392334,26.829999923706055,26.617599487304688,26.617599487304688,4932
LQAI,2025-12-18 00:00:00,39.130001068115234,39.060001373291016,38.99589920043945,38.99589920043945,1226
LQIG,2025-12-18 00:00:00,95.81999969482422,95.74980163574219,95.70999908447266,95.74980163574219,1416
LQTI,2025-12-18 00:00:00,20.200000762939453,20.100000381469727,20.063499450683594,20.100000381469727,370737
LRGG,2025-12-18 00:00:00,29.0,29.172500610351562,29.030000686645508,29.100000381469727,12861
LSPD,2025-12-18 00:00:00,11.970000267028809,12.479999542236328,12.005000114440918,12.029999732971191,334684
LTL,2025-12-18 00:00:00,27.959999084472656,27.805200576782227,27.74370002746582,27.74370002746582,1396
LUCYW,2025-12-18 00:00:00,0.0,0.06549999862909317,0.04100000113248825,0.06549999862909317,15600
MAGG,2025-12-18 00:00:00,20.6200008392334,20.610700607299805,20.551300048828125,20.610000610351562,4836
MAIN,2025-12-18 00:00:00,61.130001068115234,61.06999969482422,59.850101470947266,60.310001373291016,531773
MART,2025-12-18 00:00:00,38.40999984741211,38.38629913330078,38.380001068115234,38.38629913330078,1049
MAYW,2025-12-18 00:00:00,33.369998931884766,33.39289855957031,33.39289855957031,33.39289855957031,359
MBI,2025-12-18 00:00:00,7.369999885559082,7.760000228881836,7.389999866485596,7.71999979019165,407801
MCH,2025-12-18 00:00:00,28.18000030517578,28.111499786376953,28.111499786376953,28.111499786376953,226
MCR,2025-12-18 00:00:00,6.230000019073486,6.269999980926514,6.238500118255615,6.25,100408
MDCXW,2025-12-18 00:00:00,0.9898999929428101,0.9599999785423279,0.8100000023841858,0.839900016784668,2543
MEC,2025-12-18 00:00:00,18.059999465942383,18.049999237060547,17.489999771118164,17.65999984741211,193086
MEM,2025-12-18 00:00:00,34.75,34.959999084472656,34.765499114990234,34.825401306152344,7227
MFM,2025-12-18 00:00:00,5.380000114440918,5.426499843597412,5.380099773406982,5.400000095367432,123064
MFSM,2025-12-18 00:00:00,25.049999237060547,25.040000915527344,25.024999618530273,25.03849983215332,2664
MGLD,2025-12-18 00:00:00,0.9599999785423279,0.900600016117096,0.8655999898910522,0.8655999898910522,3921
MGRB,2025-12-18 00:00:00,17.3799991607666,17.575000762939453,17.389999389648438,17.5,17823
MH,2025-12-18 00:00:00,16.860000610351562,17.479999542236328,16.895000457763672,17.25,413976
MHN,2025-12-18 00:00:00,10.34000015258789,10.289999961853027,10.2475004196167,10.260000228881836,145228
MINV,2025-12-18 00:00:00,32.86000061035156,34.29359817504883,34.16899871826172,34.20819854736328,3528
MISL,2025-12-18 00:00:00,41.02000045776367,41.43000030517578,41.060001373291016,41.13999938964844,111603
MITP,2025-12-18 00:00:00,25.43000030517578,25.41659927368164,25.399999618530273,25.399999618530273,2164
MKAM,2025-12-18 00:00:00,30.809999465942383,30.833599090576172,30.833599090576172,30.833599090576172,504
MLPB,2025-12-18 00:00:00,25.479999542236328,25.309999465942383,25.030000686645508,25.110000610351562,20536
MMIN,2025-12-18 00:00:00,24.0,23.989999771118164,23.93000030517578,23.979999542236328,62314
MMTM,2025-12-18 00:00:00,288.9800109863281,288.95001220703125,287.9580078125,288.385009765625,1588
MNRS,2025-12-18 00:00:00,30.770000457763672,30.229999542236328,29.80299949645996,29.80299949645996,11481
MOBBW,2025-12-18 00:00:00,3.799999952316284,3.299999952316284,2.9500999450683594,3.299999952316284,1890
MOTO,2025-12-18 00:00:00,52.459999084472656,52.54999923706055,52.54999923706055,52.54999923706055,122
MPTI,2025-12-18 00:00:00,54.2400016784668,53.959999084472656,53.099998474121094,53.220001220703125,15398
MPU,2025-12-18 00:00:00,1.2699999809265137,1.2450000047683716,1.159999966621399,1.1629999876022339,224661
MRSK,2025-12-18 00:00:00,35.529998779296875,36.70000076293945,36.2599983215332,36.310001373291016,18020
MSFO,2025-12-18 00:00:00,15.350000381469727,15.663200378417969,15.404999732971191,15.520000457763672,70444
MSPRW,2025-12-18 00:00:00,0.0027000000700354576,0.0020000000949949026,0.0017000000225380063,0.0020000000949949026,52894
MTGP,2025-12-18 00:00:00,44.86000061035156,44.82109832763672,44.79499816894531,44.82109832763672,2086
MTH,2025-12-18 00:00:00,69.5,69.41000366210938,68.25,68.2699966430664,874521
MUE,2025-12-18 00:00:00,9.979999542236328,10.020000457763672,9.989999771118164,10.010000228881836,127480
MVF,2025-12-18 00:00:00,6.869999885559082,6.914999961853027,6.885000228881836,6.900000095367432,140132
MVPA,2025-12-18 00:00:00,34.08000183105469,33.89860153198242,33.89860153198242,33.89860153198242,247
MVPL,2025-12-18 00:00:00,35.959999084472656,35.60900115966797,35.60900115966797,35.60900115966797,587
MXC,2025-12-18 00:00:00,10.260000228881836,9.989999771118164,9.609999656677246,9.609999656677246,1984
MXF,2025-12-18 00:00:00,19.65999984741211,19.979999542236328,19.72010040283203,19.899999618530273,13871
MYND,2025-12-18 00:00:00,0.5400000214576721,0.527999997138977,0.5,0.5156999826431274,5450
MZZ,2025-12-18 00:00:00,7.880000114440918,7.960000038146973,7.920100212097168,7.940000057220459,2105
NAMSW,2025-12-18 00:00:00,24.40999984741211,22.25,21.770000457763672,21.770000457763672,1298
NAN,2025-12-18 00:00:00,11.399999618530273,11.362000465393066,11.300000190734863,11.319999694824219,128567
NAZ,2025-12-18 00:00:00,12.0,11.989999771118164,11.899999618530273,11.920000076293945,13857
NBDS,2025-12-18 00:00:00,35.68000030517578,35.665000915527344,35.34159851074219,35.34159851074219,1768
NEN,2025-12-18 00:00:00,63.0,63.849998474121094,63.849998474121094,63.849998474121094,505
NINE,2025-12-18 00:00:00,0.3772999942302704,0.37369999289512634,0.33000001311302185,0.3375000059604645,4254792
NNY,2025-12-18 00:00:00,8.359999656677246,8.5600004196167,8.360099792480469,8.390000343322754,63632
NOM,2025-12-18 00:00:00,11.25,11.394499778747559,11.394499778747559,11.394499778747559,1019
NOMD,2025-12-18 00:00:00,12.699999809265137,12.944999694824219,12.710000038146973,12.890000343322754,1320857
NPFD,2025-12-18 00:00:00,19.100000381469727,19.091800689697266,19.010099411010742,19.06999969482422,132933
NPO,2025-12-18 00:00:00,209.08999633789062,208.4499969482422,204.97000122070312,205.3699951171875,105222
NRGD,2025-12-18 00:00:00,16.350000381469727,16.94580078125,16.530000686645508,16.94580078125,2764
NRK,2025-12-18 00:00:00,9.989999771118164,9.979999542236328,9.899999618530273,9.979999542236328,544577
NRSH,2025-12-18 00:00:00,23.1299991607666,23.006500244140625,23.006500244140625,23.006500244140625,22
NRUC,2025-12-18 00:00:00,23.979999542236328,23.899999618530273,23.829999923706055,23.86520004272461,22285
NRXS,2025-12-18 00:00:00,2.7300000190734863,3.005000114440918,2.7750000953674316,2.880000114440918,89596
NUGO,2025-12-18 00:00:00,38.86000061035156,39.15999984741211,38.9900016784668,38.9900016784668,4351
NUKKW,2025-12-18 00:00:00,0.22540000081062317,0.17000000178813934,0.1500999927520752,0.1598999947309494,72837
NUMI,2025-12-18 00:00:00,25.079999923706055,25.065000534057617,25.03499984741211,25.03499984741211,1286
NUW,2025-12-18 00:00:00,14.229999542236328,14.390000343322754,14.239999771118164,14.3100004196167,22231
NVOH,2025-12-18 00:00:00,25.899999618530273,25.690000534057617,25.656999588012695,25.656999588012695,4541
NVRI,2025-12-18 00:00:00,18.190000534057617,18.135000228881836,17.93000030517578,17.989999771118164,1144039
NX,2025-12-18 00:00:00,16.06999969482422,16.530000686645508,16.09000015258789,16.260000228881836,1541732
NXE,2025-12-18 00:00:00,8.279999732971191,8.557999610900879,8.319999694824219,8.5,7172252
NXN,2025-12-18 00:00:00,12.029999732971191,12.100000381469727,12.050000190734863,12.050000190734863,2334
NXTE,2025-12-18 00:00:00,38.41999816894531,38.357398986816406,38.12580108642578,38.12580108642578,1677
NYC,2025-12-18 00:00:00,8.109999656677246,8.100000381469727,8.100000381469727,8.100000381469727,1604
NYF,2025-12-18 00:00:00,53.599998474121094,53.59000015258789,53.52439880371094,53.59000015258789,124136
OARK,2025-12-18 00:00:00,36.77000045776367,37.68000030517578,36.90999984741211,36.90999984741211,11446
ODC,2025-12-18 00:00:00,52.380001068115234,54.154998779296875,52.4900016784668,52.52000045776367,90998
OIH,2025-12-18 00:00:00,287.5,287.45001220703125,281.3800048828125,282.57000732421875,577170
ONEO,2025-12-18 00:00:00,130.57000732421875,130.33999633789062,129.8699951171875,130.1820068359375,1167
OOMA,2025-12-18 00:00:00,11.510000228881836,11.930000305175781,11.515000343322754,11.6899995803833,233043
OPY,2025-12-18 00:00:00,74.06999969482422,75.47000122070312,74.08000183105469,74.08999633789062,38741
ORI,2025-12-18 00:00:00,45.40999984741211,46.08000183105469,45.61000061035156,45.77000045776367,656800
OVV,2025-12-18 00:00:00,38.77000045776367,38.58000183105469,37.060001373291016,37.11000061035156,2472403
PAB,2025-12-18 00:00:00,42.97999954223633,42.95000076293945,42.86899948120117,42.93000030517578,20741
PAM,2025-12-18 00:00:00,87.80999755859375,91.37999725341797,88.44000244140625,89.0,137788
PARR,2025-12-18 00:00:00,38.709999084472656,38.599998474121094,37.54999923706055,37.869998931884766,944525
PAVS,2024-03-04 00:00:00,200.0,193.0,193.0,193.0,6
PBA,2025-12-18 00:00:00,37.38999938964844,37.30500030517578,36.720001220703125,36.75,1077149
PBD,2025-12-18 00:00:00,15.9399995803833,16.06999969482422,15.949999809265137,15.949999809265137,19940
PBDC,2025-12-18 00:00:00,31.489999771118164,31.3700008392334,31.09000015258789,31.25,77062
PBJ,2025-12-18 00:00:00,45.540000915527344,45.859798431396484,45.54999923706055,45.689998626708984,10203
PBW,2025-12-18 00:00:00,30.600000381469727,31.360000610351562,30.700000762939453,30.93000030517578,586183
PCF,2025-12-18 00:00:00,6.039999961853027,6.029600143432617,5.96999979019165,5.980000019073486,237601
PCFI,2025-12-18 00:00:00,23.690000534057617,23.674999237060547,23.674999237060547,23.674999237060547,302
PDCC,2025-12-18 00:00:00,15.119999885559082,15.340700149536133,15.194999694824219,15.340700149536133,1749
PDX,2025-12-18 00:00:00,21.200000762939453,21.0,20.75,20.829999923706055,246136
PDYNW,2025-12-18 00:00:00,0.20200000703334808,0.08839999884366989,0.07699999958276749,0.08340000361204147,20873
PEVC,2025-12-18 00:00:00,28.899999618530273,28.87310028076172,28.79010009765625,28.87310028076172,1522
PFD,2025-12-18 00:00:00,11.680000305175781,11.848899841308594,11.720000267028809,11.75,8087
PFIG,2025-12-18 00:00:00,24.31999969482422,24.3799991607666,24.334999084472656,24.3799991607666,46794
PFIX,2025-12-18 00:00:00,50.900001525878906,50.84000015258789,50.11000061035156,50.61000061035156,478829
PFLT,2025-12-18 00:00:00,9.180000305175781,9.170000076293945,9.051600456237793,9.119999885559082,723251
PGYWW,2025-12-18 00:00:00,0.5,0.37860000133514404,0.3531000018119812,0.3531000018119812,7310
PIFI,2025-12-18 00:00:00,95.63999938964844,95.67500305175781,95.67500305175781,95.67500305175781,9
PJFG,2025-12-18 00:00:00,109.62000274658203,110.02999877929688,109.62850189208984,109.76100158691406,1861
PLAG,2025-12-18 00:00:00,2.0199999809265137,2.190000057220459,2.059999942779541,2.059999942779541,25236
PLYM,2025-12-18 00:00:00,21.920000076293945,21.899999618530273,21.860000610351562,21.860000610351562,1350197
PMMF,2025-12-18 00:00:00,100.41000366210938,100.43000030517578,100.41999816894531,100.41999816894531,76968
PMTW,2025-12-18 00:00:00,25.399999618530273,25.589000701904297,25.40999984741211,25.546199798583984,4537
PPEM,2025-12-18 00:00:00,27.489999771118164,27.639999389648438,27.500900268554688,27.500900268554688,3081
PRA,2025-12-18 00:00:00,24.270000457763672,24.25,24.190000534057617,24.200000762939453,237910
PRIV,2025-12-18 00:00:00,25.43000030517578,25.426599502563477,25.390100479125977,25.40999984741211,7593
PRKS,2025-12-18 00:00:00,35.599998474121094,35.560001373291016,34.45500183105469,34.84000015258789,893847
PRSU,2025-12-18 00:00:00,36.869998931884766,36.77000045776367,35.744998931884766,35.970001220703125,140991
PRVS,2025-12-18 00:00:00,27.809999465942383,27.799999237060547,27.6299991607666,27.6299991607666,3079
PSR,2025-12-18 00:00:00,91.45999908447266,91.29199981689453,90.52999877929688,90.52999877929688,1588
PSTP,2025-12-18 00:00:00,35.150001525878906,35.130401611328125,34.970001220703125,35.099998474121094,10226
PTBD,2025-12-18 00:00:00,19.510000228881836,19.5,19.469999313354492,19.5,62695
PTIN,2025-12-18 00:00:00,32.11000061035156,32.04499816894531,31.8966007232666,31.906600952148438,8002
PXE,2025-12-18 00:00:00,28.729999542236328,28.510000228881836,27.901899337768555,27.920000076293945,15890
QCLR,2025-12-18 00:00:00,32.2400016784668,32.28239822387695,32.28239822387695,32.28239822387695,219
QLTI,2025-12-18 00:00:00,26.229999542236328,26.450000762939453,26.290000915527344,26.360000610351562,14343
QQJG,2025-12-18 00:00:00,28.0,27.850200653076172,27.850200653076172,27.850200653076172,188
QVCC,2025-12-18 00:00:00,8.960000038146973,10.039999961853027,8.970000267028809,9.899999618530273,139929
QVCD,2025-12-18 00:00:00,9.010000228881836,10.0,9.043999671936035,9.979999542236328,77030
QVML,2025-12-18 00:00:00,39.849998474121094,39.9817008972168,39.867401123046875,39.867401123046875,2487
QVMS,2025-12-18 00:00:00,28.950000762939453,28.825899124145508,28.825899124145508,28.825899124145508,156
RAAA,2025-12-18 00:00:00,25.079999923706055,25.075000762939453,25.075000762939453,25.075000762939453,208
RCG,2025-12-18 00:00:00,2.5799999237060547,2.6500000953674316,2.5950000286102295,2.630000114440918,3088
REK,2025-12-18 00:00:00,17.260000228881836,17.459999084472656,17.309999465942383,17.459999084472656,15002
REPX,2025-12-18 00:00:00,26.799999237060547,26.790000915527344,26.06999969482422,26.06999969482422,125303
REZ,2025-12-18 00:00:00,83.58000183105469,83.51499938964844,82.63999938964844,82.77999877929688,60073
RFM,2025-12-18 00:00:00,14.119999885559082,14.109999656677246,14.070099830627441,14.104999542236328,28224
RFV,2025-12-18 00:00:00,131.13999938964844,130.86000061035156,129.78810119628906,129.8070068359375,3069
RGT,2025-12-18 00:00:00,12.84000015258789,12.938699722290039,12.890000343322754,12.899999618530273,19892
RHRX,2025-12-18 00:00:00,18.270000457763672,18.27050018310547,18.27050018310547,18.27050018310547,391
RILA,2025-12-18 00:00:00,11.5600004196167,11.550000190734863,11.510000228881836,11.510000228881836,3637
RIV,2025-12-18 00:00:00,11.640000343322754,11.710000038146973,11.649999618530273,11.6850004196167,59533
RLX,2025-12-18 00:00:00,2.3399999141693115,2.3385000228881836,2.299999952316284,2.309999942779541,919573
RMAX,2025-12-18 00:00:00,7.980000019073486,8.140000343322754,8.0,8.0,101653
RMI,2025-12-18 00:00:00,14.420000076293945,14.484999656677246,14.460000038146973,14.470000267028809,46373
RND,2025-12-18 00:00:00,29.940000534057617,29.920000076293945,29.860000610351562,29.90999984741211,9890
RNWWW,2025-12-18 00:00:00,0.03880000114440918,0.029899999499320984,0.010200000368058681,0.010999999940395355,10863
RNWZ,2025-12-18 00:00:00,27.260000228881836,27.259599685668945,27.259599685668945,27.259599685668945,4
ROL,2025-12-18 00:00:00,60.02000045776367,60.95000076293945,60.11000061035156,60.189998626708984,1784582
ROSC,2025-12-18 00:00:00,48.36000061035156,48.18370056152344,48.06999969482422,48.18370056152344,1385
RSHO,2025-12-18 00:00:00,44.2400016784668,44.71839904785156,44.270999908447266,44.380001068115234,15103
RSKD,2025-12-18 00:00:00,4.880000114440918,5.045000076293945,4.900000095367432,5.010000228881836,569712
RSPG,2025-12-18 00:00:00,80.16999816894531,79.98999786376953,78.51000213623047,78.70099639892578,49702
RSPR,2025-12-18 00:00:00,33.790000915527344,33.72829818725586,33.439998626708984,33.470001220703125,22957
RSPU,2025-12-18 00:00:00,75.0999984741211,75.5,75.11100006103516,75.36000061035156,43964
RSVRW,2025-12-18 00:00:00,0.4099999964237213,0.25,0.20000000298023224,0.2199999988079071,2901
RVP,2025-12-18 00:00:00,0.8360000252723694,0.8349999785423279,0.8199999928474426,0.823199987411499,40253
RWT,2025-12-18 00:00:00,5.659999847412109,5.848299980163574,5.700200080871582,5.809999942779541,1499195
RWX,2025-12-18 00:00:00,27.950000762939453,28.11079978942871,27.979999542236328,27.979999542236328,17469
RY,2025-12-18 00:00:00,165.88999938964844,168.14999389648438,166.02000427246094,167.13999938964844,776142
RYI,2025-12-18 00:00:00,25.100000381469727,26.389999389648438,25.30500030517578,25.8799991607666,413137
RYLD,2025-12-18 00:00:00,15.4399995803833,15.419899940490723,15.369999885559082,15.40999984741211,483951
RZG,2025-12-18 00:00:00,55.849998474121094,55.67499923706055,55.27000045776367,55.28020095825195,2202
SAMT,2025-12-18 00:00:00,38.15999984741211,38.41429901123047,38.213401794433594,38.31999969482422,52454
SAY,2025-12-18 00:00:00,25.299999237060547,25.329999923706055,25.300100326538086,25.31879997253418,5197
SBAR,2025-12-18 00:00:00,26.149999618530273,26.38990020751953,26.174999237060547,26.350000381469727,68457
SBDS,2025-12-18 00:00:00,8.479999542236328,8.095000267028809,6.619999885559082,7.380000114440918,106556
SBEV,2025-12-18 00:00:00,1.149999976158142,1.1425000429153442,1.100000023841858,1.100000023841858,41321
SBI,2025-12-18 00:00:00,7.869999885559082,7.840000152587891,7.769999980926514,7.789999961853027,55402
SBXD,2025-12-18 00:00:00,10.510000228881836,10.5600004196167,10.520000457763672,10.5600004196167,333
SCCE,2025-12-18 00:00:00,22.940000534057617,22.999900817871094,22.948299407958984,22.96150016784668,3905
SDD,2025-12-18 00:00:00,12.170000076293945,12.274299621582031,12.17490005493164,12.274299621582031,1792
SDRL,2025-12-18 00:00:00,31.020000457763672,30.979999542236328,29.739999771118164,30.3700008392334,917859
SEA,2025-12-18 00:00:00,15.279999732971191,15.260000228881836,15.184200286865234,15.205599784851074,7891
SEI,2025-12-18 00:00:00,42.0099983215332,44.939998626708984,42.38999938964844,43.060001373291016,3038597
SER,2025-12-18 00:00:00,2.9000000953674316,2.890000104904175,2.6570000648498535,2.6570000648498535,14060
SFYF,2025-12-18 00:00:00,56.15999984741211,56.72999954223633,56.189998626708984,56.198001861572266,8311
SGU,2025-12-18 00:00:00,11.729999542236328,11.990400314331055,11.819999694824219,11.869999885559082,9255
SHEH,2025-12-18 00:00:00,52.2400016784668,52.38589859008789,52.38589859008789,52.38589859008789,209
SHO,2025-12-18 00:00:00,9.3100004196167,9.260000228881836,9.09000015258789,9.100000381469727,719170
SIFI,2025-12-18 00:00:00,44.47999954223633,44.48500061035156,44.48500061035156,44.48500061035156,209
SII,2025-12-18 00:00:00,92.0,95.80000305175781,93.02999877929688,94.08000183105469,103891
SIXL,2025-12-18 00:00:00,37.27000045776367,37.189998626708984,37.13370132446289,37.13370132446289,1010
SIXP,2025-12-18 00:00:00,31.270000457763672,31.350000381469727,31.28499984741211,31.290000915527344,4624
SIXS,2025-12-18 00:00:00,51.77000045776367,51.720001220703125,51.59299850463867,51.59299850463867,6216
SJB,2025-12-18 00:00:00,15.470000267028809,15.460000038146973,15.434100151062012,15.449999809265137,170725
SKLZ,2025-12-18 00:00:00,5.050000190734863,5.300000190734863,5.059999942779541,5.159999847412109,95205
SLND,2025-12-18 00:00:00,3.7200000286102295,3.690000057220459,3.4800000190734863,3.619999885559082,39147
SMAP,2025-12-18 00:00:00,25.030000686645508,25.017000198364258,25.017000198364258,25.017000198364258,2
SMHI,2025-12-18 00:00:00,6.949999809265137,6.920000076293945,6.570000171661377,6.659999847412109,61977
SMLL,2025-12-18 00:00:00,20.649999618530273,20.64889907836914,20.64889907836914,20.64889907836914,1
SMMU,2025-12-18 00:00:00,50.5099983215332,50.509498596191406,50.48350143432617,50.4900016784668,76797
SMOG,2025-12-18 00:00:00,130.88999938964844,131.46099853515625,131.46099853515625,131.46099853515625,573
SMWB,2025-12-18 00:00:00,7.03000020980835,7.320000171661377,7.046000003814697,7.199999809265137,385165
SON,2025-12-18 00:00:00,43.15999984741211,43.84000015258789,43.20000076293945,43.349998474121094,1267018
SOR,2025-12-18 00:00:00,46.040000915527344,46.81999969482422,46.13999938964844,46.13999938964844,8851
SPDG,2025-12-18 00:00:00,41.47999954223633,41.47990036010742,41.349998474121094,41.349998474121094,3518
SPME,2025-12-18 00:00:00,25.1200008392334,25.099899291992188,25.020000457763672,25.020000457763672,13240
SPXN,2025-12-18 00:00:00,73.23999786376953,73.37000274658203,73.2699966430664,73.31559753417969,1183
SRS,2025-12-18 00:00:00,49.11000061035156,50.43000030517578,49.22999954223633,50.29999923706055,11371
SSPY,2025-12-18 00:00:00,88.43000030517578,88.42009735107422,87.98999786376953,87.98999786376953,507
STEW,2025-12-18 00:00:00,18.219999313354492,18.360000610351562,18.23040008544922,18.31999969482422,47030
STG,2025-12-18 00:00:00,5.760000228881836,6.519999980926514,5.949999809265137,6.150000095367432,10484
STK,2025-12-18 00:00:00,35.02000045776367,35.53499984741211,35.029998779296875,35.20000076293945,75141
STRW,2025-12-18 00:00:00,13.430000305175781,13.399999618530273,13.0693998336792,13.109999656677246,16419
STXM,2025-12-18 00:00:00,28.719999313354492,28.559200286865234,28.549999237060547,28.559200286865234,964
SUZ,2025-12-18 00:00:00,9.180000305175781,9.600000381469727,9.1899995803833,9.539999961853027,4586080
SWZ,2025-12-18 00:00:00,6.21999979019165,6.199999809265137,6.142000198364258,6.199999809265137,53643
SXI,2025-12-18 00:00:00,225.47999572753906,225.14500427246094,220.80999755859375,223.8800048828125,114523
SZK,2025-12-18 00:00:00,12.460000038146973,12.578800201416016,12.53499984741211,12.578800201416016,1628
SZNE,2025-12-18 00:00:00,35.25,35.204898834228516,35.17279815673828,35.17279815673828,1041
TAFL,2025-12-18 00:00:00,25.010000228881836,24.96500015258789,24.959999084472656,24.96500015258789,3219
TAXX,2025-12-18 00:00:00,50.75,50.79999923706055,50.755001068115234,50.79999923706055,23387
TBLU,2025-12-18 00:00:00,52.790000915527344,53.029998779296875,52.967201232910156,52.42639923095703,1375
TBX,2025-12-18 00:00:00,27.950000762939453,27.94499969482422,27.94499969482422,27.94499969482422,517
TEXN,2025-12-18 00:00:00,26.969999313354492,26.904600143432617,26.904600143432617,26.904600143432617,201
TFII,2025-12-18 00:00:00,105.9000015258789,110.20999908447266,106.29000091552734,108.02999877929688,521734
TFLR,2025-12-18 00:00:00,51.599998474121094,51.59989929199219,51.54029846191406,51.54899978637695,54428
TFSA,2025-12-18 00:00:00,24.809999465942383,24.829999923706055,24.829999923706055,24.829999923706055,311
TGE,2025-12-18 00:00:00,1.059999942779541,1.0250999927520752,0.9126999974250793,0.9702000021934509,34476
TGLS,2025-12-18 00:00:00,51.52000045776367,52.66999816894531,51.582000732421875,51.75,201430
TGRW,2025-12-18 00:00:00,45.150001525878906,45.38890075683594,45.21049880981445,45.2599983215332,3263
THLV,2025-12-18 00:00:00,29.979999542236328,29.874900817871094,29.81999969482422,29.824899673461914,5236
THQ,2025-12-18 00:00:00,18.65999984741211,18.84000015258789,18.68000030517578,18.719999313354492,101156
TIME,2025-12-18 00:00:00,24.780000686645508,24.77989959716797,24.56399917602539,24.56399917602539,6309
TISI,2025-12-18 00:00:00,14.989999771118164,14.78499984741211,14.770000457763672,14.770000457763672,5803
TLCI,2025-12-18 00:00:00,26.079999923706055,26.147499084472656,26.110000610351562,26.121299743652344,5804
TLSIW,2025-12-18 00:00:00,1.1100000143051147,1.559999942779541,1.3200000524520874,1.559999942779541,9633
TMH,2025-12-18 00:00:00,57.86000061035156,57.71189880371094,57.71189880371094,57.71189880371094,214
TNGY,2025-12-18 00:00:00,9.09000015258789,9.086999893188477,8.920000076293945,8.930000305175781,54983
TNK,2025-12-18 00:00:00,54.61000061035156,54.31999969482422,53.22999954223633,53.75,205594
TNL,2025-12-18 00:00:00,72.30000305175781,72.12000274658203,70.8499984741211,71.43000030517578,544118
TOAK,2025-12-18 00:00:00,28.34000015258789,28.339500427246094,28.339500427246094,28.339500427246094,156
TOGA,2025-12-18 00:00:00,34.36000061035156,34.442901611328125,34.36009979248047,34.385101318359375,3474
TOK,2025-12-18 00:00:00,136.80999755859375,136.55140686035156,136.55140686035156,136.55099487304688,675
TOTR,2025-12-18 00:00:00,40.95000076293945,40.943199157714844,40.939998626708984,40.939998626708984,1093
TPET,2025-12-18 00:00:00,0.8093000054359436,0.800000011920929,0.7049999833106995,0.7400000095367432,1095682
TRFM,2025-12-18 00:00:00,47.0,47.39580154418945,47.08000183105469,47.09370040893555,15196
TRT,2025-12-18 00:00:00,10.670000076293945,10.420100212097168,10.0,10.069999694824219,20737
TRTX,2025-12-18 00:00:00,9.119999885559082,9.255000114440918,9.130000114440918,9.210000038146973,734721
TTT,2025-12-18 00:00:00,70.41000366210938,70.3727035522461,70.17739868164062,70.17739868164062,6010
TUSB,2025-12-18 00:00:00,50.529998779296875,50.52989959716797,50.459999084472656,50.470001220703125,22764
UCRD,2025-12-18 00:00:00,21.709999084472656,21.69499969482422,21.69499969482422,21.69499969482422,12
UDN,2025-12-18 00:00:00,18.780000686645508,18.775800704956055,18.735000610351562,18.75,163224
UE,2025-12-18 00:00:00,19.799999237060547,19.75,19.530000686645508,19.549999237060547,454287
UGA,2025-12-18 00:00:00,61.84000015258789,61.71039962768555,61.3291015625,61.349998474121094,8282
UMI,2025-12-18 00:00:00,50.209999084472656,50.03950119018555,49.41999816894531,49.5,15336
UPW,2025-12-18 00:00:00,21.709999084472656,22.191299438476562,21.8799991607666,22.040599822998047,24602
URE,2025-12-18 00:00:00,59.540000915527344,58.459999084472656,58.459999084472656,58.459999084472656,633
USAF,2025-12-18 00:00:00,27.5,27.434999465942383,27.434999465942383,27.434999465942383,73
USAI,2025-12-18 00:00:00,37.79999923706055,37.757999420166016,37.36249923706055,37.37900161743164,4753
USG,2025-12-18 00:00:00,44.0099983215332,44.16999816894531,44.04999923706055,44.118900299072266,5955
USNZ,2025-12-18 00:00:00,42.81999969482422,43.005001068115234,42.90599822998047,42.9474983215332,365
UTSL,2025-12-18 00:00:00,40.68000030517578,41.9900016784668,40.7599983215332,41.38999938964844,152221
UUP,2025-12-18 00:00:00,27.93000030517578,28.00200080871582,27.930099487304688,27.979999542236328,742674
UXI,2025-12-18 00:00:00,46.43000030517578,45.8567008972168,45.6083984375,45.8567008972168,4020
VEMY,2025-12-18 00:00:00,28.6200008392334,28.549999237060547,28.514999389648438,28.543500900268555,2313
VENU,2025-12-18 00:00:00,9.119999885559082,9.09000015258789,8.609999656677246,9.0,61206
VFSWW,2025-12-18 00:00:00,0.20000000298023224,0.19099999964237213,0.16750000417232513,0.16750000417232513,3604
VGI,2025-12-18 00:00:00,7.78000020980835,7.779200077056885,7.7291998863220215,7.75,28743
VHI,2025-12-18 00:00:00,12.4399995803833,12.430000305175781,12.149999618530273,12.180000305175781,11852
VIV,2025-12-18 00:00:00,11.829999923706055,12.020000457763672,11.84000015258789,11.979999542236328,519415
VLN,2025-12-18 00:00:00,1.4700000286102295,1.5149999856948853,1.4709999561309814,1.4800000190734863,279266
VLO,2025-12-18 00:00:00,163.85000610351562,163.47500610351562,160.72000122070312,161.94000244140625,2546559
VNTG,2025-12-18 00:00:00,0.9800000190734863,0.9451000094413757,0.9244999885559082,0.9244999885559082,39614
VPC,2025-12-18 00:00:00,18.690000534057617,18.670000076293945,18.600799560546875,18.665199279785156,8943
VTAK,2025-12-18 00:00:00,2.109999895095825,2.2797000408172607,2.119999885559082,2.2200000286102295,25642
VTOL,2025-12-18 00:00:00,36.7400016784668,36.625,35.65999984741211,35.70000076293945,132699
VTS,2025-12-18 00:00:00,20.459999084472656,20.440000534057617,19.780000686645508,19.920000076293945,562912
WALDW,2025-12-18 00:00:00,0.8600999712944031,0.03999999910593033,0.03269999846816063,0.03999999910593033,7288
WANT,2025-12-18 00:00:00,53.65999984741211,55.507999420166016,53.720001220703125,53.90999984741211,49364
WBIY,2025-12-18 00:00:00,32.52000045776367,32.369998931884766,32.27000045776367,32.27000045776367,2357
WCME,2025-12-18 00:00:00,16.75,16.8700008392334,16.79199981689453,16.79199981689453,10513
WDI,2025-12-18 00:00:00,13.619999885559082,13.859999656677246,13.649999618530273,13.789999961853027,497837
WHG,2025-12-18 00:00:00,18.389999389648438,18.309999465942383,18.05500030517578,18.15999984741211,12282
WIA,2025-12-18 00:00:00,8.210000038146973,8.3100004196167,8.220000267028809,8.289999961853027,271961
WILD,2025-12-18 00:00:00,20.079999923706055,19.593799591064453,19.593799591064453,19.593799591064453,400
WLYB,2025-12-18 00:00:00,30.5,30.739999771118164,30.739999771118164,30.739999771118164,116
WMK,2025-12-18 00:00:00,68.45999908447266,68.38050079345703,67.62999725341797,68.05000305175781,57162
WOMN,2025-12-18 00:00:00,41.290000915527344,41.36000061035156,41.32500076293945,41.338401794433594,1275
WRN,2025-12-18 00:00:00,2.6500000953674316,2.7200000286102295,2.651099920272827,2.6700000762939453,745238
WS,2025-12-18 00:00:00,34.34000015258789,38.59000015258789,35.17499923706055,36.029998779296875,404020
WT,2025-12-18 00:00:00,11.899999618530273,12.109999656677246,11.90999984741211,12.100000381469727,4103556
WTIU,2025-12-18 00:00:00,9.5600004196167,9.4399995803833,9.0,9.050000190734863,34121
WTRE,2025-12-18 00:00:00,21.18000030517578,21.0,20.92099952697754,20.958799362182617,2516
XES,2025-12-18 00:00:00,80.88999938964844,80.80989837646484,79.052001953125,79.36000061035156,84758
XFLX,2025-12-18 00:00:00,24.520000457763672,24.550800323486328,24.550800323486328,24.550800323486328,142
XIFR,2025-12-18 00:00:00,9.140000343322754,9.515000343322754,9.199999809265137,9.390000343322754,1744571
XITK,2025-12-18 00:00:00,179.02000427246094,178.39500427246094,178.1916046142578,178.19200134277344,1694
XLBI,2025-12-18 00:00:00,24.08099937438965,24.059799194335938,24.014799118041992,24.014799118041992,1606
XOM,2025-12-18 00:00:00,116.98999786376953,116.94999694824219,115.62999725341797,116.54000091552734,13469533
XOMO,2025-12-18 00:00:00,11.550000190734863,11.489999771118164,11.41450023651123,11.454999923706055,27823
XONE,2025-12-18 00:00:00,49.619998931884766,49.63999938964844,49.630001068115234,49.630001068115234,48282
XPND,2025-12-18 00:00:00,35.689998626708984,35.801998138427734,35.70000076293945,35.753299713134766,2890
XRLV,2025-12-18 00:00:00,54.13999938964844,54.189701080322266,54.189701080322266,54.189701080322266,26
XRLX,2025-12-18 00:00:00,46.54999923706055,46.91999816894531,46.89099884033203,46.89099884033203,694
XYZY,2025-12-18 00:00:00,33.560001373291016,34.060001373291016,33.65999984741211,33.73460006713867,5605
YALL,2025-12-18 00:00:00,43.65999984741211,43.5099983215332,43.31999969482422,43.380001068115234,5795
YCS,2025-12-18 00:00:00,49.939998626708984,50.166099548339844,50.03200149536133,50.10499954223633,24136
YFYA,2025-12-18 00:00:00,9.880000114440918,9.899999618530273,9.886799812316895,9.890000343322754,17343
YLD,2025-12-18 00:00:00,19.110000610351562,19.104999542236328,19.05500030517578,19.093000411987305,125497
YPF,2025-12-18 00:00:00,34.099998474121094,35.7400016784668,34.29249954223633,35.61000061035156,1548387
YUM,2025-12-18 00:00:00,152.7100067138672,154.97999572753906,152.75,154.6999969482422,1656097
YXI,2025-12-18 00:00:00,20.549999237060547,20.54789924621582,20.45050048828125,20.54789924621582,7322
ZEPP,2025-12-18 00:00:00,26.610000610351562,29.079999923706055,26.795000076293945,28.299999237060547,222489
ZGN,2025-12-18 00:00:00,10.289999961853027,10.675000190734863,10.295000076293945,10.369999885559082,726706
ZTO,2025-12-18 00:00:00,21.18000030517578,21.655000686645508,21.204999923706055,21.40999984741211,1118287
