sector,strategy,hold,n,mean,t_stat,significant
COMM,AboveEMA200,fwd_5,5793,0.005636991230882663,6.981252572329105,True
COMM,AboveEMA200,fwd_20,5693,0.020369525152790998,9.845029132059352,True
COMM,RSI_Oversold,fwd_5,880,0.005532056588298646,3.4415031233657305,True
COMM,RSI_Oversold,fwd_20,855,0.019226800376032086,5.127288782055033,True
COMM,Near52High,fwd_5,1071,0.00369412328436029,3.064461993453417,True
COMM,Near52High,fwd_20,1015,0.007005203281572293,2.6294963979283796,False
COMM,LowVol,fwd_5,1017,0.00142898707633757,0.9165289383595032,False
COMM,LowVol,fwd_20,946,-0.0032293306652320356,-1.1516083029815412,False
COMM,Momentum_Pos,fwd_5,4825,0.006346781983206045,6.999163805643382,True
COMM,Momentum_Pos,fwd_20,4704,0.020840959529890506,8.342771510712446,True
COMM,Oversold_LowVol,fwd_5,84,-0.004268969718809658,-1.5136800853333896,False
COMM,Oversold_LowVol,fwd_20,80,-0.028357390259897024,-3.465105096417706,True
COMM,Near52High_LowVol,fwd_5,339,0.006914775812640449,2.9765822105612845,False
COMM,Near52High_LowVol,fwd_20,307,-0.0035677689110174904,-0.6352594464422128,False
DISC,AboveEMA200,fwd_5,5706,0.0007010027447512102,1.2512309338395355,False
DISC,AboveEMA200,fwd_20,5529,0.004337546050525127,3.8779416677656546,True
DISC,RSI_Oversold,fwd_5,1001,0.004023952173414305,2.749028836199841,False
DISC,RSI_Oversold,fwd_20,988,0.011210770862158886,3.7342782013387876,True
DISC,Near52High,fwd_5,717,-0.0017404646435891875,-1.2911080702374245,False
DISC,Near52High,fwd_20,655,0.0031654895295932703,1.0908921572323098,False
DISC,LowVol,fwd_5,1130,0.00033047457432935413,0.24976787214707158,False
DISC,LowVol,fwd_20,1106,0.013055422866458399,4.994506157346805,True
DISC,Momentum_Pos,fwd_5,5236,0.002020406094473548,3.2903798684768137,True
DISC,Momentum_Pos,fwd_20,5060,0.004438548124248662,3.6938938424221965,True
DISC,Oversold_LowVol,fwd_5,141,0.003349000582768082,0.8763411808952778,False
DISC,Oversold_LowVol,fwd_20,139,0.012704818056692572,2.214991218408195,False
DISC,Near52High_LowVol,fwd_5,255,0.0006581730237822076,0.26476139183765185,False
DISC,Near52High_LowVol,fwd_20,243,0.01704653673936257,3.084907102395346,True
ENRG,AboveEMA200,fwd_5,4131,-0.000733977872236357,-1.192461361622209,False
ENRG,AboveEMA200,fwd_20,3932,0.004137239955434115,3.5491593512936492,True
ENRG,RSI_Oversold,fwd_5,1008,0.011300778836388536,8.275871076247284,True
ENRG,RSI_Oversold,fwd_20,1008,0.028907934057861667,11.382973277240797,True
ENRG,Near52High,fwd_5,485,-0.012468967380822019,-6.3181456707207975,True
ENRG,Near52High,fwd_20,417,-0.027312913267649164,-9.13853532055843,True
ENRG,LowVol,fwd_5,983,0.0013829307705552102,0.9887673755619178,False
ENRG,LowVol,fwd_20,874,0.012423840348785768,5.734946378974411,True
ENRG,Momentum_Pos,fwd_5,4425,-0.003561360153646367,-5.13719725532021,True
ENRG,Momentum_Pos,fwd_20,4239,-0.001958584204813465,-1.6668059407745504,False
ENRG,Oversold_LowVol,fwd_5,55,0.02534558911079502,4.751100650493583,True
ENRG,Oversold_LowVol,fwd_20,55,0.03703488236045161,4.324184797616299,True
ENRG,Near52High_LowVol,fwd_5,170,-0.005065516657661231,-1.8876547263771453,False
ENRG,Near52High_LowVol,fwd_20,146,-0.013261893786486095,-3.06572265892957,True
FINC,AboveEMA200,fwd_5,7267,0.0033035488607286393,8.504796402651907,True
FINC,AboveEMA200,fwd_20,7080,0.014052749641430797,19.384700890799305,True
FINC,RSI_Oversold,fwd_5,686,0.0114501600554116,8.024662895185502,True
FINC,RSI_Oversold,fwd_20,681,0.020101191222299395,6.924399573150032,True
FINC,Near52High,fwd_5,1621,0.0017242569115110504,2.3154111584220116,False
FINC,Near52High,fwd_20,1501,-0.002049055851030931,-1.295086589583283,False
FINC,LowVol,fwd_5,1283,0.002576817425545556,2.786581914431638,False
FINC,LowVol,fwd_20,1191,0.011525640116867516,5.85239779864631,True
FINC,Momentum_Pos,fwd_5,5492,0.003944765085213164,9.294439852630559,True
FINC,Momentum_Pos,fwd_20,5311,0.013679600206861224,16.414527476490818,True
FINC,Oversold_LowVol,fwd_5,77,0.001661890313029843,0.34644994214149355,False
FINC,Oversold_LowVol,fwd_20,74,0.011323187461713872,1.1901612163794648,False
FINC,Near52High_LowVol,fwd_5,607,0.0016704180510903608,1.3471151793792855,False
FINC,Near52High_LowVol,fwd_20,565,0.004272285801295698,1.7107138419864072,False
HLTH,AboveEMA200,fwd_5,5211,0.0004024048203115297,0.8151602699048475,False
HLTH,AboveEMA200,fwd_20,4994,0.0012441063880184139,1.2758983687480576,False
HLTH,RSI_Oversold,fwd_5,1127,0.002844447752024766,2.1997320519002392,False
HLTH,RSI_Oversold,fwd_20,1123,0.01279635034655401,5.117475031051611,True
HLTH,Near52High,fwd_5,729,-0.001296543293974888,-0.9472897703642059,False
HLTH,Near52High,fwd_20,653,-0.0058697427214762276,-2.1447230880365624,False
HLTH,LowVol,fwd_5,874,0.0021220436338598033,1.5515149313945653,False
HLTH,LowVol,fwd_20,820,-0.0027234667643142763,-0.9749569428642249,False
HLTH,Momentum_Pos,fwd_5,5062,0.0002732325238732201,0.5122631523930228,False
HLTH,Momentum_Pos,fwd_20,4839,0.0003861086840040029,0.359702883278836,False
HLTH,Oversold_LowVol,fwd_5,87,0.013795675760554774,2.7343345358001985,False
HLTH,Oversold_LowVol,fwd_20,87,0.037184933268497214,5.267947700599829,True
HLTH,Near52High_LowVol,fwd_5,208,-0.001422058419636638,-0.6940070308142186,False
HLTH,Near52High_LowVol,fwd_20,194,0.006493952792296228,1.3874442170822967,False
INDU,AboveEMA200,fwd_5,6155,0.0025368817675025337,5.5990519536994325,True
INDU,AboveEMA200,fwd_20,5963,0.0124352873040127,13.877111566918373,True
INDU,RSI_Oversold,fwd_5,898,0.007787462360702995,6.717697461501299,True
INDU,RSI_Oversold,fwd_20,881,0.017967002666491108,8.000906611465544,True
INDU,Near52High,fwd_5,1231,0.0005870000927324199,0.6169340912312467,False
INDU,Near52High,fwd_20,1149,0.0036409080805272524,1.9545953734674726,False
INDU,LowVol,fwd_5,1139,0.003423169758924086,3.460567418788457,True
INDU,LowVol,fwd_20,1070,0.017745761162192376,9.410062092680596,True
INDU,Momentum_Pos,fwd_5,5372,0.0030384346512574057,6.08000536972557,True
INDU,Momentum_Pos,fwd_20,5193,0.011483239748498597,12.182079427727974,True
INDU,Oversold_LowVol,fwd_5,43,0.010666120531804876,3.0371774007751995,True
INDU,Oversold_LowVol,fwd_20,41,0.005393984445905147,0.9571018076473897,False
INDU,Near52High_LowVol,fwd_5,438,-0.0022679868285576067,-1.4845935258432486,False
INDU,Near52High_LowVol,fwd_20,410,0.006052581802426779,2.239467173596263,False
MATL,AboveEMA200,fwd_5,4692,0.0004998439370812223,0.8669016948648344,False
MATL,AboveEMA200,fwd_20,4578,0.0008312668680901832,0.7312145503612989,False
MATL,RSI_Oversold,fwd_5,1241,0.0017598398094013314,1.1463082081255258,False
MATL,RSI_Oversold,fwd_20,1226,0.00808310149305874,2.702161585195215,False
MATL,Near52High,fwd_5,600,-0.0005382311032019002,-0.38414606077370106,False
MATL,Near52High,fwd_20,554,0.0031551482708247714,1.1160358855585855,False
MATL,LowVol,fwd_5,871,-0.005525393303958934,-2.6131651841469345,False
MATL,LowVol,fwd_20,833,-0.010875105015123732,-3.1839732122852147,True
MATL,Momentum_Pos,fwd_5,4808,-0.0016994180461638486,-2.5622004539948033,False
MATL,Momentum_Pos,fwd_20,4634,-0.003256124826623967,-2.501468909110243,False
MATL,Oversold_LowVol,fwd_5,60,0.0023378606032910163,0.3604225177652485,False
MATL,Oversold_LowVol,fwd_20,58,-0.05387800429560677,-2.5813169255736677,False
MATL,Near52High_LowVol,fwd_5,242,0.0029577249474158525,1.508711085423524,False
MATL,Near52High_LowVol,fwd_20,229,0.0063964005366826575,1.6001676792221895,False
REAL,AboveEMA200,fwd_5,5123,-0.0010380720751019977,-2.4934756637173234,False
REAL,AboveEMA200,fwd_20,5060,0.0009416241134592398,1.1961892811559443,False
REAL,RSI_Oversold,fwd_5,976,0.0015582554235202186,1.4591165866646745,False
REAL,RSI_Oversold,fwd_20,942,-0.007488191173568893,-3.3346369069055637,True
REAL,Near52High,fwd_5,507,-0.004656239303103156,-3.1600021451809925,True
REAL,Near52High,fwd_20,450,0.002759674370051349,1.071456878271896,False
REAL,LowVol,fwd_5,1406,-0.003115909413245659,-3.8551359622060817,True
REAL,LowVol,fwd_20,1273,-0.014877027007451974,-9.54210526518915,True
REAL,Momentum_Pos,fwd_5,4830,1.3863291368857746e-05,0.03308954169661578,False
REAL,Momentum_Pos,fwd_20,4716,0.0024476105321069577,2.9404771151254345,False
REAL,Oversold_LowVol,fwd_5,109,0.0040257904354775945,1.9658181834932433,False
REAL,Oversold_LowVol,fwd_20,96,-0.017041327744851273,-3.4263855724495027,True
REAL,Near52High_LowVol,fwd_5,202,-0.002632564043625358,-1.2405843147416153,False
REAL,Near52High_LowVol,fwd_20,158,0.0053233995930988464,1.3105326427820778,False
STPL,AboveEMA200,fwd_5,4898,0.00048684387053560865,1.2245460505324894,False
STPL,AboveEMA200,fwd_20,4827,0.0033260143830709313,4.185408167766569,True
STPL,RSI_Oversold,fwd_5,1050,0.002111276541068219,2.460210148840592,False
STPL,RSI_Oversold,fwd_20,1042,0.002786457315477369,1.7307277143151594,False
STPL,Near52High,fwd_5,564,-0.0022448843962698476,-1.600319965987851,False
STPL,Near52High,fwd_20,541,-0.008099676897505386,-3.114422398999319,True
STPL,LowVol,fwd_5,711,-0.0015142939413410703,-1.4617981007870127,False
STPL,LowVol,fwd_20,632,-0.007414863542492536,-4.018684057832819,True
STPL,Momentum_Pos,fwd_5,4342,-5.9668680712215625e-05,-0.1404417718381415,False
STPL,Momentum_Pos,fwd_20,4207,-0.0013632322491074675,-1.6882942658210014,False
STPL,Oversold_LowVol,fwd_5,88,0.00018949016705761823,0.05874959173662794,False
STPL,Oversold_LowVol,fwd_20,86,0.00813410315895889,1.3666944501049483,False
STPL,Near52High_LowVol,fwd_5,59,-0.009672801058458863,-2.718721412311107,False
STPL,Near52High_LowVol,fwd_20,59,-0.0183787094614482,-4.384493061032696,True
TECH,AboveEMA200,fwd_5,5183,0.0042914866896909196,5.571655962350248,True
TECH,AboveEMA200,fwd_20,5017,0.023039120623776024,14.293432061312165,True
TECH,RSI_Oversold,fwd_5,894,0.010396788982071888,4.842340047386567,True
TECH,RSI_Oversold,fwd_20,868,0.01721585219997069,4.609394725012416,True
TECH,Near52High,fwd_5,811,0.0003379544969467312,0.19814235336181316,False
TECH,Near52High,fwd_20,750,0.016812090900123495,4.697030109644526,True
TECH,LowVol,fwd_5,1067,0.007387017308871662,4.142243321489087,True
TECH,LowVol,fwd_20,1033,0.022436314336864344,6.098427785744147,True
TECH,Momentum_Pos,fwd_5,4737,0.0034213570344666976,4.293938190472492,True
TECH,Momentum_Pos,fwd_20,4611,0.017062440319283077,10.46173213670607,True
TECH,Oversold_LowVol,fwd_5,75,0.019074998365433374,2.950670873691036,False
TECH,Oversold_LowVol,fwd_20,70,0.0036666755069517617,0.351423475016758,False
TECH,Near52High_LowVol,fwd_5,303,0.00027153921751002226,0.10018830246064182,False
TECH,Near52High_LowVol,fwd_20,288,0.008813433070904327,1.5582671871832694,False
UTIL,AboveEMA200,fwd_5,7467,0.0012761469131338868,4.186039254714028,True
UTIL,AboveEMA200,fwd_20,7287,0.005906117672605842,10.316751042998408,True
UTIL,RSI_Oversold,fwd_5,756,0.005323691607787577,5.455159002023849,True
UTIL,RSI_Oversold,fwd_20,690,0.011709436427676323,4.766227577564091,True
UTIL,Near52High,fwd_5,2012,-0.002400690463596986,-4.40921974498278,True
UTIL,Near52High,fwd_20,1925,-0.001462826645473849,-1.5922670750124088,False
UTIL,LowVol,fwd_5,1395,0.0022997671796370256,3.3699200661923494,True
UTIL,LowVol,fwd_20,1309,0.014141828432024594,10.523176113361178,True
UTIL,Momentum_Pos,fwd_5,5450,0.0014875518702026976,4.121362148870312,True
UTIL,Momentum_Pos,fwd_20,5372,0.00813118851038057,12.797190168947855,True
UTIL,Oversold_LowVol,fwd_5,103,0.0059589099380346604,3.5658040465710137,True
UTIL,Oversold_LowVol,fwd_20,92,0.03341109371542632,4.904279659894098,True
UTIL,Near52High_LowVol,fwd_5,741,-0.0025662135616516266,-2.8778666153442085,False
UTIL,Near52High_LowVol,fwd_20,704,0.0014744044335845555,0.8929326909030426,False
