category,strategy,hold_period,original_t_stat,train_mean_return,train_n_samples,train_t_stat,train_sharpe,train_p_value,test_mean_return,test_n_samples,test_t_stat,test_sharpe,test_p_value,degradation_pct,t_stat_preserved
CONSECUTIVE,After2Down_H1,1,11.120224106448829,0.0012636856436782054,332005,12.52906839041607,0.34518088519433454,0.0,0.0020203171194596143,603575,7.100301568929514,0.1450813017412668,1.2463363674442007e-12,43.32937336058611,True
CONSECUTIVE,After2Up_H3,3,8.973634311365709,0.0011555162405735473,380747,8.409254660978416,0.21634134726008952,0.0,0.0008264179864864823,637845,6.11217227304647,0.12148936975066166,9.834062453251136e-10,27.3161234917897,True
CONSECUTIVE,After2Down_H3,3,14.199874989952752,0.00200638927980985,329538,12.306369448217879,0.34031216071214754,0.0,0.0046471169249118266,597025,11.469074613743729,0.23563098019434192,0.0,6.80375181321573,True
CONSECUTIVE,After2Up_H5,5,10.5030371984433,0.0008158208254683353,376889,4.926775462256761,0.1273961516258688,8.363305610270544e-07,0.0021010371352829325,634629,11.821645987048054,0.23556906776592798,0.0,-139.94692020393043,True
CONSECUTIVE,After2Down_H5,5,15.161899957873464,0.00461200935891592,326024,19.55228809214312,0.5435920196679117,0.0,0.006382886709628516,591118,13.93350614903746,0.2876892220917465,0.0,28.737209254621753,True
CONSECUTIVE,After2Up_H10,10,13.841707478515072,0.0026927164636181356,366945,12.83244659668667,0.336286357206212,0.0,0.004197011282003336,621941,15.955441948639988,0.32116966208494363,0.0,-24.336710294665664,True
CONSECUTIVE,After2Down_H10,10,20.04115327545399,0.006989522256424113,318636,23.103782524301586,0.6497345145416601,0.0,0.011326960317519981,581296,22.078168898604115,0.45968957472450545,0.0,4.439158932606313,True
CONSECUTIVE,After3Down_H1,1,3.7556657702135663,0.0013198621247691744,150273,7.411329248539257,0.30349804600766767,1.2567724638756772e-13,0.002805057064371743,282252,4.824013810201887,0.14414191873553797,1.407708798861762e-06,34.91027522285991,True
CONSECUTIVE,After3Up_H3,3,3.322147787873101,0.0009532014412292377,188476,5.277597311881866,0.19297830705613245,1.3103299267847035e-07,0.00025360307464288305,308504,1.4052060261488049,0.040161495309703886,0.1599610296731795,73.37413328248529,False
CONSECUTIVE,After3Down_H3,3,6.504356204156045,0.002857290018992093,149149,10.489582132214881,0.4311697511985122,0.0,0.005952521175023575,278039,7.3352772498928545,0.22083298603734522,2.2182256032010628e-13,30.07083449620689,True
CONSECUTIVE,After3Up_H5,5,6.42196412902216,0.0007249092849905675,187279,3.6079674328567672,0.132348291184365,0.0003086855056391169,0.001366083086427297,306381,6.128265655771101,0.17575469653198922,8.894984748764045e-10,-69.85368548403932,True
CONSECUTIVE,After3Down_H5,5,9.91587549544285,0.005749785898826819,147184,17.223791316237012,0.712686815520583,0.0,0.00787881014557124,275831,9.276479708007889,0.2803896201879675,0.0,46.14147641661871,True
CONSECUTIVE,After3Up_H10,10,11.439157547182074,0.0029196323388189613,180744,10.736760078727052,0.40090509378234035,0.0,0.0038747554417987557,300078,11.0840057168578,0.32120325169090275,0.0,-3.2341752594318596,True
CONSECUTIVE,After3Down_H10,10,14.295291111824094,0.008452003796284883,144913,17.422764257049902,0.726546904972505,0.0,0.013648533038361351,271667,15.658405899885905,0.47690225247701,0.0,10.126741836904973,True
CONSECUTIVE,After4Down_H1,1,14.404116299734428,0.0012244975767282248,69308,4.352952602186085,0.2624777685989375,1.3450827440308899e-05,0.0054985681476008505,134211,4.669157129173678,0.20232274263253172,3.027300244262676e-06,-7.264138985312929,True
CONSECUTIVE,After4Down_H3,3,5.045717749204994,0.004755010097118219,68802,10.202978487198955,0.6174854233531097,0.0,0.008232092601978836,131914,5.395683300923629,0.2358312084881158,6.83804310952496e-08,47.11658651742471,True
CONSECUTIVE,After4Down_H5,5,6.221692242386062,0.007997976373161103,67927,14.962496259611015,0.9113456145179963,0.0,0.009742332585895774,131124,6.275995587806083,0.2751324436229623,3.4848479657512144e-10,58.05515684740935,False
CONSECUTIVE,After4Down_H10,10,11.44497583090688,0.010825505506587266,67049,13.371016095725839,0.8197256589064723,0.0,0.014913720089063437,129223,10.90432959957841,0.48153663213490266,0.0,18.448010820478522,True
CONSECUTIVE,After5Down_H5,5,3.1551047622753887,0.00958037533209865,32343,11.142679759977794,0.9835575333212824,0.0,0.011887710015833088,59419,4.402350684097,0.2866963975618256,1.0727078895378384e-05,60.491095688585304,False
CONSECUTIVE,After5Down_H10,10,5.496483762711955,0.012481775212419152,31984,13.032938621401524,1.1568478185019366,0.0,0.01588000989103408,58641,6.69176786226761,0.4386725441334622,2.2246648967438887e-11,48.65495759122974,True
PRICE_POSITION,Near52WkHigh_2pct_H10,10,6.570968062917013,0.0009852066915336396,711007,6.6309333439316624,0.12483546819917515,3.3380853636799657e-11,0.041917299923223614,1294548,1.997698472797697,0.0278721922525141,0.04574956876206859,69.8730424635334,False
PRICE_POSITION,Near52WkHigh_2pct_H20,20,15.235011492816348,0.0016939879048302213,653460,8.582962212367525,0.16854969332720868,0.0,0.0783763692247257,1256060,2.947964998888473,0.04175585689535518,0.003198791625103503,65.65329164981483,False
PRICE_POSITION,Near52WkHigh_5pct_H1,1,4.44032631098248,-4.2652101097230174e-05,759500,-0.9337918480422162,-0.01700930072412499,0.35041157224992925,0.00041821352910736764,1344032,8.82527248204317,0.12084358175811079,0.0,-845.1006132197658,True
PRICE_POSITION,Near52WkHigh_5pct_H5,5,9.58668095812839,0.00043090498353569063,738187,4.012265380122758,0.07413217197132832,6.014475896454208e-05,0.026638803892484898,1321004,1.569454155243914,0.02167688323628204,0.11654239329458127,60.883590526709,False
PRICE_POSITION,Near52WkHigh_5pct_H10,10,19.44240489043385,0.0009852066915336396,711007,6.6309333439316624,0.12483546819917515,3.3380853636799657e-11,0.041917299923223614,1294548,1.997698472797697,0.0278721922525141,0.04574956876206859,69.8730424635334,False
PRICE_POSITION,Near52WkHigh_5pct_H20,20,34.864913186126664,0.0016939879048302213,653460,8.582962212367525,0.16854969332720868,0.0,0.0783763692247257,1256060,2.947964998888473,0.04175585689535518,0.003198791625103503,65.65329164981483,False
PRICE_POSITION,Near52WkHigh_10pct_H1,1,10.064497136202036,-4.2652101097230174e-05,759500,-0.9337918480422162,-0.01700930072412499,0.35041157224992925,0.00041821352910736764,1344032,8.82527248204317,0.12084358175811079,0.0,-845.1006132197658,True
PRICE_POSITION,Near52WkHigh_10pct_H5,5,23.850543003780224,0.00043090498353569063,738187,4.012265380122758,0.07413217197132832,6.014475896454208e-05,0.026638803892484898,1321004,1.569454155243914,0.02167688323628204,0.11654239329458127,60.883590526709,False
PRICE_POSITION,Near52WkHigh_10pct_H10,10,37.99741664300014,0.0009852066915336396,711007,6.6309333439316624,0.12483546819917515,3.3380853636799657e-11,0.041917299923223614,1294548,1.997698472797697,0.0278721922525141,0.04574956876206859,69.8730424635334,False
PRICE_POSITION,Near52WkHigh_10pct_H20,20,57.6710638618873,0.0016939879048302213,653460,8.582962212367525,0.16854969332720868,0.0,0.0783763692247257,1256060,2.947964998888473,0.04175585689535518,0.003198791625103503,65.65329164981483,False
PRICE_POSITION,Near52WkHigh_15pct_H1,1,12.274119653759984,-4.2652101097230174e-05,759500,-0.9337918480422162,-0.01700930072412499,0.35041157224992925,0.00041821352910736764,1344032,8.82527248204317,0.12084358175811079,0.0,-845.1006132197658,True
PRICE_POSITION,Near52WkHigh_15pct_H5,5,33.77848053342361,0.00043090498353569063,738187,4.012265380122758,0.07413217197132832,6.014475896454208e-05,0.026638803892484898,1321004,1.569454155243914,0.02167688323628204,0.11654239329458127,60.883590526709,False
PRICE_POSITION,Near52WkHigh_15pct_H10,10,51.53796585032407,0.0009852066915336396,711007,6.6309333439316624,0.12483546819917515,3.3380853636799657e-11,0.041917299923223614,1294548,1.997698472797697,0.0278721922525141,0.04574956876206859,69.8730424635334,False
PRICE_POSITION,Near52WkHigh_15pct_H20,20,72.90830635338332,0.0016939879048302213,653460,8.582962212367525,0.16854969332720868,0.0,0.0783763692247257,1256060,2.947964998888473,0.04175585689535518,0.003198791625103503,65.65329164981483,False
PRICE_POSITION,Near52WkHigh_20pct_H1,1,15.058198569377492,-4.2652101097230174e-05,759500,-0.9337918480422162,-0.01700930072412499,0.35041157224992925,0.00041821352910736764,1344032,8.82527248204317,0.12084358175811079,0.0,-845.1006132197658,True
PRICE_POSITION,Near52WkHigh_20pct_H5,5,40.48433290261797,0.00043090498353569063,738187,4.012265380122758,0.07413217197132832,6.014475896454208e-05,0.026638803892484898,1321004,1.569454155243914,0.02167688323628204,0.11654239329458127,60.883590526709,False
PRICE_POSITION,Near52WkHigh_20pct_H10,10,60.44578649869632,0.0009852066915336396,711007,6.6309333439316624,0.12483546819917515,3.3380853636799657e-11,0.041917299923223614,1294548,1.997698472797697,0.0278721922525141,0.04574956876206859,69.8730424635334,False
PRICE_POSITION,Near52WkHigh_20pct_H20,20,82.89343427882368,0.0016939879048302213,653460,8.582962212367525,0.16854969332720868,0.0,0.0783763692247257,1256060,2.947964998888473,0.04175585689535518,0.003198791625103503,65.65329164981483,False
INTRADAY,StrongClose_H1,1,-14.128997353071926,-4.2652101097230174e-05,759500,-0.9337918480422162,-0.01700930072412499,0.35041157224992925,0.00041821352910736764,1344032,8.82527248204317,0.12084358175811079,0.0,-845.1006132197658,True
INTRADAY,NarrowRange_Bot5_H1,1,4.710479399430733,-4.2652101097230174e-05,759500,-0.9337918480422162,-0.01700930072412499,0.35041157224992925,0.00041821352910736764,1344032,8.82527248204317,0.12084358175811079,0.0,-845.1006132197658,True
INTRADAY,NarrowRange_Bot10_H1,1,5.125457118974484,-4.2652101097230174e-05,759500,-0.9337918480422162,-0.01700930072412499,0.35041157224992925,0.00041821352910736764,1344032,8.82527248204317,0.12084358175811079,0.0,-845.1006132197658,True
DIVERGENCE,WeakRally_H1,1,-8.602717553269553,-4.2652101097230174e-05,759500,-0.9337918480422162,-0.01700930072412499,0.35041157224992925,0.00041821352910736764,1344032,8.82527248204317,0.12084358175811079,0.0,-845.1006132197658,True
DIVERGENCE,QuietDecline_H1,1,10.205461984750071,-4.2652101097230174e-05,759500,-0.9337918480422162,-0.01700930072412499,0.35041157224992925,0.00041821352910736764,1344032,8.82527248204317,0.12084358175811079,0.0,-845.1006132197658,True
DIVERGENCE,QuietDecline_H5,5,8.965884149564285,0.00043090498353569063,738187,4.012265380122758,0.07413217197132832,6.014475896454208e-05,0.026638803892484898,1321004,1.569454155243914,0.02167688323628204,0.11654239329458127,60.883590526709,False
DIVERGENCE,StrongConfirm_H10,10,3.669971376930494,0.0009852066915336396,711007,6.6309333439316624,0.12483546819917515,3.3380853636799657e-11,0.041917299923223614,1294548,1.997698472797697,0.0278721922525141,0.04574956876206859,69.8730424635334,False
REVERSAL,VBottom_H1,1,-3.952770553060636,-4.2652101097230174e-05,759500,-0.9337918480422162,-0.01700930072412499,0.35041157224992925,0.00041821352910736764,1344032,8.82527248204317,0.12084358175811079,0.0,-845.1006132197658,True
REVERSAL,InvertedV_H1,1,10.22030004425202,-4.2652101097230174e-05,759500,-0.9337918480422162,-0.01700930072412499,0.35041157224992925,0.00041821352910736764,1344032,8.82527248204317,0.12084358175811079,0.0,-845.1006132197658,True
REVERSAL,DoubleBottom_H1,1,8.859426287281368,-4.2652101097230174e-05,759500,-0.9337918480422162,-0.01700930072412499,0.35041157224992925,0.00041821352910736764,1344032,8.82527248204317,0.12084358175811079,0.0,-845.1006132197658,True
REVERSAL,InvertedV_H3,3,8.258620028861579,0.00023460827561739647,748332,2.8434723312126677,0.05217976497304055,0.0044626092370625425,0.012728727661256033,1332271,1.1305800675314566,0.015549101823786143,0.2582320844148456,60.23945599466083,False
REVERSAL,DoubleBottom_H3,3,7.770202668617619,0.00023460827561739647,748332,2.8434723312126677,0.05217976497304055,0.0044626092370625425,0.012728727661256033,1332271,1.1305800675314566,0.015549101823786143,0.2582320844148456,60.23945599466083,False
CONTINUATION,TripleUp_1pct_H3,3,3.0932966701633773,0.00023460827561739647,748332,2.8434723312126677,0.05217976497304055,0.0044626092370625425,0.012728727661256033,1332271,1.1305800675314566,0.015549101823786143,0.2582320844148456,60.23945599466083,False
REVERSAL,InvertedV_H5,5,6.862523055093179,0.00043090498353569063,738187,4.012265380122758,0.07413217197132832,6.014475896454208e-05,0.026638803892484898,1321004,1.569454155243914,0.02167688323628204,0.11654239329458127,60.883590526709,False
REVERSAL,DoubleBottom_H5,5,8.56121840721606,0.00043090498353569063,738187,4.012265380122758,0.07413217197132832,6.014475896454208e-05,0.026638803892484898,1321004,1.569454155243914,0.02167688323628204,0.11654239329458127,60.883590526709,False
CONTINUATION,TripleUp_1pct_H10,10,5.1692451066903935,0.0009852066915336396,711007,6.6309333439316624,0.12483546819917515,3.3380853636799657e-11,0.041917299923223614,1294548,1.997698472797697,0.0278721922525141,0.04574956876206859,69.8730424635334,False
TURN_OF_MONTH,First1Days_H1,1,19.403663602707336,-4.2652101097230174e-05,759500,-0.9337918480422162,-0.01700930072412499,0.35041157224992925,0.00041821352910736764,1344032,8.82527248204317,0.12084358175811079,0.0,-845.1006132197658,True
TURN_OF_MONTH,First3Days_H1,1,-4.715770014109179,-4.2652101097230174e-05,759500,-0.9337918480422162,-0.01700930072412499,0.35041157224992925,0.00041821352910736764,1344032,8.82527248204317,0.12084358175811079,0.0,-845.1006132197658,True
TURN_OF_MONTH,First5Days_H1,1,3.870831162675127,-4.2652101097230174e-05,759500,-0.9337918480422162,-0.01700930072412499,0.35041157224992925,0.00041821352910736764,1344032,8.82527248204317,0.12084358175811079,0.0,-845.1006132197658,True
TURN_OF_MONTH,First2Days_H3,3,-6.638957405835558,0.00023460827561739647,748332,2.8434723312126677,0.05217976497304055,0.0044626092370625425,0.012728727661256033,1332271,1.1305800675314566,0.015549101823786143,0.2582320844148456,60.23945599466083,False
TURN_OF_MONTH,First3Days_H3,3,-9.89528748972578,0.00023460827561739647,748332,2.8434723312126677,0.05217976497304055,0.0044626092370625425,0.012728727661256033,1332271,1.1305800675314566,0.015549101823786143,0.2582320844148456,60.23945599466083,False
TURN_OF_MONTH,First5Days_H3,3,7.621578305573829,0.00023460827561739647,748332,2.8434723312126677,0.05217976497304055,0.0044626092370625425,0.012728727661256033,1332271,1.1305800675314566,0.015549101823786143,0.2582320844148456,60.23945599466083,False
TURN_OF_MONTH,First1Days_H5,5,5.139883575138536,0.00043090498353569063,738187,4.012265380122758,0.07413217197132832,6.014475896454208e-05,0.026638803892484898,1321004,1.569454155243914,0.02167688323628204,0.11654239329458127,60.883590526709,False
TURN_OF_MONTH,First2Days_H5,5,10.597120771142423,0.00043090498353569063,738187,4.012265380122758,0.07413217197132832,6.014475896454208e-05,0.026638803892484898,1321004,1.569454155243914,0.02167688323628204,0.11654239329458127,60.883590526709,False
TURN_OF_MONTH,First3Days_H5,5,5.850128438233049,0.00043090498353569063,738187,4.012265380122758,0.07413217197132832,6.014475896454208e-05,0.026638803892484898,1321004,1.569454155243914,0.02167688323628204,0.11654239329458127,60.883590526709,False
TURN_OF_MONTH,First4Days_H5,5,14.216692760382022,0.00043090498353569063,738187,4.012265380122758,0.07413217197132832,6.014475896454208e-05,0.026638803892484898,1321004,1.569454155243914,0.02167688323628204,0.11654239329458127,60.883590526709,False
TURN_OF_MONTH,First5Days_H5,5,23.61825023749235,0.00043090498353569063,738187,4.012265380122758,0.07413217197132832,6.014475896454208e-05,0.026638803892484898,1321004,1.569454155243914,0.02167688323628204,0.11654239329458127,60.883590526709,False
TURN_OF_MONTH,First1Days_H10,10,22.464766001079173,0.0009852066915336396,711007,6.6309333439316624,0.12483546819917515,3.3380853636799657e-11,0.041917299923223614,1294548,1.997698472797697,0.0278721922525141,0.04574956876206859,69.8730424635334,False
TURN_OF_MONTH,First2Days_H10,10,25.328393000994136,0.0009852066915336396,711007,6.6309333439316624,0.12483546819917515,3.3380853636799657e-11,0.041917299923223614,1294548,1.997698472797697,0.0278721922525141,0.04574956876206859,69.8730424635334,False
TURN_OF_MONTH,First3Days_H10,10,22.385819795181348,0.0009852066915336396,711007,6.6309333439316624,0.12483546819917515,3.3380853636799657e-11,0.041917299923223614,1294548,1.997698472797697,0.0278721922525141,0.04574956876206859,69.8730424635334,False
TURN_OF_MONTH,First4Days_H10,10,19.242369867276413,0.0009852066915336396,711007,6.6309333439316624,0.12483546819917515,3.3380853636799657e-11,0.041917299923223614,1294548,1.997698472797697,0.0278721922525141,0.04574956876206859,69.8730424635334,False
TURN_OF_MONTH,First5Days_H10,10,22.51771097695148,0.0009852066915336396,711007,6.6309333439316624,0.12483546819917515,3.3380853636799657e-11,0.041917299923223614,1294548,1.997698472797697,0.0278721922525141,0.04574956876206859,69.8730424635334,False
SEASONALITY,Q4_Oct_Nov_Dec_H5,5,11.794808043844956,0.00043090498353569063,738187,4.012265380122758,0.07413217197132832,6.014475896454208e-05,0.026638803892484898,1321004,1.569454155243914,0.02167688323628204,0.11654239329458127,60.883590526709,False
SEASONALITY,SellInMay_May_Oct_H5,5,57.39554698969222,0.006247789181825233,630875,34.923971070723226,0.6979948709424011,0.0,0.056598728718712,1211950,1.0975209463807165,0.015825984515199065,0.27241394737460545,96.85739933709667,False
SEASONALITY,Q4_Oct_Nov_Dec_H10,10,12.895352152612666,0.0009852066915336396,711007,6.6309333439316624,0.12483546819917515,3.3380853636799657e-11,0.041917299923223614,1294548,1.997698472797697,0.0278721922525141,0.04574956876206859,69.8730424635334,False
SEASONALITY,SellInMay_May_Oct_H10,10,74.46982809946846,0.010863566890127569,616555,42.05349476546661,0.8501908978806455,0.0,0.07161755366777413,1191494,1.970654657083748,0.02865925287807136,0.04876362138583046,95.3139336740641,False
SEASONALITY,Best6_Nov_Apr_H10,10,3.0533499735685394,0.0009852066915336396,711007,6.6309333439316624,0.12483546819917515,3.3380853636799657e-11,0.041917299923223614,1294548,1.997698472797697,0.0278721922525141,0.04574956876206859,69.8730424635334,False
SEASONALITY,Q1_Jan_Feb_Mar_H20,20,3.725500830152997,0.0016939879048302213,653460,8.582962212367525,0.16854969332720868,0.0,0.0783763692247257,1256060,2.947964998888473,0.04175585689535518,0.003198791625103503,65.65329164981483,False
SEASONALITY,SellInMay_May_Oct_H20,20,91.02098452377167,0.014519501109473856,591311,45.466003877431774,0.9385968145657332,0.0,0.17043099358562747,1136020,2.3979153347576574,0.03571421647990404,0.016488836281925545,94.72591578265376,False
SEASONALITY,Best6_Nov_Apr_H20,20,3.916910428035648,0.0016939879048302213,653460,8.582962212367525,0.16854969332720868,0.0,0.0783763692247257,1256060,2.947964998888473,0.04175585689535518,0.003198791625103503,65.65329164981483,False
DOW_MONTH,Monday_Jan_H1,1,-3.766048851550744,-4.2652101097230174e-05,759500,-0.9337918480422162,-0.01700930072412499,0.35041157224992925,0.00041821352910736764,1344032,8.82527248204317,0.12084358175811079,0.0,-845.1006132197658,True
DOW_MONTH,Monday_Apr_H1,1,-3.5070219278045096,-4.2652101097230174e-05,759500,-0.9337918480422162,-0.01700930072412499,0.35041157224992925,0.00041821352910736764,1344032,8.82527248204317,0.12084358175811079,0.0,-845.1006132197658,True
DOW_MONTH,Monday_Oct_H1,1,-6.014155030747777,-4.2652101097230174e-05,759500,-0.9337918480422162,-0.01700930072412499,0.35041157224992925,0.00041821352910736764,1344032,8.82527248204317,0.12084358175811079,0.0,-845.1006132197658,True
DOW_MONTH,Tuesday_Apr_H1,1,40.02927480129645,-4.2652101097230174e-05,759500,-0.9337918480422162,-0.01700930072412499,0.35041157224992925,0.00041821352910736764,1344032,8.82527248204317,0.12084358175811079,0.0,-845.1006132197658,True
DOW_MONTH,Tuesday_Nov_H1,1,13.282399680306735,-4.2652101097230174e-05,759500,-0.9337918480422162,-0.01700930072412499,0.35041157224992925,0.00041821352910736764,1344032,8.82527248204317,0.12084358175811079,0.0,-845.1006132197658,True
DOW_MONTH,Tuesday_Dec_H1,1,6.644224498882301,-4.2652101097230174e-05,759500,-0.9337918480422162,-0.01700930072412499,0.35041157224992925,0.00041821352910736764,1344032,8.82527248204317,0.12084358175811079,0.0,-845.1006132197658,True
DOW_MONTH,Wednesday_Jan_H1,1,8.335886525166135,-4.2652101097230174e-05,759500,-0.9337918480422162,-0.01700930072412499,0.35041157224992925,0.00041821352910736764,1344032,8.82527248204317,0.12084358175811079,0.0,-845.1006132197658,True
DOW_MONTH,Wednesday_Apr_H1,1,-13.585452503084422,-4.2652101097230174e-05,759500,-0.9337918480422162,-0.01700930072412499,0.35041157224992925,0.00041821352910736764,1344032,8.82527248204317,0.12084358175811079,0.0,-845.1006132197658,True
DOW_MONTH,Wednesday_Oct_H1,1,-18.16248405797922,-4.2652101097230174e-05,759500,-0.9337918480422162,-0.01700930072412499,0.35041157224992925,0.00041821352910736764,1344032,8.82527248204317,0.12084358175811079,0.0,-845.1006132197658,True
DOW_MONTH,Wednesday_Nov_H1,1,-15.79491315383238,-4.2652101097230174e-05,759500,-0.9337918480422162,-0.01700930072412499,0.35041157224992925,0.00041821352910736764,1344032,8.82527248204317,0.12084358175811079,0.0,-845.1006132197658,True
DOW_MONTH,Wednesday_Dec_H1,1,5.965639672759334,-4.2652101097230174e-05,759500,-0.9337918480422162,-0.01700930072412499,0.35041157224992925,0.00041821352910736764,1344032,8.82527248204317,0.12084358175811079,0.0,-845.1006132197658,True
DOW_MONTH,Thursday_Jan_H1,1,11.484895968570235,-4.2652101097230174e-05,759500,-0.9337918480422162,-0.01700930072412499,0.35041157224992925,0.00041821352910736764,1344032,8.82527248204317,0.12084358175811079,0.0,-845.1006132197658,True
DOW_MONTH,Thursday_Apr_H1,1,-29.78033612708584,-4.2652101097230174e-05,759500,-0.9337918480422162,-0.01700930072412499,0.35041157224992925,0.00041821352910736764,1344032,8.82527248204317,0.12084358175811079,0.0,-845.1006132197658,True
DOW_MONTH,Thursday_Oct_H1,1,8.019422537277,-4.2652101097230174e-05,759500,-0.9337918480422162,-0.01700930072412499,0.35041157224992925,0.00041821352910736764,1344032,8.82527248204317,0.12084358175811079,0.0,-845.1006132197658,True
DOW_MONTH,Thursday_Nov_H1,1,6.922396745530237,-4.2652101097230174e-05,759500,-0.9337918480422162,-0.01700930072412499,0.35041157224992925,0.00041821352910736764,1344032,8.82527248204317,0.12084358175811079,0.0,-845.1006132197658,True
DOW_MONTH,Thursday_Dec_H1,1,-6.122011109076162,-4.2652101097230174e-05,759500,-0.9337918480422162,-0.01700930072412499,0.35041157224992925,0.00041821352910736764,1344032,8.82527248204317,0.12084358175811079,0.0,-845.1006132197658,True
DOW_MONTH,Friday_Jan_H1,1,3.541887428736521,-4.2652101097230174e-05,759500,-0.9337918480422162,-0.01700930072412499,0.35041157224992925,0.00041821352910736764,1344032,8.82527248204317,0.12084358175811079,0.0,-845.1006132197658,True
DOW_MONTH,Friday_Apr_H1,1,3.850778092724653,-4.2652101097230174e-05,759500,-0.9337918480422162,-0.01700930072412499,0.35041157224992925,0.00041821352910736764,1344032,8.82527248204317,0.12084358175811079,0.0,-845.1006132197658,True
DOW_MONTH,Friday_Oct_H1,1,17.381233416394437,-4.2652101097230174e-05,759500,-0.9337918480422162,-0.01700930072412499,0.35041157224992925,0.00041821352910736764,1344032,8.82527248204317,0.12084358175811079,0.0,-845.1006132197658,True
DOW_MONTH,Friday_Nov_H1,1,11.906893631520449,-4.2652101097230174e-05,759500,-0.9337918480422162,-0.01700930072412499,0.35041157224992925,0.00041821352910736764,1344032,8.82527248204317,0.12084358175811079,0.0,-845.1006132197658,True
DOW_MONTH,Monday_Apr_H5,5,36.70589323799348,0.00043090498353569063,738187,4.012265380122758,0.07413217197132832,6.014475896454208e-05,0.026638803892484898,1321004,1.569454155243914,0.02167688323628204,0.11654239329458127,60.883590526709,False
DOW_MONTH,Monday_Oct_H5,5,-4.3099773695047885,0.00043090498353569063,738187,4.012265380122758,0.07413217197132832,6.014475896454208e-05,0.026638803892484898,1321004,1.569454155243914,0.02167688323628204,0.11654239329458127,60.883590526709,False
DOW_MONTH,Monday_Nov_H5,5,7.736056958714459,0.00043090498353569063,738187,4.012265380122758,0.07413217197132832,6.014475896454208e-05,0.026638803892484898,1321004,1.569454155243914,0.02167688323628204,0.11654239329458127,60.883590526709,False
DOW_MONTH,Tuesday_Apr_H5,5,7.504239627110339,0.00043090498353569063,738187,4.012265380122758,0.07413217197132832,6.014475896454208e-05,0.026638803892484898,1321004,1.569454155243914,0.02167688323628204,0.11654239329458127,60.883590526709,False
DOW_MONTH,Tuesday_Nov_H5,5,11.404915006984211,0.00043090498353569063,738187,4.012265380122758,0.07413217197132832,6.014475896454208e-05,0.026638803892484898,1321004,1.569454155243914,0.02167688323628204,0.11654239329458127,60.883590526709,False
DOW_MONTH,Wednesday_Apr_H5,5,-3.1014619526023526,0.00043090498353569063,738187,4.012265380122758,0.07413217197132832,6.014475896454208e-05,0.026638803892484898,1321004,1.569454155243914,0.02167688323628204,0.11654239329458127,60.883590526709,False
DOW_MONTH,Wednesday_Oct_H5,5,5.453083042405875,0.00043090498353569063,738187,4.012265380122758,0.07413217197132832,6.014475896454208e-05,0.026638803892484898,1321004,1.569454155243914,0.02167688323628204,0.11654239329458127,60.883590526709,False
DOW_MONTH,Wednesday_Nov_H5,5,7.078968840801378,0.00043090498353569063,738187,4.012265380122758,0.07413217197132832,6.014475896454208e-05,0.026638803892484898,1321004,1.569454155243914,0.02167688323628204,0.11654239329458127,60.883590526709,False
DOW_MONTH,Thursday_Apr_H5,5,7.642642101415332,0.00043090498353569063,738187,4.012265380122758,0.07413217197132832,6.014475896454208e-05,0.026638803892484898,1321004,1.569454155243914,0.02167688323628204,0.11654239329458127,60.883590526709,False
DOW_MONTH,Thursday_Oct_H5,5,3.3441981078863794,0.00043090498353569063,738187,4.012265380122758,0.07413217197132832,6.014475896454208e-05,0.026638803892484898,1321004,1.569454155243914,0.02167688323628204,0.11654239329458127,60.883590526709,False
DOW_MONTH,Thursday_Nov_H5,5,10.146898874782536,0.00043090498353569063,738187,4.012265380122758,0.07413217197132832,6.014475896454208e-05,0.026638803892484898,1321004,1.569454155243914,0.02167688323628204,0.11654239329458127,60.883590526709,False
DOW_MONTH,Friday_Apr_H5,5,9.698914435850089,0.00043090498353569063,738187,4.012265380122758,0.07413217197132832,6.014475896454208e-05,0.026638803892484898,1321004,1.569454155243914,0.02167688323628204,0.11654239329458127,60.883590526709,False
DOW_MONTH,Friday_Oct_H5,5,-5.319008346736547,0.00043090498353569063,738187,4.012265380122758,0.07413217197132832,6.014475896454208e-05,0.026638803892484898,1321004,1.569454155243914,0.02167688323628204,0.11654239329458127,60.883590526709,False
DOW_MONTH,Friday_Nov_H5,5,12.507107391876874,0.00043090498353569063,738187,4.012265380122758,0.07413217197132832,6.014475896454208e-05,0.026638803892484898,1321004,1.569454155243914,0.02167688323628204,0.11654239329458127,60.883590526709,False
HOLIDAY,July4Week_H1,1,11.072426762688304,-4.2652101097230174e-05,759500,-0.9337918480422162,-0.01700930072412499,0.35041157224992925,0.00041821352910736764,1344032,8.82527248204317,0.12084358175811079,0.0,-845.1006132197658,True
HOLIDAY,FirstWeekOfYear_H3,3,-13.416585698289232,0.00023460827561739647,748332,2.8434723312126677,0.05217976497304055,0.0044626092370625425,0.012728727661256033,1332271,1.1305800675314566,0.015549101823786143,0.2582320844148456,60.23945599466083,False
HOLIDAY,July4Week_H3,3,19.0185024074313,0.00023460827561739647,748332,2.8434723312126677,0.05217976497304055,0.0044626092370625425,0.012728727661256033,1332271,1.1305800675314566,0.015549101823786143,0.2582320844148456,60.23945599466083,False
HOLIDAY,FirstWeekOfYear_H5,5,-23.99670797829025,0.00043090498353569063,738187,4.012265380122758,0.07413217197132832,6.014475896454208e-05,0.026638803892484898,1321004,1.569454155243914,0.02167688323628204,0.11654239329458127,60.883590526709,False
HOLIDAY,July4Week_H5,5,34.58476201249911,0.00043090498353569063,738187,4.012265380122758,0.07413217197132832,6.014475896454208e-05,0.026638803892484898,1321004,1.569454155243914,0.02167688323628204,0.11654239329458127,60.883590526709,False
REL_STRENGTH,BotRS5_Bot10_H1,1,8.100915102439734,-4.2652101097230174e-05,759500,-0.9337918480422162,-0.01700930072412499,0.35041157224992925,0.00041821352910736764,1344032,8.82527248204317,0.12084358175811079,0.0,-845.1006132197658,True
REL_STRENGTH,TopRS5_Top10_H20,20,3.331130875805629,0.0016939879048302213,653460,8.582962212367525,0.16854969332720868,0.0,0.0783763692247257,1256060,2.947964998888473,0.04175585689535518,0.003198791625103503,65.65329164981483,False
REL_STRENGTH,BotRS5_Bot20_H1,1,10.184372679926252,-4.2652101097230174e-05,759500,-0.9337918480422162,-0.01700930072412499,0.35041157224992925,0.00041821352910736764,1344032,8.82527248204317,0.12084358175811079,0.0,-845.1006132197658,True
REL_STRENGTH,TopRS5_Top20_H20,20,3.571087142856729,0.0016939879048302213,653460,8.582962212367525,0.16854969332720868,0.0,0.0783763692247257,1256060,2.947964998888473,0.04175585689535518,0.003198791625103503,65.65329164981483,False
REL_STRENGTH,BotRS10_Bot10_H1,1,7.803719043334738,-4.2652101097230174e-05,759500,-0.9337918480422162,-0.01700930072412499,0.35041157224992925,0.00041821352910736764,1344032,8.82527248204317,0.12084358175811079,0.0,-845.1006132197658,True
REL_STRENGTH,TopRS10_Top10_H20,20,3.6763514363042313,0.0016939879048302213,653460,8.582962212367525,0.16854969332720868,0.0,0.0783763692247257,1256060,2.947964998888473,0.04175585689535518,0.003198791625103503,65.65329164981483,False
REL_STRENGTH,BotRS10_Bot20_H1,1,9.89637130513699,-4.2652101097230174e-05,759500,-0.9337918480422162,-0.01700930072412499,0.35041157224992925,0.00041821352910736764,1344032,8.82527248204317,0.12084358175811079,0.0,-845.1006132197658,True
REL_STRENGTH,TopRS10_Top20_H20,20,3.7751142348614697,0.0016939879048302213,653460,8.582962212367525,0.16854969332720868,0.0,0.0783763692247257,1256060,2.947964998888473,0.04175585689535518,0.003198791625103503,65.65329164981483,False
REL_STRENGTH,BotRS20_Bot10_H1,1,5.432974301197681,-4.2652101097230174e-05,759500,-0.9337918480422162,-0.01700930072412499,0.35041157224992925,0.00041821352910736764,1344032,8.82527248204317,0.12084358175811079,0.0,-845.1006132197658,True
REL_STRENGTH,BotRS20_Bot10_H5,5,7.06372852516017,0.00043090498353569063,738187,4.012265380122758,0.07413217197132832,6.014475896454208e-05,0.026638803892484898,1321004,1.569454155243914,0.02167688323628204,0.11654239329458127,60.883590526709,False
REL_STRENGTH,TopRS20_Top10_H10,10,3.0455747012165086,0.0009852066915336396,711007,6.6309333439316624,0.12483546819917515,3.3380853636799657e-11,0.041917299923223614,1294548,1.997698472797697,0.0278721922525141,0.04574956876206859,69.8730424635334,False
REL_STRENGTH,BotRS20_Bot10_H10,10,4.192852446315412,0.0009852066915336396,711007,6.6309333439316624,0.12483546819917515,3.3380853636799657e-11,0.041917299923223614,1294548,1.997698472797697,0.0278721922525141,0.04574956876206859,69.8730424635334,False
REL_STRENGTH,TopRS20_Top10_H20,20,3.8807811763129534,0.0016939879048302213,653460,8.582962212367525,0.16854969332720868,0.0,0.0783763692247257,1256060,2.947964998888473,0.04175585689535518,0.003198791625103503,65.65329164981483,False
REL_STRENGTH,BotRS20_Bot20_H1,1,8.471713206335133,-4.2652101097230174e-05,759500,-0.9337918480422162,-0.01700930072412499,0.35041157224992925,0.00041821352910736764,1344032,8.82527248204317,0.12084358175811079,0.0,-845.1006132197658,True
REL_STRENGTH,BotRS20_Bot20_H5,5,13.784319092332856,0.00043090498353569063,738187,4.012265380122758,0.07413217197132832,6.014475896454208e-05,0.026638803892484898,1321004,1.569454155243914,0.02167688323628204,0.11654239329458127,60.883590526709,False
REL_STRENGTH,TopRS20_Top20_H10,10,3.093293434081639,0.0009852066915336396,711007,6.6309333439316624,0.12483546819917515,3.3380853636799657e-11,0.041917299923223614,1294548,1.997698472797697,0.0278721922525141,0.04574956876206859,69.8730424635334,False
REL_STRENGTH,BotRS20_Bot20_H10,10,14.330192303117068,0.0009852066915336396,711007,6.6309333439316624,0.12483546819917515,3.3380853636799657e-11,0.041917299923223614,1294548,1.997698472797697,0.0278721922525141,0.04574956876206859,69.8730424635334,False
REL_STRENGTH,TopRS20_Top20_H20,20,3.945447342310789,0.0016939879048302213,653460,8.582962212367525,0.16854969332720868,0.0,0.0783763692247257,1256060,2.947964998888473,0.04175585689535518,0.003198791625103503,65.65329164981483,False
REL_STRENGTH,BotRS20_Bot20_H20,20,9.426147203637086,0.0016939879048302213,653460,8.582962212367525,0.16854969332720868,0.0,0.0783763692247257,1256060,2.947964998888473,0.04175585689535518,0.003198791625103503,65.65329164981483,False
XSECTION,XSMom60_TopDecile_H5,5,7.69160349979517,0.00043090498353569063,738187,4.012265380122758,0.07413217197132832,6.014475896454208e-05,0.026638803892484898,1321004,1.569454155243914,0.02167688323628204,0.11654239329458127,60.883590526709,False
XSECTION,XSMom60_TopDecile_H10,10,12.39484187891112,0.0009852066915336396,711007,6.6309333439316624,0.12483546819917515,3.3380853636799657e-11,0.041917299923223614,1294548,1.997698472797697,0.0278721922525141,0.04574956876206859,69.8730424635334,False
XSECTION,XSMom60_TopDecile_H20,20,16.452747731884347,0.0016939879048302213,653460,8.582962212367525,0.16854969332720868,0.0,0.0783763692247257,1256060,2.947964998888473,0.04175585689535518,0.003198791625103503,65.65329164981483,False
XSECTION,XSMom60_BotDecile_H20,20,3.041776053576533,0.0016939879048302213,653460,8.582962212367525,0.16854969332720868,0.0,0.0783763692247257,1256060,2.947964998888473,0.04175585689535518,0.003198791625103503,65.65329164981483,False
XSECTION,XSMom120_TopDecile_H5,5,14.594214512461498,0.00043090498353569063,738187,4.012265380122758,0.07413217197132832,6.014475896454208e-05,0.026638803892484898,1321004,1.569454155243914,0.02167688323628204,0.11654239329458127,60.883590526709,False
XSECTION,XSMom120_TopDecile_H10,10,22.68760108608012,0.0009852066915336396,711007,6.6309333439316624,0.12483546819917515,3.3380853636799657e-11,0.041917299923223614,1294548,1.997698472797697,0.0278721922525141,0.04574956876206859,69.8730424635334,False
XSECTION,XSMom120_BotDecile_H10,10,3.070193664570741,0.0009852066915336396,711007,6.6309333439316624,0.12483546819917515,3.3380853636799657e-11,0.041917299923223614,1294548,1.997698472797697,0.0278721922525141,0.04574956876206859,69.8730424635334,False
XSECTION,XSMom120_TopDecile_H20,20,26.724092879056,0.0016939879048302213,653460,8.582962212367525,0.16854969332720868,0.0,0.0783763692247257,1256060,2.947964998888473,0.04175585689535518,0.003198791625103503,65.65329164981483,False
XSECTION,XSMom120_BotDecile_H20,20,3.8994630305388,0.0016939879048302213,653460,8.582962212367525,0.16854969332720868,0.0,0.0783763692247257,1256060,2.947964998888473,0.04175585689535518,0.003198791625103503,65.65329164981483,False
VOL_REGIME,HighVolRegime_H1,1,8.611097094091885,-4.2652101097230174e-05,759500,-0.9337918480422162,-0.01700930072412499,0.35041157224992925,0.00041821352910736764,1344032,8.82527248204317,0.12084358175811079,0.0,-845.1006132197658,True
VOL_REGIME,VolSpike2x_H1,1,5.096177610613977,-4.2652101097230174e-05,759500,-0.9337918480422162,-0.01700930072412499,0.35041157224992925,0.00041821352910736764,1344032,8.82527248204317,0.12084358175811079,0.0,-845.1006132197658,True
RANGE_PATTERN,InsideDay_H1,1,11.769289255505068,-4.2652101097230174e-05,759500,-0.9337918480422162,-0.01700930072412499,0.35041157224992925,0.00041821352910736764,1344032,8.82527248204317,0.12084358175811079,0.0,-845.1006132197658,True
RANGE_PATTERN,OutsideDay_H1,1,5.687469578140294,-4.2652101097230174e-05,759500,-0.9337918480422162,-0.01700930072412499,0.35041157224992925,0.00041821352910736764,1344032,8.82527248204317,0.12084358175811079,0.0,-845.1006132197658,True
RANGE_PATTERN,OutsideDayUp_H1,1,-9.119974432893727,-4.2652101097230174e-05,759500,-0.9337918480422162,-0.01700930072412499,0.35041157224992925,0.00041821352910736764,1344032,8.82527248204317,0.12084358175811079,0.0,-845.1006132197658,True
RANGE_PATTERN,InsideDay_H3,3,13.101637802736755,0.00023460827561739647,748332,2.8434723312126677,0.05217976497304055,0.0044626092370625425,0.012728727661256033,1332271,1.1305800675314566,0.015549101823786143,0.2582320844148456,60.23945599466083,False
RANGE_PATTERN,OutsideDay_H3,3,8.141171888453533,0.00023460827561739647,748332,2.8434723312126677,0.05217976497304055,0.0044626092370625425,0.012728727661256033,1332271,1.1305800675314566,0.015549101823786143,0.2582320844148456,60.23945599466083,False
RANGE_PATTERN,OutsideDayUp_H3,3,-5.829136634281696,0.00023460827561739647,748332,2.8434723312126677,0.05217976497304055,0.0044626092370625425,0.012728727661256033,1332271,1.1305800675314566,0.015549101823786143,0.2582320844148456,60.23945599466083,False
RANGE_PATTERN,InsideDay_H5,5,15.895240066119564,0.00043090498353569063,738187,4.012265380122758,0.07413217197132832,6.014475896454208e-05,0.026638803892484898,1321004,1.569454155243914,0.02167688323628204,0.11654239329458127,60.883590526709,False
RANGE_PATTERN,OutsideDay_H5,5,11.144372015008496,0.00043090498353569063,738187,4.012265380122758,0.07413217197132832,6.014475896454208e-05,0.026638803892484898,1321004,1.569454155243914,0.02167688323628204,0.11654239329458127,60.883590526709,False
RANGE_PATTERN,InsideDay_H10,10,20.61093799260652,0.0009852066915336396,711007,6.6309333439316624,0.12483546819917515,3.3380853636799657e-11,0.041917299923223614,1294548,1.997698472797697,0.0278721922525141,0.04574956876206859,69.8730424635334,False
RANGE_PATTERN,OutsideDayUp_H10,10,4.992380784266199,0.0009852066915336396,711007,6.6309333439316624,0.12483546819917515,3.3380853636799657e-11,0.041917299923223614,1294548,1.997698472797697,0.0278721922525141,0.04574956876206859,69.8730424635334,False
NR_PATTERN,NR3_H1,1,13.732276457208735,-4.2652101097230174e-05,759500,-0.9337918480422162,-0.01700930072412499,0.35041157224992925,0.00041821352910736764,1344032,8.82527248204317,0.12084358175811079,0.0,-845.1006132197658,True
NR_PATTERN,NR4_H1,1,11.070860312620027,-4.2652101097230174e-05,759500,-0.9337918480422162,-0.01700930072412499,0.35041157224992925,0.00041821352910736764,1344032,8.82527248204317,0.12084358175811079,0.0,-845.1006132197658,True
NR_PATTERN,NR5_H1,1,9.61916466752375,-4.2652101097230174e-05,759500,-0.9337918480422162,-0.01700930072412499,0.35041157224992925,0.00041821352910736764,1344032,8.82527248204317,0.12084358175811079,0.0,-845.1006132197658,True
NR_PATTERN,NR7_H1,1,8.337597347897173,-4.2652101097230174e-05,759500,-0.9337918480422162,-0.01700930072412499,0.35041157224992925,0.00041821352910736764,1344032,8.82527248204317,0.12084358175811079,0.0,-845.1006132197658,True
NEW_EXTREME,New20DayHigh_H5,5,7.36219506414166,0.00043090498353569063,738187,4.012265380122758,0.07413217197132832,6.014475896454208e-05,0.026638803892484898,1321004,1.569454155243914,0.02167688323628204,0.11654239329458127,60.883590526709,False
NEW_EXTREME,New20DayLow_H20,20,3.3468083148569847,0.0016939879048302213,653460,8.582962212367525,0.16854969332720868,0.0,0.0783763692247257,1256060,2.947964998888473,0.04175585689535518,0.003198791625103503,65.65329164981483,False
NEW_EXTREME,New50DayHigh_H5,5,3.188183553961066,0.00043090498353569063,738187,4.012265380122758,0.07413217197132832,6.014475896454208e-05,0.026638803892484898,1321004,1.569454155243914,0.02167688323628204,0.11654239329458127,60.883590526709,False
NEW_EXTREME,New50DayLow_H20,20,3.3049723395987165,0.0016939879048302213,653460,8.582962212367525,0.16854969332720868,0.0,0.0783763692247257,1256060,2.947964998888473,0.04175585689535518,0.003198791625103503,65.65329164981483,False
NEW_EXTREME,New100DayHigh_H10,10,4.10544766555719,0.0009852066915336396,711007,6.6309333439316624,0.12483546819917515,3.3380853636799657e-11,0.041917299923223614,1294548,1.997698472797697,0.0278721922525141,0.04574956876206859,69.8730424635334,False
NEW_EXTREME,New100DayHigh_H20,20,12.493436178231434,0.0016939879048302213,653460,8.582962212367525,0.16854969332720868,0.0,0.0783763692247257,1256060,2.947964998888473,0.04175585689535518,0.003198791625103503,65.65329164981483,False
NEW_EXTREME,New100DayLow_H20,20,3.2882212902845818,0.0016939879048302213,653460,8.582962212367525,0.16854969332720868,0.0,0.0783763692247257,1256060,2.947964998888473,0.04175585689535518,0.003198791625103503,65.65329164981483,False
ACCELERATION,NegAccel5_Bot10_H1,1,6.813008947027143,0.001702922174336713,642829,19.761439337302217,0.39126510177163676,0.0,0.0012649858137443216,1226451,8.374216485258103,0.1200381665350676,0.0,57.623448665246215,False
ACCELERATION,PosAccel10_Top10_H1,1,5.855578934419632,-4.2652101097230174e-05,759500,-0.9337918480422162,-0.01700930072412499,0.35041157224992925,0.00041821352910736764,1344032,8.82527248204317,0.12084358175811079,0.0,-845.1006132197658,True
ACCELERATION,PosAccel10_Top10_H5,5,9.085084341779927,0.00043090498353569063,738187,4.012265380122758,0.07413217197132832,6.014475896454208e-05,0.026638803892484898,1321004,1.569454155243914,0.02167688323628204,0.11654239329458127,60.883590526709,False
ACCELERATION,NegAccel20_Bot10_H1,1,11.677878201399912,0.001702922174336713,642829,19.761439337302217,0.39126510177163676,0.0,0.0012649858137443216,1226451,8.374216485258103,0.1200381665350676,0.0,57.623448665246215,False
VOL_TREND,FallingVol5_H5,5,9.841163871269874,0.00043090498353569063,738187,4.012265380122758,0.07413217197132832,6.014475896454208e-05,0.026638803892484898,1321004,1.569454155243914,0.02167688323628204,0.11654239329458127,60.883590526709,False
VOL_TREND,RisingVol10_H1,1,4.14825390373851,-4.2652101097230174e-05,759500,-0.9337918480422162,-0.01700930072412499,0.35041157224992925,0.00041821352910736764,1344032,8.82527248204317,0.12084358175811079,0.0,-845.1006132197658,True
VOL_TREND,RisingVol10_H5,5,8.196635466630203,0.00043090498353569063,738187,4.012265380122758,0.07413217197132832,6.014475896454208e-05,0.026638803892484898,1321004,1.569454155243914,0.02167688323628204,0.11654239329458127,60.883590526709,False
VOL_TREND,FallingVol20_H1,1,6.07518342021954,-4.2652101097230174e-05,759500,-0.9337918480422162,-0.01700930072412499,0.35041157224992925,0.00041821352910736764,1344032,8.82527248204317,0.12084358175811079,0.0,-845.1006132197658,True
VOL_TREND,FallingVol20_H5,5,12.009997268097838,0.00043090498353569063,738187,4.012265380122758,0.07413217197132832,6.014475896454208e-05,0.026638803892484898,1321004,1.569454155243914,0.02167688323628204,0.11654239329458127,60.883590526709,False
VOL_TREND,RisingVol20_H10,10,3.0261825810624283,0.0009852066915336396,711007,6.6309333439316624,0.12483546819917515,3.3380853636799657e-11,0.041917299923223614,1294548,1.997698472797697,0.0278721922525141,0.04574956876206859,69.8730424635334,False
VOL_TREND,FallingVol20_H10,10,17.036527779178222,0.0009852066915336396,711007,6.6309333439316624,0.12483546819917515,3.3380853636799657e-11,0.041917299923223614,1294548,1.997698472797697,0.0278721922525141,0.04574956876206859,69.8730424635334,False
PV_CORR,HighPVCorr10_H1,1,4.840947567332655,-4.2652101097230174e-05,759500,-0.9337918480422162,-0.01700930072412499,0.35041157224992925,0.00041821352910736764,1344032,8.82527248204317,0.12084358175811079,0.0,-845.1006132197658,True
PV_CORR,NegPVCorr10_H1,1,9.86911407976886,0.001702922174336713,642829,19.761439337302217,0.39126510177163676,0.0,0.0012649858137443216,1226451,8.374216485258103,0.1200381665350676,0.0,57.623448665246215,False
PV_CORR,HighPVCorr10_H5,5,8.85610079811501,0.00043090498353569063,738187,4.012265380122758,0.07413217197132832,6.014475896454208e-05,0.026638803892484898,1321004,1.569454155243914,0.02167688323628204,0.11654239329458127,60.883590526709,False
PV_CORR,NegPVCorr10_H5,5,23.51136582739372,0.006247789181825233,630875,34.923971070723226,0.6979948709424011,0.0,0.056598728718712,1211950,1.0975209463807165,0.015825984515199065,0.27241394737460545,96.85739933709667,False
PV_CORR,NegPVCorr10_H10,10,26.578009820180405,0.010863566890127569,616555,42.05349476546661,0.8501908978806455,0.0,0.07161755366777413,1191494,1.970654657083748,0.02865925287807136,0.04876362138583046,95.3139336740641,False
PV_CORR,NegPVCorr20_H1,1,5.670434628996833,0.001702922174336713,642829,19.761439337302217,0.39126510177163676,0.0,0.0012649858137443216,1226451,8.374216485258103,0.1200381665350676,0.0,57.623448665246215,False
PV_CORR,NegPVCorr20_H5,5,10.584271302222554,0.006247789181825233,630875,34.923971070723226,0.6979948709424011,0.0,0.056598728718712,1211950,1.0975209463807165,0.015825984515199065,0.27241394737460545,96.85739933709667,False
PV_CORR,HighPVCorr20_H10,10,3.0176298972758064,0.0009852066915336396,711007,6.6309333439316624,0.12483546819917515,3.3380853636799657e-11,0.041917299923223614,1294548,1.997698472797697,0.0278721922525141,0.04574956876206859,69.8730424635334,False
PV_CORR,NegPVCorr20_H10,10,12.00973498996803,0.010863566890127569,616555,42.05349476546661,0.8501908978806455,0.0,0.07161755366777413,1191494,1.970654657083748,0.02865925287807136,0.04876362138583046,95.3139336740641,False
FUSION_2F,Near52High_LowVol_H1,1,4.591252456653984,0.0010982748909785418,568695,20.10991602681701,0.4233219836644155,0.0,0.0011413327216061467,1037117,6.8947026734237165,0.10747363458847996,5.4007909255915365e-12,65.71491067277715,False
FUSION_2F,Near52High_LowVol_H5,5,10.466193590164872,0.005305357625170363,557180,36.5659850649425,0.7776421430279157,0.0,0.0037537462461199296,1023804,18.666525777958203,0.2928568277677275,0.0,48.95112016042839,True
FUSION_2F,Near52High_LowVol_H10,10,16.811416907528216,0.009880765838073709,542410,40.81522320539937,0.8797486364996397,0.0,0.006569986936867336,1007889,26.02017920707332,0.4114378112941775,0.0,36.24883765518362,True
FUSION_2F,Near52High_LowVol_H20,20,26.115065077108767,0.014670824935934947,511216,50.36606762674164,1.118242761765315,0.0,0.00972275313767519,969226,19.82784954521117,0.3197152538579423,0.0,60.63252407920038,False
FUSION_2F,Near52High_InsideDay_H1,1,6.49006272629602,0.0010982748909785418,568695,20.10991602681701,0.4233219836644155,0.0,0.0011413327216061467,1037117,6.8947026734237165,0.10747363458847996,5.4007909255915365e-12,65.71491067277715,False
FUSION_2F,Near52High_InsideDay_H5,5,10.640741124180543,0.005305357625170363,557180,36.5659850649425,0.7776421430279157,0.0,0.0037537462461199296,1023804,18.666525777958203,0.2928568277677275,0.0,48.95112016042839,True
FUSION_2F,Near52High_InsideDay_H10,10,17.51122456227152,0.009880765838073709,542410,40.81522320539937,0.8797486364996397,0.0,0.006569986936867336,1007889,26.02017920707332,0.4114378112941775,0.0,36.24883765518362,True
FUSION_2F,Near52High_InsideDay_H20,20,23.658338126283624,0.014670824935934947,511216,50.36606762674164,1.118242761765315,0.0,0.00972275313767519,969226,19.82784954521117,0.3197152538579423,0.0,60.63252407920038,False
FUSION_2F,Near52High_BestMonth_H1,1,-11.0274061328942,0.0010982748909785418,568695,20.10991602681701,0.4233219836644155,0.0,0.0011413327216061467,1037117,6.8947026734237165,0.10747363458847996,5.4007909255915365e-12,65.71491067277715,False
FUSION_2F,Near52High_BestMonth_H5,5,-10.978151757532316,0.005305357625170363,557180,36.5659850649425,0.7776421430279157,0.0,0.0037537462461199296,1023804,18.666525777958203,0.2928568277677275,0.0,48.95112016042839,True
FUSION_2F,Near52High_BestMonth_H10,10,3.424631682253504,0.009880765838073709,542410,40.81522320539937,0.8797486364996397,0.0,0.006569986936867336,1007889,26.02017920707332,0.4114378112941775,0.0,36.24883765518362,True
FUSION_2F,Near52High_BestMonth_H20,20,28.27264582279944,0.014670824935934947,511216,50.36606762674164,1.118242761765315,0.0,0.00972275313767519,969226,19.82784954521117,0.3197152538579423,0.0,60.63252407920038,False
FUSION_2F,Near52High_Oversold_H5,5,8.339467778710675,0.005305357625170363,557180,36.5659850649425,0.7776421430279157,0.0,0.0037537462461199296,1023804,18.666525777958203,0.2928568277677275,0.0,48.95112016042839,True
FUSION_2F,Near52High_Oversold_H10,10,13.189024903950088,0.009880765838073709,542410,40.81522320539937,0.8797486364996397,0.0,0.006569986936867336,1007889,26.02017920707332,0.4114378112941775,0.0,36.24883765518362,True
FUSION_2F,Near52High_Oversold_H20,20,22.015002285571168,0.014670824935934947,511216,50.36606762674164,1.118242761765315,0.0,0.00972275313767519,969226,19.82784954521117,0.3197152538579423,0.0,60.63252407920038,False
FUSION_2F,Near52High_LowVolume_H1,1,12.9065031513427,0.0010982748909785418,568695,20.10991602681701,0.4233219836644155,0.0,0.0011413327216061467,1037117,6.8947026734237165,0.10747363458847996,5.4007909255915365e-12,65.71491067277715,False
FUSION_2F,Near52High_LowVolume_H5,5,27.66741661190272,0.005305357625170363,557180,36.5659850649425,0.7776421430279157,0.0,0.0037537462461199296,1023804,18.666525777958203,0.2928568277677275,0.0,48.95112016042839,True
FUSION_2F,Near52High_LowVolume_H10,10,34.32501096379293,0.009880765838073709,542410,40.81522320539937,0.8797486364996397,0.0,0.006569986936867336,1007889,26.02017920707332,0.4114378112941775,0.0,36.24883765518362,True
FUSION_2F,Near52High_LowVolume_H20,20,56.760194063192586,0.014670824935934947,511216,50.36606762674164,1.118242761765315,0.0,0.00972275313767519,969226,19.82784954521117,0.3197152538579423,0.0,60.63252407920038,False
FUSION_2F,Near52High_HighVolume_H5,5,9.023890358459631,0.005305357625170363,557180,36.5659850649425,0.7776421430279157,0.0,0.0037537462461199296,1023804,18.666525777958203,0.2928568277677275,0.0,48.95112016042839,True
FUSION_2F,Near52High_HighVolume_H10,10,19.09474830108027,0.009880765838073709,542410,40.81522320539937,0.8797486364996397,0.0,0.006569986936867336,1007889,26.02017920707332,0.4114378112941775,0.0,36.24883765518362,True
FUSION_2F,Near52High_HighVolume_H20,20,26.632573372673065,0.014670824935934947,511216,50.36606762674164,1.118242761765315,0.0,0.00972275313767519,969226,19.82784954521117,0.3197152538579423,0.0,60.63252407920038,False
FUSION_2F,Near52High_2Down_H1,1,21.865330831629645,0.0010982748909785418,568695,20.10991602681701,0.4233219836644155,0.0,0.0011413327216061467,1037117,6.8947026734237165,0.10747363458847996,5.4007909255915365e-12,65.71491067277715,False
FUSION_2F,Near52High_2Down_H5,5,37.3387761038128,0.005305357625170363,557180,36.5659850649425,0.7776421430279157,0.0,0.0037537462461199296,1023804,18.666525777958203,0.2928568277677275,0.0,48.95112016042839,True
FUSION_2F,Near52High_2Down_H10,10,45.80368038512168,0.009880765838073709,542410,40.81522320539937,0.8797486364996397,0.0,0.006569986936867336,1007889,26.02017920707332,0.4114378112941775,0.0,36.24883765518362,True
FUSION_2F,Near52High_2Down_H20,20,46.9530470043277,0.014670824935934947,511216,50.36606762674164,1.118242761765315,0.0,0.00972275313767519,969226,19.82784954521117,0.3197152538579423,0.0,60.63252407920038,False
FUSION_2F,Near52High_3Down_H1,1,13.850986425784676,0.0010982748909785418,568695,20.10991602681701,0.4233219836644155,0.0,0.0011413327216061467,1037117,6.8947026734237165,0.10747363458847996,5.4007909255915365e-12,65.71491067277715,False
FUSION_2F,Near52High_3Down_H5,5,32.641428895421136,0.005305357625170363,557180,36.5659850649425,0.7776421430279157,0.0,0.0037537462461199296,1023804,18.666525777958203,0.2928568277677275,0.0,48.95112016042839,True
FUSION_2F,Near52High_3Down_H10,10,34.95786937045693,0.009880765838073709,542410,40.81522320539937,0.8797486364996397,0.0,0.006569986936867336,1007889,26.02017920707332,0.4114378112941775,0.0,36.24883765518362,True
FUSION_2F,Near52High_3Down_H20,20,33.789651764969264,0.014670824935934947,511216,50.36606762674164,1.118242761765315,0.0,0.00972275313767519,969226,19.82784954521117,0.3197152538579423,0.0,60.63252407920038,False
FUSION_2F,Near52High_PosMom60_H1,1,8.61590648571201,0.0010982748909785418,568695,20.10991602681701,0.4233219836644155,0.0,0.0011413327216061467,1037117,6.8947026734237165,0.10747363458847996,5.4007909255915365e-12,65.71491067277715,False
FUSION_2F,Near52High_PosMom60_H5,5,15.255911168449874,0.005305357625170363,557180,36.5659850649425,0.7776421430279157,0.0,0.0037537462461199296,1023804,18.666525777958203,0.2928568277677275,0.0,48.95112016042839,True
FUSION_2F,Near52High_PosMom60_H10,10,28.597778394928334,0.009880765838073709,542410,40.81522320539937,0.8797486364996397,0.0,0.006569986936867336,1007889,26.02017920707332,0.4114378112941775,0.0,36.24883765518362,True
FUSION_2F,Near52High_PosMom60_H20,20,54.98294523939425,0.014670824935934947,511216,50.36606762674164,1.118242761765315,0.0,0.00972275313767519,969226,19.82784954521117,0.3197152538579423,0.0,60.63252407920038,False
FUSION_2F,Near52High_NegMom60_H1,1,5.712460125242616,0.0010982748909785418,568695,20.10991602681701,0.4233219836644155,0.0,0.0011413327216061467,1037117,6.8947026734237165,0.10747363458847996,5.4007909255915365e-12,65.71491067277715,False
FUSION_2F,Near52High_NegMom60_H5,5,17.76586802676875,0.005305357625170363,557180,36.5659850649425,0.7776421430279157,0.0,0.0037537462461199296,1023804,18.666525777958203,0.2928568277677275,0.0,48.95112016042839,True
FUSION_2F,Near52High_NegMom60_H10,10,18.0308959283284,0.009880765838073709,542410,40.81522320539937,0.8797486364996397,0.0,0.006569986936867336,1007889,26.02017920707332,0.4114378112941775,0.0,36.24883765518362,True
FUSION_2F,Near52High_NegMom60_H20,20,20.909357614139388,0.014670824935934947,511216,50.36606762674164,1.118242761765315,0.0,0.00972275313767519,969226,19.82784954521117,0.3197152538579423,0.0,60.63252407920038,False
FUSION_2F,LowVol_InsideDay_H1,1,10.697458883875008,0.0010982748909785418,568695,20.10991602681701,0.4233219836644155,0.0,0.0011413327216061467,1037117,6.8947026734237165,0.10747363458847996,5.4007909255915365e-12,65.71491067277715,False
FUSION_2F,LowVol_InsideDay_H5,5,13.309679119104668,0.005305357625170363,557180,36.5659850649425,0.7776421430279157,0.0,0.0037537462461199296,1023804,18.666525777958203,0.2928568277677275,0.0,48.95112016042839,True
FUSION_2F,LowVol_InsideDay_H10,10,15.066413851608027,0.009880765838073709,542410,40.81522320539937,0.8797486364996397,0.0,0.006569986936867336,1007889,26.02017920707332,0.4114378112941775,0.0,36.24883765518362,True
FUSION_2F,LowVol_InsideDay_H20,20,21.377873810907506,0.014670824935934947,511216,50.36606762674164,1.118242761765315,0.0,0.00972275313767519,969226,19.82784954521117,0.3197152538579423,0.0,60.63252407920038,False
FUSION_2F,LowVol_BestMonth_H1,1,-6.513781165768936,0.0010982748909785418,568695,20.10991602681701,0.4233219836644155,0.0,0.0011413327216061467,1037117,6.8947026734237165,0.10747363458847996,5.4007909255915365e-12,65.71491067277715,False
FUSION_2F,LowVol_BestMonth_H5,5,-18.054624967665934,0.005305357625170363,557180,36.5659850649425,0.7776421430279157,0.0,0.0037537462461199296,1023804,18.666525777958203,0.2928568277677275,0.0,48.95112016042839,True
FUSION_2F,LowVol_BestMonth_H10,10,-11.743886317351755,0.009880765838073709,542410,40.81522320539937,0.8797486364996397,0.0,0.006569986936867336,1007889,26.02017920707332,0.4114378112941775,0.0,36.24883765518362,True
FUSION_2F,LowVol_BestMonth_H20,20,29.58811746197481,0.014670824935934947,511216,50.36606762674164,1.118242761765315,0.0,0.00972275313767519,969226,19.82784954521117,0.3197152538579423,0.0,60.63252407920038,False
FUSION_2F,LowVol_Oversold_H5,5,6.329802768756404,0.005305357625170363,557180,36.5659850649425,0.7776421430279157,0.0,0.0037537462461199296,1023804,18.666525777958203,0.2928568277677275,0.0,48.95112016042839,True
FUSION_2F,LowVol_Oversold_H10,10,6.710229903085164,0.009880765838073709,542410,40.81522320539937,0.8797486364996397,0.0,0.006569986936867336,1007889,26.02017920707332,0.4114378112941775,0.0,36.24883765518362,True
FUSION_2F,LowVol_Oversold_H20,20,10.007300699025404,0.014670824935934947,511216,50.36606762674164,1.118242761765315,0.0,0.00972275313767519,969226,19.82784954521117,0.3197152538579423,0.0,60.63252407920038,False
FUSION_2F,LowVol_LowVolume_H1,1,9.633704130221384,0.0010982748909785418,568695,20.10991602681701,0.4233219836644155,0.0,0.0011413327216061467,1037117,6.8947026734237165,0.10747363458847996,5.4007909255915365e-12,65.71491067277715,False
FUSION_2F,LowVol_LowVolume_H5,5,28.83609330813397,0.005305357625170363,557180,36.5659850649425,0.7776421430279157,0.0,0.0037537462461199296,1023804,18.666525777958203,0.2928568277677275,0.0,48.95112016042839,True
FUSION_2F,LowVol_LowVolume_H10,10,42.27020822541553,0.009880765838073709,542410,40.81522320539937,0.8797486364996397,0.0,0.006569986936867336,1007889,26.02017920707332,0.4114378112941775,0.0,36.24883765518362,True
FUSION_2F,LowVol_LowVolume_H20,20,61.43847896675842,0.014670824935934947,511216,50.36606762674164,1.118242761765315,0.0,0.00972275313767519,969226,19.82784954521117,0.3197152538579423,0.0,60.63252407920038,False
FUSION_2F,LowVol_HighVolume_H1,1,5.833136082382774,0.0010982748909785418,568695,20.10991602681701,0.4233219836644155,0.0,0.0011413327216061467,1037117,6.8947026734237165,0.10747363458847996,5.4007909255915365e-12,65.71491067277715,False
FUSION_2F,LowVol_HighVolume_H5,5,13.732347978334316,0.005305357625170363,557180,36.5659850649425,0.7776421430279157,0.0,0.0037537462461199296,1023804,18.666525777958203,0.2928568277677275,0.0,48.95112016042839,True
FUSION_2F,LowVol_HighVolume_H10,10,19.73126941945721,0.009880765838073709,542410,40.81522320539937,0.8797486364996397,0.0,0.006569986936867336,1007889,26.02017920707332,0.4114378112941775,0.0,36.24883765518362,True
FUSION_2F,LowVol_HighVolume_H20,20,27.766046000494512,0.014670824935934947,511216,50.36606762674164,1.118242761765315,0.0,0.00972275313767519,969226,19.82784954521117,0.3197152538579423,0.0,60.63252407920038,False
FUSION_2F,LowVol_2Down_H1,1,25.928155918232683,0.0010982748909785418,568695,20.10991602681701,0.4233219836644155,0.0,0.0011413327216061467,1037117,6.8947026734237165,0.10747363458847996,5.4007909255915365e-12,65.71491067277715,False
FUSION_2F,LowVol_2Down_H5,5,33.75895346974313,0.005305357625170363,557180,36.5659850649425,0.7776421430279157,0.0,0.0037537462461199296,1023804,18.666525777958203,0.2928568277677275,0.0,48.95112016042839,True
FUSION_2F,LowVol_2Down_H10,10,44.92802811988256,0.009880765838073709,542410,40.81522320539937,0.8797486364996397,0.0,0.006569986936867336,1007889,26.02017920707332,0.4114378112941775,0.0,36.24883765518362,True
FUSION_2F,LowVol_2Down_H20,20,33.70439217014126,0.014670824935934947,511216,50.36606762674164,1.118242761765315,0.0,0.00972275313767519,969226,19.82784954521117,0.3197152538579423,0.0,60.63252407920038,False
FUSION_2F,LowVol_3Down_H1,1,12.658622940240951,0.0010982748909785418,568695,20.10991602681701,0.4233219836644155,0.0,0.0011413327216061467,1037117,6.8947026734237165,0.10747363458847996,5.4007909255915365e-12,65.71491067277715,False
FUSION_2F,LowVol_3Down_H5,5,32.43870561984525,0.005305357625170363,557180,36.5659850649425,0.7776421430279157,0.0,0.0037537462461199296,1023804,18.666525777958203,0.2928568277677275,0.0,48.95112016042839,True
FUSION_2F,LowVol_3Down_H10,10,31.782701863735188,0.009880765838073709,542410,40.81522320539937,0.8797486364996397,0.0,0.006569986936867336,1007889,26.02017920707332,0.4114378112941775,0.0,36.24883765518362,True
FUSION_2F,LowVol_3Down_H20,20,20.53574386177734,0.014670824935934947,511216,50.36606762674164,1.118242761765315,0.0,0.00972275313767519,969226,19.82784954521117,0.3197152538579423,0.0,60.63252407920038,False
FUSION_2F,LowVol_PosMom60_H1,1,6.159383761670509,0.0010982748909785418,568695,20.10991602681701,0.4233219836644155,0.0,0.0011413327216061467,1037117,6.8947026734237165,0.10747363458847996,5.4007909255915365e-12,65.71491067277715,False
FUSION_2F,LowVol_PosMom60_H5,5,7.509443618044729,0.005305357625170363,557180,36.5659850649425,0.7776421430279157,0.0,0.0037537462461199296,1023804,18.666525777958203,0.2928568277677275,0.0,48.95112016042839,True
FUSION_2F,LowVol_PosMom60_H10,10,15.868308448051913,0.009880765838073709,542410,40.81522320539937,0.8797486364996397,0.0,0.006569986936867336,1007889,26.02017920707332,0.4114378112941775,0.0,36.24883765518362,True
FUSION_2F,LowVol_PosMom60_H20,20,29.67407506855921,0.014670824935934947,511216,50.36606762674164,1.118242761765315,0.0,0.00972275313767519,969226,19.82784954521117,0.3197152538579423,0.0,60.63252407920038,False
FUSION_2F,LowVol_NegMom60_H5,5,6.384929878169048,0.005305357625170363,557180,36.5659850649425,0.7776421430279157,0.0,0.0037537462461199296,1023804,18.666525777958203,0.2928568277677275,0.0,48.95112016042839,True
FUSION_2F,LowVol_NegMom60_H10,10,8.311106753429353,0.009880765838073709,542410,40.81522320539937,0.8797486364996397,0.0,0.006569986936867336,1007889,26.02017920707332,0.4114378112941775,0.0,36.24883765518362,True
FUSION_2F,LowVol_NegMom60_H20,20,9.41452157332139,0.014670824935934947,511216,50.36606762674164,1.118242761765315,0.0,0.00972275313767519,969226,19.82784954521117,0.3197152538579423,0.0,60.63252407920038,False
FUSION_2F,InsideDay_BestMonth_H1,1,9.304263800119683,0.0010982748909785418,568695,20.10991602681701,0.4233219836644155,0.0,0.0011413327216061467,1037117,6.8947026734237165,0.10747363458847996,5.4007909255915365e-12,65.71491067277715,False
FUSION_2F,InsideDay_BestMonth_H5,5,8.901336841393586,0.005305357625170363,557180,36.5659850649425,0.7776421430279157,0.0,0.0037537462461199296,1023804,18.666525777958203,0.2928568277677275,0.0,48.95112016042839,True
FUSION_2F,InsideDay_BestMonth_H10,10,17.660865725501093,0.009880765838073709,542410,40.81522320539937,0.8797486364996397,0.0,0.006569986936867336,1007889,26.02017920707332,0.4114378112941775,0.0,36.24883765518362,True
FUSION_2F,InsideDay_Oversold_H1,1,10.956102621679234,0.0010982748909785418,568695,20.10991602681701,0.4233219836644155,0.0,0.0011413327216061467,1037117,6.8947026734237165,0.10747363458847996,5.4007909255915365e-12,65.71491067277715,False
FUSION_2F,InsideDay_Oversold_H5,5,12.028331258306366,0.005305357625170363,557180,36.5659850649425,0.7776421430279157,0.0,0.0037537462461199296,1023804,18.666525777958203,0.2928568277677275,0.0,48.95112016042839,True
FUSION_2F,InsideDay_Oversold_H10,10,14.580708998899372,0.009880765838073709,542410,40.81522320539937,0.8797486364996397,0.0,0.006569986936867336,1007889,26.02017920707332,0.4114378112941775,0.0,36.24883765518362,True
FUSION_2F,InsideDay_Oversold_H20,20,5.490139366707396,0.014670824935934947,511216,50.36606762674164,1.118242761765315,0.0,0.00972275313767519,969226,19.82784954521117,0.3197152538579423,0.0,60.63252407920038,False
FUSION_2F,InsideDay_LowVolume_H1,1,3.079920708035309,0.0010982748909785418,568695,20.10991602681701,0.4233219836644155,0.0,0.0011413327216061467,1037117,6.8947026734237165,0.10747363458847996,5.4007909255915365e-12,65.71491067277715,False
FUSION_2F,InsideDay_LowVolume_H5,5,9.406534246491027,0.005305357625170363,557180,36.5659850649425,0.7776421430279157,0.0,0.0037537462461199296,1023804,18.666525777958203,0.2928568277677275,0.0,48.95112016042839,True
FUSION_2F,InsideDay_LowVolume_H10,10,12.992281725027532,0.009880765838073709,542410,40.81522320539937,0.8797486364996397,0.0,0.006569986936867336,1007889,26.02017920707332,0.4114378112941775,0.0,36.24883765518362,True
FUSION_2F,InsideDay_HighVolume_H1,1,5.203762959846436,0.0010982748909785418,568695,20.10991602681701,0.4233219836644155,0.0,0.0011413327216061467,1037117,6.8947026734237165,0.10747363458847996,5.4007909255915365e-12,65.71491067277715,False
FUSION_2F,InsideDay_HighVolume_H5,5,6.366972477707936,0.005305357625170363,557180,36.5659850649425,0.7776421430279157,0.0,0.0037537462461199296,1023804,18.666525777958203,0.2928568277677275,0.0,48.95112016042839,True
FUSION_2F,InsideDay_HighVolume_H10,10,7.899873079751946,0.009880765838073709,542410,40.81522320539937,0.8797486364996397,0.0,0.006569986936867336,1007889,26.02017920707332,0.4114378112941775,0.0,36.24883765518362,True
FUSION_2F,InsideDay_HighVolume_H20,20,9.06475997790078,0.014670824935934947,511216,50.36606762674164,1.118242761765315,0.0,0.00972275313767519,969226,19.82784954521117,0.3197152538579423,0.0,60.63252407920038,False
FUSION_2F,InsideDay_2Down_H1,1,5.940330695590608,0.0010982748909785418,568695,20.10991602681701,0.4233219836644155,0.0,0.0011413327216061467,1037117,6.8947026734237165,0.10747363458847996,5.4007909255915365e-12,65.71491067277715,False
FUSION_2F,InsideDay_2Down_H5,5,6.983972603584741,0.005305357625170363,557180,36.5659850649425,0.7776421430279157,0.0,0.0037537462461199296,1023804,18.666525777958203,0.2928568277677275,0.0,48.95112016042839,True
FUSION_2F,InsideDay_2Down_H10,10,8.905867175804447,0.009880765838073709,542410,40.81522320539937,0.8797486364996397,0.0,0.006569986936867336,1007889,26.02017920707332,0.4114378112941775,0.0,36.24883765518362,True
FUSION_2F,InsideDay_2Down_H20,20,8.697620298322578,0.014670824935934947,511216,50.36606762674164,1.118242761765315,0.0,0.00972275313767519,969226,19.82784954521117,0.3197152538579423,0.0,60.63252407920038,False
FUSION_2F,InsideDay_3Down_H1,1,9.518804685231585,0.0010982748909785418,568695,20.10991602681701,0.4233219836644155,0.0,0.0011413327216061467,1037117,6.8947026734237165,0.10747363458847996,5.4007909255915365e-12,65.71491067277715,False
FUSION_2F,InsideDay_3Down_H5,5,6.768069240427433,0.005305357625170363,557180,36.5659850649425,0.7776421430279157,0.0,0.0037537462461199296,1023804,18.666525777958203,0.2928568277677275,0.0,48.95112016042839,True
FUSION_2F,InsideDay_3Down_H10,10,6.915085407315458,0.009880765838073709,542410,40.81522320539937,0.8797486364996397,0.0,0.006569986936867336,1007889,26.02017920707332,0.4114378112941775,0.0,36.24883765518362,True
FUSION_2F,InsideDay_3Down_H20,20,9.066534094562767,0.014670824935934947,511216,50.36606762674164,1.118242761765315,0.0,0.00972275313767519,969226,19.82784954521117,0.3197152538579423,0.0,60.63252407920038,False
FUSION_2F,InsideDay_PosMom60_H5,5,5.242097540740335,0.005305357625170363,557180,36.5659850649425,0.7776421430279157,0.0,0.0037537462461199296,1023804,18.666525777958203,0.2928568277677275,0.0,48.95112016042839,True
FUSION_2F,InsideDay_PosMom60_H10,10,9.520789430330426,0.009880765838073709,542410,40.81522320539937,0.8797486364996397,0.0,0.006569986936867336,1007889,26.02017920707332,0.4114378112941775,0.0,36.24883765518362,True
FUSION_2F,InsideDay_PosMom60_H20,20,14.615079395074234,0.014670824935934947,511216,50.36606762674164,1.118242761765315,0.0,0.00972275313767519,969226,19.82784954521117,0.3197152538579423,0.0,60.63252407920038,False
FUSION_2F,InsideDay_NegMom60_H1,1,11.319277083022453,0.0010982748909785418,568695,20.10991602681701,0.4233219836644155,0.0,0.0011413327216061467,1037117,6.8947026734237165,0.10747363458847996,5.4007909255915365e-12,65.71491067277715,False
FUSION_2F,InsideDay_NegMom60_H5,5,14.821044782138117,0.005305357625170363,557180,36.5659850649425,0.7776421430279157,0.0,0.0037537462461199296,1023804,18.666525777958203,0.2928568277677275,0.0,48.95112016042839,True
FUSION_2F,InsideDay_NegMom60_H10,10,16.306266149408614,0.009880765838073709,542410,40.81522320539937,0.8797486364996397,0.0,0.006569986936867336,1007889,26.02017920707332,0.4114378112941775,0.0,36.24883765518362,True
FUSION_2F,BestMonth_Oversold_H1,1,10.177707593346163,0.0010982748909785418,568695,20.10991602681701,0.4233219836644155,0.0,0.0011413327216061467,1037117,6.8947026734237165,0.10747363458847996,5.4007909255915365e-12,65.71491067277715,False
FUSION_2F,BestMonth_Oversold_H5,5,27.908394936196235,0.005305357625170363,557180,36.5659850649425,0.7776421430279157,0.0,0.0037537462461199296,1023804,18.666525777958203,0.2928568277677275,0.0,48.95112016042839,True
FUSION_2F,BestMonth_Oversold_H10,10,34.060447953770115,0.009880765838073709,542410,40.81522320539937,0.8797486364996397,0.0,0.006569986936867336,1007889,26.02017920707332,0.4114378112941775,0.0,36.24883765518362,True
FUSION_2F,BestMonth_Oversold_H20,20,23.54813748632713,0.014670824935934947,511216,50.36606762674164,1.118242761765315,0.0,0.00972275313767519,969226,19.82784954521117,0.3197152538579423,0.0,60.63252407920038,False
FUSION_2F,BestMonth_LowVolume_H20,20,3.3919650054129,0.014670824935934947,511216,50.36606762674164,1.118242761765315,0.0,0.00972275313767519,969226,19.82784954521117,0.3197152538579423,0.0,60.63252407920038,False
FUSION_2F,BestMonth_2Down_H1,1,3.040704647227756,0.0010982748909785418,568695,20.10991602681701,0.4233219836644155,0.0,0.0011413327216061467,1037117,6.8947026734237165,0.10747363458847996,5.4007909255915365e-12,65.71491067277715,False
FUSION_2F,BestMonth_2Down_H5,5,20.00508242139303,0.005305357625170363,557180,36.5659850649425,0.7776421430279157,0.0,0.0037537462461199296,1023804,18.666525777958203,0.2928568277677275,0.0,48.95112016042839,True
FUSION_2F,BestMonth_2Down_H10,10,24.46125677012581,0.009880765838073709,542410,40.81522320539937,0.8797486364996397,0.0,0.006569986936867336,1007889,26.02017920707332,0.4114378112941775,0.0,36.24883765518362,True
FUSION_2F,BestMonth_2Down_H20,20,31.11197855452789,0.014670824935934947,511216,50.36606762674164,1.118242761765315,0.0,0.00972275313767519,969226,19.82784954521117,0.3197152538579423,0.0,60.63252407920038,False
FUSION_2F,BestMonth_3Down_H1,1,4.000199384845455,0.0010982748909785418,568695,20.10991602681701,0.4233219836644155,0.0,0.0011413327216061467,1037117,6.8947026734237165,0.10747363458847996,5.4007909255915365e-12,65.71491067277715,False
FUSION_2F,BestMonth_3Down_H5,5,19.511668945943843,0.005305357625170363,557180,36.5659850649425,0.7776421430279157,0.0,0.0037537462461199296,1023804,18.666525777958203,0.2928568277677275,0.0,48.95112016042839,True
FUSION_2F,BestMonth_3Down_H10,10,24.964453411307325,0.009880765838073709,542410,40.81522320539937,0.8797486364996397,0.0,0.006569986936867336,1007889,26.02017920707332,0.4114378112941775,0.0,36.24883765518362,True
