date,close,regime_id,regime,returns
2023-12-20,468.260009765625,2,RANGE,
2023-12-21,472.70001220703125,2,RANGE,0.00948191677446153
2023-12-22,473.6499938964844,2,RANGE,0.0020096925426713597
2023-12-26,475.6499938964844,2,RANGE,0.004222527236930729
2023-12-27,476.510009765625,2,RANGE,0.0018080855254416495
2023-12-28,476.69000244140625,2,RANGE,0.00037773115379002853
2023-12-29,475.30999755859375,2,RANGE,-0.002894973411954771
2024-01-02,472.6499938964844,2,RANGE,-0.005596355380219964
2024-01-03,468.7900085449219,2,RANGE,-0.008166688673242328
2024-01-04,467.2799987792969,2,RANGE,-0.0032210792425203527
2024-01-05,467.9200134277344,2,RANGE,0.00136965984015891
2024-01-08,474.6000061035156,2,RANGE,0.014275928543528549
2024-01-09,473.8800048828125,2,RANGE,-0.0015170695563498926
2024-01-10,476.55999755859375,2,RANGE,0.0056554246817059894
2024-01-11,476.3500061035156,2,RANGE,-0.00044064012118916196
2024-01-12,476.67999267578125,2,RANGE,0.00069273972507089
2024-01-16,474.92999267578125,2,RANGE,-0.0036712260361014826
2024-01-17,472.2900085449219,2,RANGE,-0.0055586805878179435
2024-01-18,476.489990234375,2,RANGE,0.00889280233217904
2024-01-19,482.42999267578125,2,RANGE,0.01246616416534696
2024-01-22,483.45001220703125,0,BULL,0.002114336891851476
2024-01-23,484.8599853515625,0,BULL,0.0029164817642561847
2024-01-24,485.3900146484375,0,BULL,0.0010931594952936496
2024-01-25,488.0299987792969,0,BULL,0.0054388925424671
2024-01-26,487.4100036621094,0,BULL,-0.0012704037021049608
2024-01-29,491.2699890136719,0,BULL,0.007919380649885843
2024-01-30,490.8900146484375,0,BULL,-0.0007734532410523798
2024-01-31,482.8800048828125,0,BULL,-0.016317320635176435
2024-02-01,489.20001220703125,0,BULL,0.013088152875065706
2024-02-02,494.3500061035156,0,BULL,0.010527378920638375
2024-02-05,492.54998779296875,0,BULL,-0.003641181932482751
2024-02-06,493.9800109863281,0,BULL,0.0029033057127196837
2024-02-07,498.1000061035156,0,BULL,0.008340408570300495
2024-02-08,498.32000732421875,0,BULL,0.000441680823142665
2024-02-09,501.20001220703125,0,BULL,0.0057794285609300555
2024-02-12,500.9800109863281,0,BULL,-0.0004389489532020674
2024-02-13,494.0799865722656,0,BULL,-0.01377305334094614
2024-02-14,498.57000732421875,0,BULL,0.009087639398436487
2024-02-15,502.010009765625,0,BULL,0.00689973803251509
2024-02-16,499.510009765625,0,BULL,-0.004979980381600746
2024-02-20,496.760009765625,0,BULL,-0.0055053951797489065
2024-02-21,497.2099914550781,0,BULL,0.0009058331600915182
2024-02-22,507.5,0,BULL,0.020695498324175388
2024-02-23,507.8500061035156,0,BULL,0.0006896671990455072
2024-02-26,505.989990234375,0,BULL,-0.003662529972996542
2024-02-27,506.92999267578125,0,BULL,0.0018577490850577583
2024-02-28,506.260009765625,0,BULL,-0.0013216478011486288
2024-02-29,508.0799865722656,0,BULL,0.003594944833748892
2024-03-01,512.8499755859375,0,BULL,0.00938826393429193
2024-03-04,512.2999877929688,0,BULL,-0.0010724145835053767
2024-03-05,507.17999267578125,0,BULL,-0.00999413476319777
2024-03-06,509.75,0,BULL,0.005067249026642129
2024-03-07,514.8099975585938,0,BULL,0.00992642973731006
2024-03-08,511.7200012207031,0,BULL,-0.00600220732414769
2024-03-11,511.2799987792969,0,BULL,-0.0008598499967885642
2024-03-12,516.780029296875,0,BULL,0.010757374688447952
2024-03-13,515.969970703125,0,BULL,-0.0015675114126452172
2024-03-14,514.9500122070312,0,BULL,-0.001976778793354672
2024-03-15,509.8299865722656,2,RANGE,-0.009942762430127261
2024-03-18,512.8599853515625,0,BULL,0.005943155285291102
2024-03-19,515.7100219726562,0,BULL,0.005557143669806974
2024-03-20,520.47998046875,0,BULL,0.009249303470675319
2024-03-21,522.2000122070312,0,BULL,0.003304702971922424
2024-03-22,521.2100219726562,0,BULL,-0.001895806609024997
2024-03-25,519.77001953125,0,BULL,-0.0027628065092766274
2024-03-26,518.8099975585938,0,BULL,-0.0018470129799368351
2024-03-27,523.1699829101562,0,BULL,0.008403819070718743
2024-03-28,523.0700073242188,0,BULL,-0.00019109579907738983
2024-04-01,522.1599731445312,2,RANGE,-0.0017397942282005863
2024-04-02,518.8400268554688,2,RANGE,-0.006358101845817976
2024-04-03,519.4099731445312,0,BULL,0.0010985010013910834
2024-04-04,513.0700073242188,2,RANGE,-0.012206091812080655
2024-04-05,518.4299926757812,2,RANGE,0.010446888874904303
2024-04-08,518.719970703125,2,RANGE,0.0005593388334788063
2024-04-09,519.3200073242188,2,RANGE,0.0011567640634317922
2024-04-10,514.1199951171875,2,RANGE,-0.010013117410638928
2024-04-11,518.0,2,RANGE,0.007546885784763369
2024-04-12,510.8500061035156,2,RANGE,-0.013803077020240084
2024-04-15,504.45001220703125,2,RANGE,-0.012528127278102708
2024-04-16,503.5299987792969,2,RANGE,-0.0018237950351298604
2024-04-17,500.54998779296875,1,BEAR,-0.00591823921822443
2024-04-18,499.5199890136719,1,BEAR,-0.00205773410131993
2024-04-19,495.1600036621094,1,BEAR,-0.00872835011101658
2024-04-22,499.7200012207031,1,BEAR,0.00920913952029423
2024-04-23,505.6499938964844,1,BEAR,0.011866630635747333
2024-04-24,505.4100036621094,1,BEAR,-0.00047461729906428385
2024-04-25,503.489990234375,1,BEAR,-0.003798922486342393
2024-04-26,508.260009765625,1,BEAR,0.009473911346339792
2024-04-29,510.05999755859375,1,BEAR,0.0035414704253415863
2024-04-30,501.9800109863281,1,BEAR,-0.015841247325688257
2024-05-01,500.3500061035156,1,BEAR,-0.0032471509764099293
2024-05-02,505.0299987792969,2,RANGE,0.009353437830903255
2024-05-03,511.2900085449219,2,RANGE,0.012395322615995186
2024-05-06,516.5700073242188,2,RANGE,0.010326817835387025
2024-05-07,517.1400146484375,2,RANGE,0.0011034464179817682
2024-05-08,517.1900024414062,2,RANGE,9.666200942248793e-05
2024-05-09,520.1699829101562,2,RANGE,0.005761867891264316
2024-05-10,520.8400268554688,2,RANGE,0.0012881249732326072
2024-05-13,520.9099731445312,0,BULL,0.0001342951490974631
2024-05-14,523.2999877929688,0,BULL,0.004588152985457228
2024-05-15,529.780029296875,0,BULL,0.012383033929039389
2024-05-16,528.6900024414062,0,BULL,-0.002057508390634233
2024-05-17,529.4500122070312,0,BULL,0.0014375338328991294
2024-05-20,530.0599975585938,0,BULL,0.0011521113183465825
2024-05-21,531.3599853515625,0,BULL,0.0024525295229904653
2024-05-22,529.8300170898438,0,BULL,-0.0028793441431358424
2024-05-23,525.9600219726562,0,BULL,-0.007304220207159928
2024-05-24,529.4400024414062,0,BULL,0.006616435324681147
2024-05-28,529.8099975585938,0,BULL,0.0006988423909817243
2024-05-29,526.0999755859375,0,BULL,-0.007002551838871107
2024-05-30,522.6099853515625,0,BULL,-0.0066337015706721125
2024-05-31,527.3699951171875,0,BULL,0.009108149287317735
2024-06-03,527.7999877929688,0,BULL,0.0008153529396106585
2024-06-04,528.3900146484375,0,BULL,0.0011178985773303562
2024-06-05,534.6699829101562,0,BULL,0.011885100186643571
2024-06-06,534.6599731445312,0,BULL,-1.8721390661391446e-05
2024-06-07,534.010009765625,0,BULL,-0.0012156574487586225
2024-06-10,535.6599731445312,0,BULL,0.003089761144422054
2024-06-11,536.9500122070312,0,BULL,0.0024083170801936227
2024-06-12,541.3599853515625,0,BULL,0.008213005017738695
2024-06-13,542.4500122070312,0,BULL,0.002013497275312748
2024-06-14,542.780029296875,0,BULL,0.0006083824913212244
2024-06-17,547.0999755859375,0,BULL,0.007958926371441244
2024-06-18,548.489990234375,0,BULL,0.0025406958699802917
2024-06-20,547.0,0,BULL,-0.002716531314889248
2024-06-21,544.510009765625,0,BULL,-0.004552084523537503
2024-06-24,542.739990234375,0,BULL,-0.003250664817000981
2024-06-25,544.8300170898438,0,BULL,0.0038508805193555595
2024-06-26,545.510009765625,0,BULL,0.0012480822540090752
2024-06-27,546.3699951171875,0,BULL,0.0015764795075565718
2024-06-28,544.219970703125,0,BULL,-0.003935107039692687
2024-07-01,545.3400268554688,0,BULL,0.00205809454382333
2024-07-02,549.010009765625,0,BULL,0.006729714910746587
2024-07-03,551.4600219726562,0,BULL,0.004462600250361826
2024-07-05,554.6400146484375,0,BULL,0.005766497205737409
2024-07-08,555.280029296875,0,BULL,0.0011539280101222626
2024-07-09,555.8200073242188,0,BULL,0.000972442729531453
2024-07-10,561.3200073242188,0,BULL,0.009895289711641775
2024-07-11,556.47998046875,0,BULL,-0.008622580332635743
2024-07-12,559.989990234375,0,BULL,0.006307522083127459
2024-07-15,561.530029296875,0,BULL,0.002750118911688748
2024-07-16,564.8599853515625,0,BULL,0.005930147776526118
2024-07-17,556.9400024414062,2,RANGE,-0.014021143496696697
2024-07-18,552.6599731445312,2,RANGE,-0.007684901925006371
2024-07-19,548.989990234375,2,RANGE,-0.0066405802636198
2024-07-22,554.6500244140625,2,RANGE,0.01030990415193389
2024-07-23,553.780029296875,0,BULL,-0.0015685478750434578
2024-07-24,541.22998046875,1,BEAR,-0.022662516096977336
2024-07-25,538.4099731445312,2,RANGE,-0.005210367913795921
2024-07-26,544.4400024414062,2,RANGE,0.011199698366761712
2024-07-29,544.760009765625,2,RANGE,0.0005877733502015481
2024-07-30,542.0,2,RANGE,-0.005066469116946526
2024-07-31,550.8099975585938,2,RANGE,0.01625460804168588
2024-08-01,543.010009765625,2,RANGE,-0.014160940846283387
2024-08-02,532.9000244140625,1,BEAR,-0.01861841433811906
2024-08-05,517.3800048828125,1,BEAR,-0.0291236982927795
2024-08-06,522.1500244140625,1,BEAR,0.00921956682947278
2024-08-07,518.6599731445312,1,BEAR,-0.0066840009697359815
2024-08-08,530.6500244140625,1,BEAR,0.023117363765007726
2024-08-09,532.989990234375,1,BEAR,0.004409621620005133
2024-08-12,533.27001953125,1,BEAR,0.000525393163109511
2024-08-13,542.0399780273438,1,BEAR,0.016445624495827982
2024-08-14,543.75,1,BEAR,0.0031547893918812964
2024-08-15,553.0700073242188,2,RANGE,0.017140243354885065
2024-08-16,554.3099975585938,2,RANGE,0.0022420131591913695
2024-08-19,559.6099853515625,2,RANGE,0.009561414761256382
2024-08-20,558.7000122070312,2,RANGE,-0.0016260845380726696
2024-08-21,560.6199951171875,0,BULL,0.003436518468241667
2024-08-22,556.219970703125,0,BULL,-0.007848497114596786
2024-08-23,562.1300048828125,0,BULL,0.010625354160183287
2024-08-26,560.7899780273438,0,BULL,-0.002383837980234005
2024-08-27,561.5599975585938,0,BULL,0.0013730978823098816
2024-08-28,558.2999877929688,2,RANGE,-0.005805274200081922
2024-08-29,558.3499755859375,0,BULL,8.953572284031708e-05
2024-08-30,563.6799926757812,0,BULL,0.009546014727143781
2024-09-03,552.0800170898438,1,BEAR,-0.020579008899841544
2024-09-04,550.9500122070312,0,BULL,-0.0020468135919301522
2024-09-05,549.6099853515625,0,BULL,-0.0024322113182296823
2024-09-06,540.3599853515625,2,RANGE,-0.01683011634892906
2024-09-09,546.4099731445312,0,BULL,0.011196217256969065
2024-09-10,548.7899780273438,0,BULL,0.0043557127427886755
2024-09-11,554.4199829101562,0,BULL,0.010258942597767273
2024-09-12,559.0900268554688,0,BULL,0.008423296578884854
2024-09-13,562.010009765625,2,RANGE,0.005222741901835137
2024-09-16,562.8400268554688,2,RANGE,0.0014768724318450221
2024-09-17,563.0700073242188,2,RANGE,0.00040860716682655784
2024-09-18,561.4000244140625,2,RANGE,-0.0029658530705484187
2024-09-19,570.97998046875,2,RANGE,0.01706440263283948
2024-09-20,568.25,0,BULL,-0.004781219240837187
2024-09-23,569.6699829101562,2,RANGE,0.0024988700574681832
2024-09-24,571.2999877929688,2,RANGE,0.0028613143253319873
2024-09-25,570.0399780273438,2,RANGE,-0.0022055133774685487
2024-09-26,572.2999877929688,0,BULL,0.003964651345061521
2024-09-27,571.469970703125,0,BULL,-0.0014503182029491635
2024-09-30,573.760009765625,2,RANGE,0.0040072780371684935
2024-10-01,568.6199951171875,0,BULL,-0.0089584749040581
2024-10-02,568.8599853515625,0,BULL,0.00042205732551758857
2024-10-03,567.8200073242188,0,BULL,-0.0018281792604923908
2024-10-04,572.97998046875,0,BULL,0.009087339434985742
2024-10-07,567.7999877929688,0,BULL,-0.009040442689714157
2024-10-08,573.1699829101562,0,BULL,0.009457547081078044
2024-10-09,577.1400146484375,0,BULL,0.006926447400689373
2024-10-10,576.1300048828125,0,BULL,-0.0017500255397128184
2024-10-11,579.5800170898438,0,BULL,0.005988252959907792
2024-10-14,584.3200073242188,0,BULL,0.008178318945803564
2024-10-15,579.780029296875,0,BULL,-0.0077696775233381254
2024-10-16,582.2999877929688,0,BULL,0.00434640444437151
2024-10-17,582.3499755859375,2,RANGE,8.584543021927793e-05
2024-10-18,584.5900268554688,0,BULL,0.0038465722734466468
2024-10-21,583.6300048828125,0,BULL,-0.0016422140791901851
2024-10-22,583.3200073242188,0,BULL,-0.0005311542518380286
2024-10-23,577.989990234375,2,RANGE,-0.009137380893711078
2024-10-24,579.239990234375,2,RANGE,0.0021626672107126765
2024-10-25,579.0399780273438,2,RANGE,-0.00034530110213959464
2024-10-28,580.8300170898438,2,RANGE,0.003091391148152267
2024-10-29,581.77001953125,0,BULL,0.0016183778622804734
2024-10-30,580.010009765625,2,RANGE,-0.0030252672130528513
2024-10-31,568.6400146484375,2,RANGE,-0.01960310154264744
2024-11-01,571.0399780273438,2,RANGE,0.004220532001058652
2024-11-04,569.8099975585938,2,RANGE,-0.0021539305759273875
2024-11-05,576.7000122070312,2,RANGE,0.012091775640930225
2024-11-06,591.0399780273438,0,BULL,0.024865554910313614
2024-11-07,595.6099853515625,0,BULL,0.0077321458684938005
2024-11-08,598.1900024414062,0,BULL,0.004331722357409529
2024-11-11,598.760009765625,0,BULL,0.0009528867448342915
2024-11-12,596.9000244140625,0,BULL,-0.003106395419244068
2024-11-13,597.1900024414062,0,BULL,0.000485806693723001
2024-11-14,593.3499755859375,2,RANGE,-0.006430159312396544
2024-11-15,585.75,2,RANGE,-0.012808588351979733
2024-11-18,588.1500244140625,2,RANGE,0.004097352819568911
2024-11-19,590.2999877929688,2,RANGE,0.003655467635231613
2024-11-20,590.5,0,BULL,0.000338831460557909
2024-11-21,593.6699829101562,0,BULL,0.005368302980789608
2024-11-22,595.510009765625,0,BULL,0.003099410292649374
2024-11-25,597.530029296875,0,BULL,0.003392083253218603
2024-11-26,600.6500244140625,0,BULL,0.005221486727384761
2024-11-27,598.8300170898438,0,BULL,-0.0030300628489846604
2024-11-29,602.5499877929688,0,BULL,0.006212064520751737
2024-12-02,603.6300048828125,0,BULL,0.0017924107737512518
2024-12-03,603.9099731445312,0,BULL,0.000463807728996235
2024-12-04,607.6599731445312,0,BULL,0.006209534809425099
2024-12-05,606.6599731445312,0,BULL,-0.00164565718361398
2024-12-06,607.8099975585938,0,BULL,0.0018956655539701384
2024-12-09,604.6799926757812,2,RANGE,-0.005149643631043976
2024-12-10,602.7999877929688,2,RANGE,-0.003109090602606557
2024-12-11,607.4600219726562,2,RANGE,0.007730647435394422
2024-12-12,604.3300170898438,2,RANGE,-0.005152610492206833
2024-12-13,604.2100219726562,2,RANGE,-0.00019855892276432474
2024-12-16,606.7899780273438,0,BULL,0.004269965675617771
2024-12-17,604.2899780273438,0,BULL,-0.004120041679210651
2024-12-18,586.280029296875,1,BEAR,-0.029803487374158943
2024-12-19,586.0999755859375,2,RANGE,-0.0003071121340316729
2024-12-20,591.1500244140625,2,RANGE,0.008616360754965635
2024-12-23,594.6900024414062,2,RANGE,0.005988290418921238
2024-12-24,601.2999877929688,2,RANGE,0.011115010046286677
2024-12-26,601.3400268554688,2,RANGE,6.658749927290764e-05
2024-12-27,595.010009765625,2,RANGE,-0.010526518786625139
2024-12-30,588.219970703125,1,BEAR,-0.01141163837760406
2024-12-31,586.0800170898438,1,BEAR,-0.0036380159121820466
2025-01-02,584.6400146484375,1,BEAR,-0.0024570065510107764
2025-01-03,591.9500122070312,1,BEAR,0.012503416419400448
2025-01-06,595.3599853515625,2,RANGE,0.005760576187535671
2025-01-07,588.6300048828125,1,BEAR,-0.011304052395755049
2025-01-08,589.489990234375,1,BEAR,0.0014609947580461746
2025-01-10,580.489990234375,1,BEAR,-0.015267434815002923
2025-01-13,581.3900146484375,1,BEAR,0.0015504563889190415
2025-01-14,582.1900024414062,1,BEAR,0.0013759916283606621
2025-01-15,592.780029296875,2,RANGE,0.018189984044830076
2025-01-16,591.6400146484375,1,BEAR,-0.0019231664227786771
2025-01-17,597.5800170898438,2,RANGE,0.010039892999691435
2025-01-21,603.0499877929688,0,BULL,0.00915353684308795
2025-01-22,606.4400024414062,0,BULL,0.005621448830210873
2025-01-23,609.75,0,BULL,0.005458079192118603
2025-01-24,607.969970703125,0,BULL,-0.0029192772396473554
2025-01-27,599.3699951171875,2,RANGE,-0.01414539533258774
2025-01-28,604.52001953125,2,RANGE,0.008592396109277312
2025-01-29,601.8099975585938,2,RANGE,-0.0044829317228528565
2025-01-30,605.0399780273438,0,BULL,0.005367110021191612
2025-01-31,601.8200073242188,0,BULL,-0.00532191395620385
2025-02-03,597.77001953125,0,BULL,-0.006729566554251942
2025-02-04,601.780029296875,2,RANGE,0.006708281838506247
2025-02-05,604.219970703125,2,RANGE,0.004054540342757651
2025-02-06,606.3200073242188,0,BULL,0.003475616038725038
2025-02-07,600.77001953125,2,RANGE,-0.009153562023232031
2025-02-10,604.8499755859375,0,BULL,0.0067912111491030824
2025-02-11,605.3099975585938,0,BULL,0.000760555495121995
2025-02-12,603.3599853515625,0,BULL,-0.0032215099947072723
2025-02-13,609.72998046875,0,BULL,0.010557536581541571
2025-02-14,609.7000122070312,0,BULL,-4.9150054415414424e-05
2025-02-18,611.489990234375,0,BULL,0.0029358340027980656
2025-02-19,612.9299926757812,2,RANGE,0.0023549076262954216
2025-02-20,610.3800048828125,2,RANGE,-0.00416032470826988
2025-02-21,599.9400024414062,2,RANGE,-0.017104102948802602
2025-02-24,597.2100219726562,2,RANGE,-0.004550422471648163
2025-02-25,594.239990234375,2,RANGE,-0.004973177992678157
2025-02-26,594.5399780273438,2,RANGE,0.0005048259926943022
2025-02-27,585.0499877929688,1,BEAR,-0.01596190430433686
2025-02-28,594.1799926757812,2,RANGE,0.015605512474676564
2025-03-03,583.77001953125,1,BEAR,-0.017519898469909534
2025-03-04,576.8599853515625,1,BEAR,-0.011836911709231068
2025-03-05,583.0599975585938,1,BEAR,0.010747863198125485
2025-03-06,572.7100219726562,1,BEAR,-0.017751133038238276
2025-03-07,575.9199829101562,1,BEAR,0.005604862520902865
2025-03-10,560.5800170898438,1,BEAR,-0.02663558528182819
2025-03-11,555.9199829101562,1,BEAR,-0.008312879584754462
2025-03-12,558.8699951171875,1,BEAR,0.005306541044969082
2025-03-13,551.4199829101562,1,BEAR,-0.01333049237232553
2025-03-14,562.8099975585938,1,BEAR,0.020655788693630495
2025-03-17,567.1500244140625,1,BEAR,0.007711353519474162
2025-03-18,561.02001953125,1,BEAR,-0.010808436249554187
2025-03-19,567.1300048828125,1,BEAR,0.010890850841058342
2025-03-20,565.489990234375,1,BEAR,-0.0028917790177164227
2025-03-21,563.97998046875,1,BEAR,-0.0026702678945725866
2025-03-24,574.0800170898438,1,BEAR,0.017908502022889516
2025-03-25,575.4600219726562,1,BEAR,0.0024038545877420603
2025-03-26,568.5900268554688,1,BEAR,-0.011938266525687413
2025-03-27,567.0800170898438,1,BEAR,-0.0026557092004866334
2025-03-28,555.6599731445312,1,BEAR,-0.020138328985595644
2025-03-31,559.3900146484375,1,BEAR,0.0067128130226792315
2025-04-01,560.969970703125,1,BEAR,0.0028244266313557365
2025-04-02,564.52001953125,1,BEAR,0.006328411525621025
2025-04-03,536.7000122070312,1,BEAR,-0.04928081620084812
2025-04-04,505.2799987792969,1,BEAR,-0.058542971330535654
2025-04-07,504.3800048828125,1,BEAR,-0.0017811785518102585
2025-04-08,496.4800109863281,1,BEAR,-0.0156627816725603
2025-04-09,548.6199951171875,2,RANGE,0.10501930183911301
2025-04-10,524.5800170898438,1,BEAR,-0.04381899719533322
2025-04-11,533.9400024414062,1,BEAR,0.017842817199724692
2025-04-14,539.1199951171875,1,BEAR,0.009701450822369617
2025-04-15,537.6099853515625,1,BEAR,-0.0028008788011967267
2025-04-16,525.6599731445312,1,BEAR,-0.02222803246337901
2025-04-17,526.4099731445312,1,BEAR,0.001426777837987947
2025-04-21,513.8800048828125,1,BEAR,-0.023802680232045126
2025-04-22,527.25,1,BEAR,0.02601773758493775
2025-04-23,535.4199829101562,1,BEAR,0.015495463082325855
2025-04-24,546.6900024414062,1,BEAR,0.02104893334386637
2025-04-25,550.6400146484375,1,BEAR,0.00722532365580375
2025-04-28,550.8499755859375,2,RANGE,0.00038130345037501456
2025-04-29,554.3200073242188,2,RANGE,0.006299413437552026
2025-04-30,554.5399780273438,2,RANGE,0.000396829809890642
2025-05-01,558.469970703125,2,RANGE,0.007086942026725218
2025-05-02,566.760009765625,0,BULL,0.014844198430334021
2025-05-05,563.510009765625,0,BULL,-0.005734349537724115
2025-05-06,558.7999877929688,0,BULL,-0.008358364343191038
2025-05-07,561.1500244140625,0,BULL,0.0042055058561747405
2025-05-08,565.0599975585938,0,BULL,0.0069677857514378605
2025-05-09,564.3400268554688,0,BULL,-0.0012741491279434358
2025-05-12,582.989990234375,0,BULL,0.03304738719814848
2025-05-13,586.8400268554688,0,BULL,0.006603949785734642
2025-05-14,587.5900268554688,0,BULL,0.0012780314322096142
2025-05-15,590.4600219726562,0,BULL,0.004884349607746863
2025-05-16,594.2000122070312,0,BULL,0.00633402786844095
2025-05-19,594.8499755859375,0,BULL,0.0010938461217664397
2025-05-20,592.8499755859375,0,BULL,-0.0033621922872737464
2025-05-21,582.8599853515625,0,BULL,-0.016850789652983478
2025-05-22,583.0900268554688,0,BULL,0.00039467712604679406
2025-05-23,579.1099853515625,0,BULL,-0.006825775301577575
2025-05-27,591.1500244140625,0,BULL,0.02079059136787431
2025-05-28,587.72998046875,0,BULL,-0.005785407771406903
2025-05-29,590.0499877929688,0,BULL,0.003947403401760141
2025-05-30,589.3900146484375,0,BULL,-0.0011185037847383228
2025-06-02,592.7100219726562,0,BULL,0.005632954820585345
2025-06-03,596.0900268554688,0,BULL,0.005702628195088044
2025-06-04,595.9299926757812,0,BULL,-0.0002684731709600152
2025-06-05,593.0499877929688,0,BULL,-0.004832790626766448
2025-06-06,599.1400146484375,0,BULL,0.010268994150278488
2025-06-09,599.6799926757812,0,BULL,0.0009012551559597348
2025-06-10,603.0800170898438,0,BULL,0.005669731282665458
2025-06-11,601.3599853515625,0,BULL,-0.0028520788113346462
2025-06-12,603.75,0,BULL,0.003974349319302073
2025-06-13,597.0,2,RANGE,-0.011180124223602483
2025-06-16,602.6799926757812,2,RANGE,0.00951422558757331
2025-06-17,597.530029296875,2,RANGE,-0.008545104270081039
2025-06-18,597.4400024414062,2,RANGE,-0.00015066498929716676
2025-06-20,594.280029296875,2,RANGE,-0.005289189092826385
2025-06-23,600.1500244140625,0,BULL,0.00987749011881256
2025-06-24,606.780029296875,0,BULL,0.011047245877038092
2025-06-25,607.1199951171875,0,BULL,0.0005602785258216336
2025-06-26,611.8699951171875,0,BULL,0.007823824018649228
2025-06-27,614.9099731445312,0,BULL,0.004968339764334306
2025-06-30,617.8499755859375,0,BULL,0.004781191670012452
2025-07-01,617.6500244140625,0,BULL,-0.00032362414789344207
2025-07-02,620.4500122070312,0,BULL,0.004533291803274775
2025-07-03,625.3400268554688,0,BULL,0.00788139987465386
2025-07-07,620.6799926757812,0,BULL,-0.007452000479036269
2025-07-08,620.3400268554688,0,BULL,-0.0005477312372305088
2025-07-09,624.0599975585938,0,BULL,0.005996663994070728
2025-07-10,625.8200073242188,0,BULL,0.002820257303000284
2025-07-11,623.6199951171875,0,BULL,-0.0035154072757080934
2025-07-14,624.8099975585938,0,BULL,0.0019082172648787754
2025-07-15,622.1400146484375,0,BULL,-0.004273271747553764
2025-07-16,624.219970703125,0,BULL,0.0033432282214846953
2025-07-17,628.0399780273438,0,BULL,0.006119649327969823
2025-07-18,627.5800170898438,0,BULL,-0.0007323752525193461
2025-07-21,628.77001953125,0,BULL,0.0018961764380651669
2025-07-22,628.8599853515625,0,BULL,0.00014308223598114012
2025-07-23,634.2100219726562,0,BULL,0.008507516372031176
2025-07-24,634.4199829101562,0,BULL,0.0003310590028946514
2025-07-25,637.0999755859375,0,BULL,0.004224319453948855
2025-07-28,636.9400024414062,0,BULL,-0.0002510958258695739
2025-07-29,635.260009765625,0,BULL,-0.002637599568784843
2025-07-30,634.4600219726562,0,BULL,-0.0012593076546151272
2025-07-31,632.0800170898438,2,RANGE,-0.003751229077306739
2025-08-01,621.719970703125,2,RANGE,-0.01639040328219421
2025-08-04,631.1699829101562,2,RANGE,0.01519978873502148
2025-08-05,627.969970703125,2,RANGE,-0.0050699689365404366
2025-08-06,632.780029296875,2,RANGE,0.007659695237280717
2025-08-07,632.25,2,RANGE,-0.0008376201402309214
2025-08-08,637.1799926757812,0,BULL,0.007797536853746623
2025-08-11,635.9199829101562,2,RANGE,-0.0019774785462639555
2025-08-12,642.6900024414062,0,BULL,0.010646024206171889
2025-08-13,644.8900146484375,0,BULL,0.0034231312120525104
2025-08-14,644.9500122070312,0,BULL,9.303533506632711e-05
2025-08-15,643.4400024414062,0,BULL,-0.002341281862229483
2025-08-18,643.2999877929688,0,BULL,-0.00021760326977848798
2025-08-19,639.8099975585938,2,RANGE,-0.005425136484688009
2025-08-20,638.1099853515625,2,RANGE,-0.0026570578976855552
2025-08-21,635.5499877929688,2,RANGE,-0.004011843753210287
2025-08-22,645.3099975585938,2,RANGE,0.015356793254796441
2025-08-25,642.469970703125,2,RANGE,-0.0044010272058598865
2025-08-26,645.1599731445312,2,RANGE,0.004186969919329098
2025-08-27,646.6300048828125,2,RANGE,0.0022785538462906096
2025-08-28,648.9199829101562,0,BULL,0.003541403909580021
2025-08-29,645.0499877929688,0,BULL,-0.0059637477949624484
2025-09-02,640.27001953125,2,RANGE,-0.007410229210411012
2025-09-03,643.739990234375,0,BULL,0.005419542688669621
2025-09-04,649.1199951171875,0,BULL,0.008357419089116691
2025-09-05,647.239990234375,0,BULL,-0.002896236284437803
2025-09-08,648.8300170898438,2,RANGE,0.002456626412859597
2025-09-09,650.3300170898438,0,BULL,0.002311853583358836
2025-09-10,652.2100219726562,2,RANGE,0.0028908474672986184
2025-09-11,657.6300048828125,2,RANGE,0.008310180352278485
2025-09-12,657.4099731445312,2,RANGE,-0.00033458287585352853
2025-09-15,660.9099731445312,0,BULL,0.005323922883704979
2025-09-16,660.0,0,BULL,-0.0013768488621856978
2025-09-17,659.1799926757812,0,BULL,-0.0012424353397253451
2025-09-18,662.260009765625,0,BULL,0.004672497836806455
2025-09-19,663.7000122070312,0,BULL,0.0021743762573189773
2025-09-22,666.8400268554688,0,BULL,0.004731075170536503
2025-09-23,663.2100219726562,0,BULL,-0.005443591771073009
2025-09-24,661.0999755859375,0,BULL,-0.0031815658943793457
2025-09-25,658.0499877929688,2,RANGE,-0.004613504621998388
2025-09-26,661.8200073242188,2,RANGE,0.0057290777314567
2025-09-29,663.6799926757812,0,BULL,0.0028104096748033935
2025-09-30,666.1799926757812,0,BULL,0.003766875644270362
2025-10-01,668.4500122070312,0,BULL,0.0034075168215907947
2025-10-02,669.219970703125,0,BULL,0.0011518565068935338
2025-10-03,669.2100219726562,0,BULL,-1.4866158967619114e-05
2025-10-06,671.6099853515625,0,BULL,0.003586263355458641
2025-10-07,669.1199951171875,0,BULL,-0.003707494362329311
2025-10-08,673.1099853515625,0,BULL,0.005963041402874625
2025-10-09,671.1599731445312,0,BULL,-0.0028970186885769467
2025-10-10,653.02001953125,2,RANGE,-0.027027764376787222
2025-10-13,663.0399780273438,2,RANGE,0.015344029580113494
2025-10-14,662.22998046875,2,RANGE,-0.0012216421112398734
2025-10-15,665.1699829101562,2,RANGE,0.00443954899070742
2025-10-16,660.6400146484375,2,RANGE,-0.006810241559458086
2025-10-17,664.3900146484375,2,RANGE,0.0056763137515907225
2025-10-20,671.2999877929688,2,RANGE,0.010400477117627371
2025-10-21,671.2899780273438,2,RANGE,-1.4911017141350236e-05
2025-10-22,667.7999877929688,2,RANGE,-0.005198930936866852
2025-10-23,671.760009765625,0,BULL,0.005929952148911788
2025-10-24,677.25,0,BULL,0.008172546972973871
2025-10-27,685.239990234375,0,BULL,0.011797696913067535
2025-10-28,687.0599975585938,0,BULL,0.002656014462314449
2025-10-29,687.3900146484375,0,BULL,0.00048033227231458753
2025-10-30,679.8300170898438,2,RANGE,-0.010998119550020391
2025-10-31,682.0599975585938,2,RANGE,0.0032802030105936186
2025-11-03,683.3400268554688,2,RANGE,0.0018767107020742912
2025-11-04,675.239990234375,2,RANGE,-0.011853596017736279
2025-11-05,677.5800170898438,2,RANGE,0.0034654743340312155
2025-11-06,670.3099975585938,2,RANGE,-0.010729388925125316
2025-11-07,670.969970703125,0,BULL,0.0009845789961884233
2025-11-10,681.4400024414062,0,BULL,0.01560432239211762
2025-11-11,683.0,0,BULL,0.0022892661907207845
2025-11-12,683.3800048828125,0,BULL,0.0005563761095350728
2025-11-13,672.0399780273438,2,RANGE,-0.016594027882646856
2025-11-14,671.9299926757812,2,RANGE,-0.00016365894166792128
2025-11-17,665.6699829101562,2,RANGE,-0.009316461288915168
2025-11-18,660.0800170898438,2,RANGE,-0.008397503213040225
2025-11-19,662.6300048828125,2,RANGE,0.003863149507556951
2025-11-20,652.530029296875,1,BEAR,-0.015242255122032589
2025-11-21,659.030029296875,1,BEAR,0.009961227389035265
2025-11-24,668.72998046875,1,BEAR,0.014718526835907575
2025-11-25,675.02001953125,2,RANGE,0.009405947461920139
2025-11-26,679.6799926757812,2,RANGE,0.006903459171132775
2025-11-28,683.3900146484375,2,RANGE,0.0054584834225450685
2025-12-01,680.27001953125,2,RANGE,-0.004565467815318525
2025-12-02,681.530029296875,2,RANGE,0.0018522200441719594
2025-12-03,683.8900146484375,2,RANGE,0.00346277529986061
2025-12-04,684.3900146484375,2,RANGE,0.0007311117128343536
2025-12-05,685.6900024414062,0,BULL,0.0018994838690575833
2025-12-08,683.6300048828125,2,RANGE,-0.0030042694967975514
2025-12-09,683.0399780273438,2,RANGE,-0.0008630792259767261
2025-12-10,687.5700073242188,2,RANGE,0.006632158354709983
2025-12-11,689.1699829101562,2,RANGE,0.0023270002601829542
2025-12-12,681.760009765625,2,RANGE,-0.010752025375860397
2025-12-15,680.72998046875,2,RANGE,-0.0015108385386657375
2025-12-16,678.8699951171875,2,RANGE,-0.0027323394075896568
2025-12-17,671.4000244140625,2,RANGE,-0.011003536401451242
2025-12-18,676.469970703125,0,BULL,0.007551304892321253
