ticker,date,rsi,vix,edge_score,trade,fwd_5d,win
NVDA,2022-01-21,16.70776174585626,28.850000381469727,95,True,-2.2845695610003824,0
NVDA,2022-01-24,16.704469581020263,29.899999618530273,100,True,4.766398407583727,1
NVDA,2022-01-25,16.354315755544974,31.15999984741211,100,True,10.365517398419977,1
NVDA,2022-01-26,23.49128287452733,31.959999084472656,100,True,10.846657222224598,1
NVDA,2022-01-27,16.72713141290444,30.489999771118164,100,True,9.132329385347537,1
NVDA,2022-01-28,26.39022268707791,27.65999984741211,70,True,6.47548313039934,1
NVDA,2022-02-01,34.949334943092055,21.959999084472656,40,False,1.9076227188752792,1
NVDA,2022-03-08,27.00710079878469,35.130001068115234,100,True,6.781644250919472,1
NVDA,2022-04-08,34.77380015957257,21.15999984741211,40,False,-5.778775236288025,0
NVDA,2022-04-11,32.09203713238014,24.3700008392334,45,False,1.2820996779668636,1
NVDA,2022-04-12,33.32793922230391,24.260000228881836,40,False,-0.10227991536472247,0
NVDA,2022-04-13,21.86580820208026,21.81999969482422,60,False,-9.097875775371245,0
NVDA,2022-04-14,20.902659418744477,22.700000762939453,60,False,-8.19927691506772,0
NVDA,2022-04-18,20.888344593280678,22.170000076293945,60,False,-8.635183816328318,0
NVDA,2022-04-19,20.730566322695523,21.3700008392334,60,False,-15.361731052901273,0
NVDA,2022-04-20,21.21125017876456,20.31999969482422,60,False,-14.27710186466159,0
NVDA,2022-04-21,19.58547669574554,22.68000030517578,60,False,-1.9868134614592692,0
NVDA,2022-04-22,19.429072778936145,28.209999084472656,95,True,-4.96025824795564,0
NVDA,2022-04-25,17.602047973184185,27.020000457763672,95,True,-1.8540932438336766,0
NVDA,2022-04-26,18.097331886453873,33.52000045776367,100,True,4.332522624175539,1
NVDA,2022-04-27,20.171200028611338,31.600000381469727,100,True,10.420847713436498,1
NVDA,2022-04-28,30.26219727918516,29.989999771118164,75,True,-4.741684605604634,0
NVDA,2022-04-29,29.87322590027881,33.400001525878906,100,True,0.6900813211155432,1
NVDA,2022-05-09,28.718537029397837,34.75,100,True,1.8525171482709268,1
NVDA,2022-05-10,34.1463023076862,32.9900016784668,90,True,3.3077517589300776,1
NVDA,2022-05-24,31.235421518297883,29.450000762939453,75,True,13.408453076517546,1
NVDA,2022-06-17,32.15320318461241,31.1299991607666,90,True,6.227966503822824,1
NVDA,2022-06-23,27.475195265866375,29.049999237060547,85,True,-6.570118810319103,0
NVDA,2022-06-28,32.56638641754627,28.360000610351562,75,True,-5.330991599017187,0
NVDA,2022-06-29,31.937641217150045,28.15999984741211,75,True,2.0331900761759503,1
NVDA,2022-06-30,32.76456918218243,28.709999084472656,75,True,4.479181152225831,1
NVDA,2022-07-01,34.57131148073245,26.700000762939453,65,True,4.331064536729445,1
NVDA,2022-08-30,32.33905704699494,26.209999084472656,65,True,-11.313195870495573,0
NVDA,2022-08-31,31.41474431078356,25.8700008392334,75,True,-7.286625643555567,0
NVDA,2022-09-01,20.36760995404282,25.559999465942383,90,True,3.2594652163066895,1
NVDA,2022-09-02,16.42343421753668,25.469999313354492,95,True,6.31868449131614,1
NVDA,2022-09-06,16.364261066423765,26.90999984741211,95,True,-2.45154325753959,0
NVDA,2022-09-07,20.240468204362884,24.639999389648438,65,True,-4.272992123582919,0
NVDA,2022-09-08,18.540142992890594,23.610000610351562,65,True,-7.583973908410513,0
NVDA,2022-09-09,25.540461633740804,22.790000915527344,50,False,-8.264390350807616,0
NVDA,2022-09-12,30.187022537990828,23.8700008392334,40,False,-7.74217438530661,0
NVDA,2022-09-13,23.376426991112893,27.270000457763672,85,True,0.3427101341134886,1
NVDA,2022-09-14,22.95164786853435,26.15999984741211,85,True,1.0130908114400317,1
NVDA,2022-09-15,14.77356565185407,26.270000457763672,85,True,-2.846310839468602,0
NVDA,2022-09-16,23.103297986878488,26.299999237060547,85,True,-5.16745732987115,0
NVDA,2022-09-19,27.67963471087134,25.760000228881836,75,True,-8.623514700032286,0
NVDA,2022-09-20,28.344732124196085,27.15999984741211,75,True,-5.790839145539239,0
NVDA,2022-09-21,31.68740352069723,27.989999771118164,75,True,-3.9589835787134264,0
NVDA,2022-09-22,34.8776002770401,27.350000381469727,75,True,-2.7147634060623704,0
NVDA,2022-09-27,34.973441536197754,32.599998474121094,90,True,6.074280108412311,1
NVDA,2022-09-29,25.89543115397484,31.84000015258789,100,True,7.446800197850978,1
NVDA,2022-09-30,23.463363227642986,31.6200008392334,100,True,-0.5190013375617641,0
NVDA,2022-10-10,34.41634908291826,32.45000076293945,90,True,1.868033087215526,1
NVDA,2022-10-11,32.664018211211385,33.630001068115234,90,True,3.288453079713616,1
NVDA,2022-12-29,30.776126255954807,21.440000534057617,40,False,1.7530645305847026,1
NVDA,2022-12-30,31.686367879705926,21.670000076293945,40,False,6.93853317557418,1
NVDA,2023-01-03,24.37123266146692,22.899999618530273,60,False,11.135177086873327,1
NVDA,2023-01-04,23.110590015081854,22.010000228881836,60,False,8.48870891888418,1
NVDA,2023-01-05,22.79333403831977,22.459999084472656,60,False,15.744813383249312,1
NVDA,2023-01-06,32.947723048760835,21.1299991607666,40,False,13.729055210826612,1
NVDA,2023-08-11,32.57911599667216,14.84000015258789,55,False,5.982121090734749,1
NVDA,2023-09-18,34.97838204344724,14.0,70,True,-3.9667066996828315,0
NVDA,2023-09-19,17.263843183910907,14.109999656677246,75,True,-3.697144262013541,0
NVDA,2023-09-20,10.26608379915784,15.140000343322754,80,True,0.5421505026134144,1
NVDA,2023-09-21,8.187974011319781,17.540000915527344,95,True,5.051552618327282,1
NVDA,2023-09-22,14.50639735562082,17.200000762939453,85,True,4.539766879067364,1
NVDA,2023-09-25,19.26891423350554,16.899999618530273,85,True,6.063199093617033,1
NVDA,2023-09-26,21.746751190713525,18.940000534057617,95,True,3.83191279417876,1
NVDA,2023-09-27,28.686004147072723,18.219999313354492,75,True,3.7039863363208747,1
NVDA,2023-10-26,31.383540144105638,20.68000030517578,40,False,7.8857264451454245,1
NVDA,2023-10-27,33.29366086721838,21.270000457763672,45,False,11.123462156601871,1
NVDA,2023-10-30,33.92275523771029,19.75,60,False,11.151338467390893,1
NVDA,2023-10-31,28.157153839214416,18.139999389648438,70,True,12.690066964076774,1
NVDA,2023-11-01,34.802686975941626,16.8700008392334,60,False,10.038984157241092,1
NVDA,2023-12-04,34.69188439257702,13.079999923706055,55,False,2.4634132389547814,1
NVDA,2023-12-05,34.84647180949054,12.850000381469727,55,False,2.3429120271942994,1
NVDA,2023-12-06,33.86497510900739,12.970000267028809,55,False,5.680961836302489,1
NVDA,2023-12-11,33.537767342432176,12.630000114440918,55,False,7.399144839197724,1
NVDA,2024-04-15,31.21428022939672,19.229999542236328,60,False,-7.538289142885035,0
NVDA,2024-04-19,28.536387355032332,18.709999084472656,75,True,15.137788835246635,1
NVDA,2024-07-29,30.01410909512478,16.600000381469727,60,False,-9.98296450918894,0
NVDA,2024-07-30,21.04380629425303,17.690000534057617,80,True,0.501314137654707,1
NVDA,2024-08-01,34.730901269623786,18.59000015258789,60,False,-3.882431735707148,0
NVDA,2024-08-02,34.13755531189814,23.389999389648438,60,False,-2.349190370110421,0
NVDA,2024-08-05,31.873515878597203,38.56999969482422,100,True,8.531596323861844,1
NVDA,2024-08-07,33.960082301164945,27.850000381469727,75,True,19.38126143770422,1
NVDA,2024-09-06,30.437154958600516,22.3799991607666,45,False,15.832139964714443,1
NVDA,2024-09-09,28.136036833048863,19.450000762939453,70,True,9.692861953658483,1
NVDA,2024-09-10,31.827666833786438,19.079999923706055,60,False,6.937926203962208,1
NVDA,2024-11-27,32.02335721691311,14.100000381469727,55,False,7.189313158756927,1
AMD,2022-01-21,19.071049000190698,28.850000381469727,95,True,-11.421597486467316,0
AMD,2022-01-24,18.25202547518802,29.899999618530273,100,True,-1.956576678263855,0
AMD,2022-01-25,18.39757238399939,31.15999984741211,100,True,5.084137195643756,1
AMD,2022-01-26,21.61981817801137,31.959999084472656,100,True,10.884295141727506,1
AMD,2022-01-27,18.18353999585689,30.489999771118164,100,True,17.03704056227895,1
AMD,2022-01-28,23.897775047773024,27.65999984741211,80,True,17.44583901846721,1
AMD,2022-02-01,32.14472358874794,21.959999084472656,40,False,9.80475857846308,1
AMD,2022-04-08,31.368637631275476,21.15999984741211,40,False,-7.039604564704516,0
AMD,2022-04-11,29.532102740105685,24.3700008392334,55,False,-0.4518870586369572,0
AMD,2022-04-12,28.584438573751513,24.260000228881836,50,False,-1.135648631317887,0
AMD,2022-04-13,21.49112350587876,21.81999969482422,60,False,-8.072436629930724,0
AMD,2022-04-14,19.61635599699214,22.700000762939453,60,False,-5.286909840984588,0
AMD,2022-04-18,20.090814886685763,22.170000076293945,60,False,-3.408240461225298,0
AMD,2022-04-19,20.18140656259321,21.3700008392334,60,False,-12.142779950489613,0
AMD,2022-04-20,20.697674294817844,20.31999969482422,60,False,-9.689420661800096,0
AMD,2022-04-21,23.866991974711894,22.68000030517578,60,False,-0.23372185647074772,0
AMD,2022-04-22,23.513870781257936,28.209999084472656,95,True,-2.9725468172509872,0
AMD,2022-04-25,23.935904287413592,27.020000457763672,95,True,-0.9372654985479789,0
AMD,2022-04-26,22.84354408604453,33.52000045776367,100,True,7.010325662967132,1
AMD,2022-04-27,24.63495276708855,31.600000381469727,100,True,17.088674927605663,1
AMD,2022-04-28,33.10129549525131,29.989999771118164,75,True,4.71887927904433,1
AMD,2022-04-29,32.02507954962836,33.400001525878906,90,True,11.482694200526943,1
AMD,2022-06-16,30.617460261800858,32.95000076293945,90,True,6.130406571860703,1
AMD,2022-06-17,24.169786685574095,31.1299991607666,100,True,5.627073659994641,1
AMD,2022-06-21,28.42130581625132,30.190000534057617,100,True,-3.592316628883907,0
AMD,2022-06-22,28.83450519490171,28.950000762939453,85,True,-6.877614491021456,0
AMD,2022-06-23,12.862025185660471,29.049999237060547,95,True,-7.230376152380568,0
AMD,2022-06-24,24.42789717903368,27.229999542236328,85,True,-15.399636403460736,0
AMD,2022-06-27,24.253644924277538,26.950000762939453,85,True,-12.720527214516675,0
AMD,2022-06-28,21.41858267761387,28.360000610351562,95,True,-6.7219613607712,0
AMD,2022-06-29,21.717538899606097,28.15999984741211,95,True,1.6797092240937728,1
AMD,2022-06-30,22.56083544177531,28.709999084472656,95,True,3.7661791649589382,1
AMD,2022-07-01,23.23463399873752,26.700000762939453,85,True,4.452285680494983,1
AMD,2022-07-05,32.249328781275395,27.540000915527344,80,True,1.5425581239155717,1
AMD,2022-07-06,32.55396604829569,26.729999542236328,65,True,2.879891457052386,1
AMD,2022-08-24,30.590294730132925,22.81999969482422,40,False,-8.476221638963043,0
AMD,2022-08-30,30.844678059503934,26.209999084472656,65,True,-8.43110377871773,0
AMD,2022-08-31,29.771001791450885,25.8700008392334,85,True,-2.4625944381383102,0
AMD,2022-09-01,21.608363573008916,25.559999465942383,95,True,3.7896210953449083,1
AMD,2022-09-02,19.889835060066233,25.469999313354492,95,True,5.483551399576525,1
AMD,2022-09-06,19.48865301352309,26.90999984741211,95,True,-2.146852661584797,0
AMD,2022-09-07,22.687368465015908,24.639999389648438,65,True,-2.7132315607952817,0
AMD,2022-09-08,24.88623176518479,23.610000610351562,65,True,-7.393084328865807,0
AMD,2022-09-09,34.25314764047104,22.790000915527344,40,False,-10.462252933053652,0
AMD,2022-09-13,29.81723115892906,27.270000457763672,75,True,-2.3107864565814817,0
AMD,2022-09-14,30.14551567724081,26.15999984741211,65,True,-3.8347239616979722,0
AMD,2022-09-15,20.53416741072651,26.270000457763672,85,True,-9.339946934607756,0
AMD,2022-09-16,24.68069506793772,26.299999237060547,85,True,-11.17501347932789,0
AMD,2022-09-19,27.92009999287079,25.760000228881836,75,True,-13.63813214684334,0
AMD,2022-09-20,27.951694469418513,27.15999984741211,75,True,-10.737543961534469,0
AMD,2022-09-21,29.393079730123162,27.989999771118164,85,True,-8.21697431625089,0
AMD,2022-09-22,26.799255436741092,27.350000381469727,85,True,-7.71223109403103,0
AMD,2022-09-23,27.343155272676498,29.920000076293945,85,True,-6.768685309138112,0
AMD,2022-09-26,27.20262558964015,32.2599983215332,100,True,-0.2865798381003426,0
AMD,2022-09-27,27.149125954095766,32.599998474121094,100,True,1.0867997273090513,1
AMD,2022-09-28,21.43420668425098,30.18000030517578,100,True,-0.6143916986473985,0
AMD,2022-09-29,10.227668837870539,31.84000015258789,100,True,5.784220641996773,1
AMD,2022-09-30,10.239134376664296,31.6200008392334,100,True,-7.76515457109822,0
AMD,2022-10-03,25.06847301177436,30.100000381469727,100,True,-12.554831584377457,0
AMD,2022-10-04,29.480010609686488,29.06999969482422,85,True,-15.125184428529714,0
AMD,2022-10-05,30.639419461063653,28.549999237060547,75,True,-14.851344722848836,0
AMD,2022-10-06,30.721266792487185,30.520000457763672,90,True,-13.131908692393711,0
AMD,2022-10-07,21.006010954614524,31.360000610351562,100,True,-4.277891955420787,0
AMD,2022-10-10,21.614583171645364,32.45000076293945,100,True,0.25946671444110336,1
AMD,2022-10-11,22.03783323683699,33.630001068115234,100,True,0.5032050936235821,1
AMD,2022-10-12,27.03980337389514,33.56999969482422,100,True,-1.0717354334280893,0
AMD,2022-10-13,31.902081658726274,31.940000534057617,100,True,-1.9850665018765756,0
AMD,2022-10-14,30.274171578004967,32.02000045776367,90,True,5.148375292844842,1
AMD,2022-10-17,33.19956611825589,31.3700008392334,90,True,1.2767454971631231,1
AMD,2022-10-18,30.121855308224895,30.5,90,True,6.129149109091658,1
AMD,2022-10-19,34.799824050651395,30.760000228881836,90,True,4.3683383190576075,1
AMD,2022-10-21,32.467531037762754,29.690000534057617,75,True,5.42332309292699,1
AMD,2022-10-24,25.941419255004746,29.850000381469727,85,True,2.3168664270447614,1
AMD,2022-10-26,32.72340372343733,27.280000686645508,80,True,-1.8416180856376196,0
AMD,2022-12-14,33.85214084789504,21.139999389648438,40,False,-1.8134339104393438,0
AMD,2022-12-15,32.26205378109205,22.829999923706055,40,False,-4.0132244369981525,0
AMD,2022-12-16,33.40444119247685,22.6200008392334,40,False,-1.3606588735883718,0
AMD,2022-12-19,31.712389102718987,22.420000076293945,40,False,-2.0436537466601457,0
AMD,2022-12-20,18.984268340717563,21.479999542236328,65,True,-3.812456941716591,0
AMD,2022-12-21,28.471018724176247,20.06999969482422,50,False,-4.225769204278274,0
AMD,2022-12-22,26.910317002918376,21.969999313354492,55,False,1.4249859442803325,1
AMD,2022-12-23,30.5389258683242,20.8700008392334,40,False,-0.7749535431101573,0
AMD,2022-12-27,33.552648443727946,21.649999618530273,40,False,2.1969388245438815,1
AMD,2022-12-28,32.677357123528026,22.139999389648438,45,False,-0.3835669888765936,0
AMD,2023-01-03,33.86705757580805,22.899999618530273,40,False,6.2949181818301,1
AMD,2023-01-04,32.75778549708279,22.010000228881836,40,False,6.804815414915866,1
AMD,2023-01-05,33.40041669976702,22.459999084472656,40,False,13.588963535828281,1
AMD,2023-02-23,34.844191716160495,21.139999389648438,40,False,0.8652068230799337,1
AMD,2023-02-28,34.67167422373825,20.700000762939453,45,False,4.492235552356316,1
AMD,2023-04-13,30.601619410957696,17.799999237060547,60,False,-2.1500660291853935,0
AMD,2023-04-14,33.78662765781705,17.06999969482422,60,False,-3.618528277737565,0
AMD,2023-04-17,32.85861141218615,16.950000762939453,60,False,-2.559255570786423,0
AMD,2023-04-19,31.169664848944677,16.459999084472656,60,False,-4.447409263309621,0
AMD,2023-04-20,23.589432131908012,17.170000076293945,80,True,-2.963043114926567,0
AMD,2023-04-21,20.54121747421209,16.770000457763672,80,True,1.062990431032751,1
AMD,2023-04-24,21.314631342631756,16.889999389648438,80,True,2.4209235514104144,1
AMD,2023-04-25,17.81334724391796,18.760000228881836,80,True,7.291169913893447,1
AMD,2023-04-26,31.171801969060596,18.84000015258789,60,False,-5.02676235990287,0
AMD,2023-04-28,32.94249201277955,15.779999732971191,60,False,0.5258963599243716,1
AMD,2023-05-03,27.580312043890416,18.34000015258789,65,True,18.86791641541481,1
AMD,2023-07-03,31.446016696576507,13.569999694824219,55,False,-3.885339329871451,0
AMD,2023-07-05,34.08543910555234,14.180000305175781,55,False,0.5528783674286997,1
AMD,2023-07-06,27.59624676194977,15.4399995803833,70,True,2.1501539829331007,1
AMD,2023-07-07,30.323496666038338,14.829999923706055,55,False,2.447648950498116,1
AMD,2023-08-24,32.43987980260657,17.200000762939453,60,False,3.8506857086755497,1
AMD,2023-08-25,31.513456837338097,15.680000305175781,60,False,7.041561807571828,1
AMD,2023-09-21,31.723093406510486,17.540000915527344,75,True,6.919156678439009,1
AMD,2023-09-22,20.75056369918707,17.200000762939453,85,True,6.881499954873949,1
AMD,2023-09-25,20.222228928551928,16.899999618530273,85,True,6.048469455508942,1
AMD,2023-09-26,20.294388381000033,18.940000534057617,95,True,4.293458509680925,1
AMD,2023-09-27,30.494516723007976,18.219999313354492,65,True,6.118078942256444,1
AMD,2023-10-26,23.00041198102761,20.68000030517578,60,False,15.1169039595475,1
AMD,2023-10-27,30.919634242313506,21.270000457763672,45,False,16.405682510378572,1
AMD,2023-10-30,25.164550247046904,19.75,70,True,16.188396387420624,1
AMD,2023-10-31,32.13115993427327,18.139999389648438,60,False,15.177661876388004,1
AMD,2024-03-21,29.570253271441217,12.920000076293945,65,True,1.0129913205599417,1
AMD,2024-03-22,27.403755502109107,13.0600004196167,65,True,2.053995305745704,1
AMD,2024-03-25,27.028429815381315,13.1899995803833,80,True,0.039182703642426375,1
AMD,2024-03-26,19.059304632745693,13.239999771118164,75,True,1.630409419735357,1
AMD,2024-03-27,20.515668349633714,12.779999732971191,75,True,-7.661893639636319,0
AMD,2024-03-28,23.534051535186478,13.010000228881836,75,True,-5.579260356662874,0
AMD,2024-04-01,33.15423811431829,13.649999618530273,55,False,-7.330644000143149,0
AMD,2024-04-02,23.230978803390485,14.609999656677246,75,True,-4.432008004588395,0
AMD,2024-04-03,32.04407537777611,14.329999923706055,55,False,-7.539970437943355,0
AMD,2024-04-04,27.048660839625725,16.350000381469727,70,True,2.8161358725081964,1
AMD,2024-04-05,27.967555209666585,16.030000686645508,70,True,-4.189648789087663,0
AMD,2024-04-08,27.902029174667092,15.1899995803833,70,True,-5.638603246862073,0
AMD,2024-04-10,34.47596713585696,15.800000190734863,75,True,-7.8497039398697455,0
AMD,2024-04-12,33.333343690208466,17.309999465942383,60,False,-10.191082504930982,0
AMD,2024-04-15,32.06661019472061,19.229999542236328,60,False,-7.285433758089576,0
AMD,2024-04-17,29.092405366202144,18.209999084472656,75,True,-1.4803263966046698,0
AMD,2024-04-18,29.277438693562885,18.0,75,True,-0.8511783006404539,0
AMD,2024-04-19,22.571007529264833,18.709999084472656,85,True,7.337694047750731,1
AMD,2024-04-22,26.610649711825957,16.940000534057617,70,True,7.777178152625042,1
AMD,2024-04-23,28.35004798798215,15.6899995803833,70,True,4.0126094693074155,1
AMD,2024-04-25,32.944302916353465,15.369999885559082,60,False,-4.942762172372916,0
AMD,2024-05-01,29.11956446481865,15.390000343322754,65,True,6.480897322958867,1
AMD,2024-06-17,31.155467809589325,12.75,55,False,1.1679331911619961,1
AMD,2024-06-18,33.755784550350995,12.300000190734863,55,False,1.8819041010350368,1
AMD,2024-07-25,25.827821261695078,18.459999084472656,70,True,-4.178725948544615,0
AMD,2024-07-26,19.925389859329286,16.389999389648438,80,True,-5.3503858841764345,0
AMD,2024-07-29,20.3524274535187,16.600000381469727,80,True,-3.527722844923975,0
AMD,2024-07-30,10.376032007336107,17.690000534057617,80,True,-5.966490624067267,0
AMD,2024-07-31,19.524876975034516,16.360000610351562,80,True,-10.942689663701477,0
AMD,2024-08-01,16.422592787959346,18.59000015258789,80,True,2.851979952892769,1
AMD,2024-08-02,16.823201412032176,23.389999389648438,65,True,1.3358522811026008,1
AMD,2024-08-05,20.06444739628799,38.56999969482422,100,True,1.4463705995451992,1
AMD,2024-08-06,24.73656243031536,27.709999084472656,95,True,8.411440177526131,1
AMD,2024-08-07,25.690697119280273,27.850000381469727,85,True,9.38835937122926,1
AMD,2024-08-09,31.039336114168734,20.3700008392334,40,False,10.642729449189204,1
AMD,2024-09-09,33.326818314134826,19.450000762939453,60,False,10.083249040899744,1
AMD,2024-10-24,24.20213749324762,19.079999923706055,80,True,-6.1066182013165715,0
AMD,2024-10-25,29.841339401793405,20.329999923706055,50,False,-9.197974467238923,0
AMD,2024-10-28,33.237883118100385,19.799999237060547,60,False,-12.012250922354307,0
AMD,2024-10-31,28.186804603239054,23.15999984741211,50,False,3.9911152270993178,1
AMD,2024-11-01,28.400059244341804,21.8799991607666,50,False,4.292962295001024,1
AMD,2024-11-04,32.947970458489266,21.979999542236328,40,False,4.718924790580692,1
AMD,2024-11-05,34.65534203662112,20.489999771118164,40,False,1.3906545035831108,1
AMD,2024-11-14,34.37556466421485,14.3100004196167,55,False,-0.9723356960058771,0
AMD,2024-11-15,27.620751185422108,16.139999389648438,70,True,2.557459127595374,1
AMD,2024-11-18,24.51492144286638,15.579999923706055,80,True,1.5835401446866681,1
AMD,2024-11-27,27.245314085994295,14.100000381469727,65,True,3.7580702515784825,1
AMD,2024-11-29,31.373212395989754,13.510000228881836,55,False,1.0278493493157237,1
JPM,2022-01-21,28.935595168855684,28.850000381469727,85,True,1.0545532199615737,1
JPM,2022-01-24,28.83472304163162,29.899999618530273,85,True,2.518151087903009,1
JPM,2022-01-25,19.036040675401622,31.15999984741211,100,True,3.1528989691271603,1
JPM,2022-01-26,24.51798955289894,31.959999084472656,100,True,1.3656547516543993,1
JPM,2022-01-27,18.411914146020862,30.489999771118164,100,True,2.3329850152905562,1
JPM,2022-01-28,17.535481199209443,27.65999984741211,80,True,4.058444412550388,1
JPM,2022-01-31,22.043084608808243,24.829999923706055,60,False,3.008054712228292,1
JPM,2022-02-01,27.216833876343927,21.959999084472656,50,False,3.1757016652089742,1
JPM,2022-02-02,24.390937843547064,22.09000015258789,60,False,4.4417523371390155,1
JPM,2022-02-03,23.71466936461428,24.350000381469727,60,False,4.875587507371271,1
JPM,2022-02-28,32.17343013346438,30.149999618530273,90,True,-8.87869143520026,0
JPM,2022-03-01,21.390975464409465,33.31999969482422,100,True,-5.972884132048318,0
JPM,2022-03-02,26.11699391864674,30.739999771118164,100,True,-4.19298963934569,0
JPM,2022-03-03,25.87438515478496,30.479999542236328,100,True,-4.649658265732248,0
JPM,2022-03-04,24.623078267520143,31.979999542236328,100,True,-4.099712071319073,0
JPM,2022-03-07,22.430224832757077,36.45000076293945,100,True,0.7429718666048579,1
JPM,2022-03-08,17.7018061091986,35.130001068115234,100,True,3.257981966856538,1
JPM,2022-03-09,26.442318400814955,32.45000076293945,100,True,3.717001045300816,1
JPM,2022-03-10,27.644497098539944,30.229999542236328,100,True,6.286952287179326,1
JPM,2022-03-11,24.744728357153562,30.75,100,True,8.6973408716444,1
JPM,2022-03-14,26.934549870764386,31.770000457763672,100,True,7.282782165010238,1
JPM,2022-03-15,32.445346617313945,29.829999923706055,65,True,7.65397675878654,1
JPM,2022-04-06,30.519154969274325,22.100000381469727,40,False,-3.1865585168018518,0
JPM,2022-04-07,29.982547407283107,21.549999237060547,50,False,-3.791266141352989,0
JPM,2022-04-11,27.94004024577903,24.3700008392334,55,False,-1.41353297238751,0
JPM,2022-04-12,30.041847820553286,24.260000228881836,40,False,0.03041655810043231,1
JPM,2022-04-13,21.138131661079512,21.81999969482422,75,True,2.5608689058103096,1
JPM,2022-04-14,15.463232349880101,22.700000762939453,60,False,0.5470731022181541,1
JPM,2022-04-18,24.9041343978179,22.170000076293945,60,False,-1.3155908618322054,0
JPM,2022-04-19,31.966522329089003,21.3700008392334,40,False,-6.177561169221956,0
JPM,2022-04-20,34.04425938880918,20.31999969482422,40,False,-7.7215310693434125,0
JPM,2022-04-22,34.63192047654893,28.209999084472656,75,True,-5.874906269838942,0
JPM,2022-04-25,32.94212389926351,27.020000457763672,75,True,-4.985405406760224,0
JPM,2022-04-26,30.184313448459662,33.52000045776367,90,True,0.008129081107965952,1
JPM,2022-04-27,30.476912397738133,31.600000381469727,90,True,4.6779546211585865,1
JPM,2022-04-29,25.54516511823101,33.400001525878906,100,True,3.652804451451308,1
JPM,2022-05-02,28.721550094035564,32.34000015258789,100,True,1.1706008336404006,1
JPM,2022-05-09,34.305030478558436,34.75,90,True,-2.9541824140174033,0
JPM,2022-05-10,30.17804031832955,32.9900016784668,90,True,2.767245862240708,1
JPM,2022-05-11,30.434756264780574,32.560001373291016,90,True,1.6505639575485453,1
JPM,2022-05-12,34.38944817855463,31.770000457763672,90,True,0.228730863181692,1
JPM,2022-06-14,28.719757822438808,32.689998626708984,100,True,0.9819340007751531,1
JPM,2022-06-15,29.86045907807447,29.6200008392334,85,True,-1.2910637744164233,0
JPM,2022-06-16,22.538652996046423,32.95000076293945,100,True,3.429430654919785,1
JPM,2022-06-17,17.099638723245477,31.1299991607666,100,True,2.9638057987893873,1
JPM,2022-06-21,22.25988425689549,30.190000534057617,100,True,-0.008626463448846433,0
JPM,2022-06-22,23.592753153931028,28.950000762939453,95,True,0.10418886118568338,1
JPM,2022-06-23,16.592821023065227,29.049999237060547,95,True,-1.1499310606530422,0
JPM,2022-06-24,27.568158671412064,27.229999542236328,75,True,-2.787244569457248,0
JPM,2022-06-27,27.085508271822704,26.950000762939453,75,True,-2.3748106746280584,0
JPM,2022-06-28,25.724006174144378,28.360000610351562,85,True,-2.5386659535804212,0
JPM,2022-06-29,27.15826066870011,28.15999984741211,85,True,0.37706671466510855,1
JPM,2022-06-30,27.15829334279772,28.709999084472656,85,True,2.4523403346915273,1
JPM,2022-08-31,33.555656766299705,25.8700008392334,75,True,4.2820641213559,1
JPM,2022-09-01,29.15751168195696,25.559999465942383,85,True,4.069500309641083,1
JPM,2022-09-02,26.6666843482097,25.469999313354492,85,True,6.041682064487319,1
JPM,2022-09-06,21.919366536750346,26.90999984741211,95,True,2.3298683467349424,1
JPM,2022-09-07,32.14103336793764,24.639999389648438,45,False,0.18981377325868465,1
JPM,2022-09-27,29.956069474235434,32.599998474121094,100,True,6.5375614921708625,1
JPM,2022-09-28,28.355810570354407,30.18000030517578,100,True,3.137013034508196,1
JPM,2022-09-29,24.75753713368448,31.84000015258789,100,True,2.7765067075165017,1
JPM,2022-09-30,19.100725966976484,31.6200008392334,100,True,2.3236358266145896,1
JPM,2022-10-03,32.72150711856939,30.100000381469727,90,True,-1.6714535687424426,0
JPM,2022-10-07,32.47867358752033,31.360000610351562,90,True,4.916012646238022,1
JPM,2022-10-10,33.885995209556285,32.45000076293945,90,True,10.353358220312114,1
JPM,2022-10-11,34.200937040322785,33.630001068115234,90,True,16.555518950784265,1
JPM,2022-12-15,34.629536594150125,22.829999923706055,40,False,0.4304615815532653,1
JPM,2022-12-19,32.50802793717716,22.420000076293945,40,False,1.2916995314463442,1
JPM,2022-12-20,28.70955042248154,21.479999542236328,55,False,1.3543512226636079,1
JPM,2023-03-09,28.803655404528484,22.610000610351562,50,False,0.3145615554715153,1
JPM,2023-03-15,34.70926012580722,26.139999389648438,75,True,-0.8420181147158479,0
JPM,2023-03-17,30.650943967958085,25.510000228881836,65,True,-0.7153536952065775,0
JPM,2023-03-20,30.879973807234634,24.149999618530273,40,False,1.0618215897544525,1
JPM,2023-03-23,31.160383421131556,22.610000610351562,40,False,1.5058353716342232,1
JPM,2023-03-24,30.417690435215533,21.739999771118164,40,False,4.323106004101729,1
JPM,2023-08-15,29.13916319789145,16.459999084472656,70,True,-2.9503539418856306,0
JPM,2023-08-16,31.205831761755732,16.780000686645508,60,False,-1.8776349499960099,0
JPM,2023-08-17,24.41293708759582,17.889999389648438,85,True,-0.9419563414178711,0
JPM,2023-08-18,20.94396996383651,17.299999237060547,85,True,-1.288857017310019,0
JPM,2023-08-21,24.671114541590455,17.1299991607666,85,True,-1.2844491818725823,0
JPM,2023-08-22,22.699807277534944,16.969999313354492,80,True,1.6259136074744163,1
JPM,2023-08-23,22.886532504134337,15.979999542236328,80,True,0.5360437131962659,1
JPM,2023-08-24,23.152141578741194,17.200000762939453,80,True,-0.611273486430064,0
JPM,2023-08-25,19.29167196116802,15.680000305175781,80,True,-0.1564098929393909,0
JPM,2023-08-28,23.05701774017099,15.079999923706055,80,True,-1.5993405805143857,0
JPM,2023-08-29,32.714843210655204,14.449999809265137,55,False,-2.554452076068958,0
JPM,2023-08-30,31.903445690624636,13.880000114440918,55,False,-2.996754112085376,0
JPM,2023-08-31,24.40103968748575,13.569999694824219,75,True,-1.7084580055282461,0
JPM,2023-09-01,25.202724651397816,13.09000015258789,65,True,-1.6074013892820482,0
JPM,2023-09-05,29.46755023404063,14.010000228881836,65,True,0.7851178700650552,1
JPM,2023-09-06,30.35303095616726,14.449999809265137,55,False,1.0002846013801303,1
JPM,2023-09-07,31.100798135251196,14.399999618530273,55,False,3.8477813420396467,1
JPM,2023-09-08,29.85897079031524,13.84000015258789,65,True,3.4624067694945415,1
JPM,2023-09-11,30.512666298985053,13.800000190734863,55,False,3.225802145046286,1
JPM,2023-10-04,29.73892426021918,18.579999923706055,75,True,2.7055570759520364,1
JPM,2023-10-05,33.51179307838149,18.489999771118164,65,True,2.0363813369669748,1
JPM,2023-10-26,32.69535126332663,20.68000030517578,40,False,0.4689032937818416,1
JPM,2023-10-27,23.726901327178297,21.270000457763672,65,True,5.387284721306118,1
JPM,2023-10-30,27.302878201766276,19.75,70,True,4.846454578964021,1
JPM,2023-10-31,31.603636511154846,18.139999389648438,60,False,3.559599847321815,1
JPM,2023-11-01,31.968671827172457,16.8700008392334,60,False,4.160054620287501,1
JPM,2023-11-02,32.98865574917261,15.65999984741211,60,False,2.029399053438974,1
JPM,2024-04-12,28.305293773945735,17.309999465942383,70,True,1.6467029589856796,1
JPM,2024-04-15,30.40370467832912,19.229999542236328,60,False,3.564988592988083,1
JPM,2024-04-16,26.002193884546827,18.399999618530273,70,True,6.272137828954705,1
JPM,2024-04-17,14.421708856449214,18.209999084472656,85,True,7.2189998356879,1
JPM,2024-04-18,15.715887859502914,18.0,85,True,6.686890014109026,1
JPM,2024-04-19,29.53602737027272,18.709999084472656,75,True,4.138863390680192,1
JPM,2024-08-05,27.872341766076516,38.56999969482422,100,True,5.792738350301918,1
JPM,2024-08-06,31.422825664486737,27.709999084472656,75,True,3.793553108554071,1
JPM,2024-09-13,32.06874365283845,16.559999465942383,60,False,3.313430575175813,1
JPM,2024-09-18,33.88005480438288,18.229999542236328,60,False,1.2817483381833972,1
JPM,2024-09-20,33.95739210257712,16.149999618530273,60,False,-0.2795085995961899,0
META,2022-01-21,27.40510255363256,28.850000381469727,75,True,-0.4815738623249577,0
META,2022-01-24,32.203801869804494,29.899999618530273,65,True,1.473863581387258,1
META,2022-01-25,29.869414793127007,31.15999984741211,100,True,6.280202832184689,1
META,2022-01-26,32.31561103995473,31.959999084472656,80,True,9.629042674892974,1
META,2022-01-27,24.867125612398482,30.489999771118164,100,True,-19.30490439453768,0
META,2022-01-28,31.577661607120007,27.65999984741211,50,False,-21.41791300174417,0
META,2022-02-03,23.945785048905847,24.350000381469727,45,False,-4.075540571901404,0
META,2022-02-04,21.358281057190524,23.219999313354492,50,False,-7.398031100937086,0
META,2022-02-07,21.56283650370652,22.860000610351562,50,False,-3.2057348767254967,0
META,2022-02-08,20.277495267408966,21.440000534057617,50,False,0.37241743831430973,1
META,2022-02-09,25.98004161445074,19.959999084472656,60,False,-6.663798021601863,0
META,2022-02-10,27.455606880020312,23.90999984741211,40,False,-8.927083484918796,0
META,2022-02-11,23.705338462613454,27.360000610351562,70,True,-6.098832924301501,0
META,2022-02-14,24.68220176044433,28.329999923706055,70,True,-7.175003036726501,0
META,2022-02-15,27.07802909651633,25.700000762939453,60,False,-10.203612115287608,0
META,2022-02-16,26.3419584241461,24.290000915527344,55,False,-4.1285704686028435,0
META,2022-02-17,21.825942123535825,28.110000610351562,70,True,1.3335868214769064,1
META,2022-02-18,15.852598669732558,27.75,70,True,2.362232600293046,1
META,2022-02-22,12.322768666485572,28.809999465942383,75,True,0.6977377053991818,1
META,2022-02-23,9.768074115111332,31.020000457763672,100,True,4.867738911087627,1
META,2022-02-24,30.83861749903258,30.31999969482422,95,True,-2.230244554487326,0
META,2022-02-25,33.555803025446025,27.59000015258789,50,False,-4.950596167562027,0
META,2022-03-02,31.59194844206897,30.739999771118164,80,True,-4.617756129629691,0
META,2022-03-03,31.013628218154693,30.479999542236328,80,True,-3.823220878743283,0
META,2022-03-04,33.889896763292214,31.979999542236328,80,True,-6.223131613915356,0
META,2022-03-07,28.780024807204867,36.45000076293945,95,True,-0.4480687220115853,0
META,2022-03-08,28.296822028836942,35.130001068115234,95,True,0.9144132486726075,1
META,2022-04-20,29.360418937076886,20.31999969482422,40,False,-12.708306979432837,0
META,2022-04-21,26.613024418820345,22.68000030517578,40,False,9.390101534682959,1
META,2022-04-22,22.760086077394448,28.209999084472656,85,True,8.88598734699617,1
META,2022-04-25,15.82626138045326,27.020000457763672,85,True,12.909783411392795,1
META,2022-04-26,14.956595565303033,33.52000045776367,100,True,17.176019619449857,1
META,2022-04-27,15.498755550682517,31.600000381469727,100,True,27.69935292396233,1
META,2022-05-24,24.51297841167019,29.450000762939453,100,True,4.060009049026636,1
META,2022-05-25,32.553141846671494,28.3700008392334,55,False,8.17602135488793,1
META,2022-06-13,32.59284023235972,34.02000045776367,80,True,-4.389375047531541,0
META,2022-06-16,31.049776704280518,32.95000076293945,80,True,5.774848843924185,1
META,2022-06-17,30.510397805003223,31.1299991607666,80,True,3.511664838505446,1
META,2022-06-21,28.659781139011997,30.190000534057617,90,True,2.3113515042951116,1
META,2022-06-22,29.989049389895925,28.950000762939453,75,True,5.190893957222431,1
META,2022-06-23,23.120250195336396,29.049999237060547,85,True,1.5747986530735059,1
META,2022-06-27,33.52410874116451,26.950000762939453,55,False,-0.767008638207467,0
META,2022-06-28,28.818925660491914,28.360000610351562,75,True,5.657218413550669,1
META,2022-06-29,30.723914751038365,28.15999984741211,65,True,5.032305338497478,1
META,2022-06-30,34.80701466347881,28.709999084472656,65,True,5.97209571262618,1
META,2022-08-30,25.553972430931026,26.209999084472656,65,True,2.0552117128814107,1
META,2022-08-31,34.90875513096114,25.8700008392334,65,True,-0.5339734362809434,0
META,2022-09-01,34.11662752774865,25.559999465942383,65,True,2.2919555340722653,1
META,2022-09-02,30.338347333348793,25.469999313354492,65,True,5.389219777784771,1
META,2022-09-06,30.130969078998035,26.90999984741211,65,True,-3.4123854598981485,0
META,2022-09-15,33.08705460971228,26.270000457763672,55,False,-4.500150006370129,0
META,2022-09-21,29.33465696182097,27.989999771118164,75,True,-0.3588462171353113,0
META,2022-09-22,26.82028226486935,27.350000381469727,75,True,-4.488159343745036,0
META,2022-09-23,28.35404265214258,29.920000076293945,75,True,-3.368727716186304,0
META,2022-09-26,27.025949451337524,32.2599983215332,90,True,1.6425979600565466,1
META,2022-09-27,23.13421480556964,32.599998474121094,100,True,4.3749824224202705,1
META,2022-09-28,31.033212950910368,30.18000030517578,80,True,-1.8572129978000618,0
META,2022-09-29,18.531412141881134,31.84000015258789,100,True,1.949997933035541,1
META,2022-09-30,18.34100479874644,31.6200008392334,100,True,-1.6435789642005316,0
META,2022-10-03,31.694467743841372,30.100000381469727,80,True,-3.477401611873543,0
META,2022-10-07,31.682153081764397,31.360000610351562,80,True,-5.013097128303501,0
META,2022-10-10,33.89207536356935,32.45000076293945,80,True,0.1868790294785816,1
META,2022-10-11,32.792702496114856,33.630001068115234,80,True,3.314159086282431,1
META,2022-10-12,30.753743623895488,33.56999969482422,80,True,4.494119670255392,1
META,2022-10-24,33.71374825646123,29.850000381469727,80,True,-28.183770243310015,0
META,2022-10-27,25.601189451232287,27.389999389648438,60,False,-9.219931091140099,0
META,2022-10-28,26.530034363114694,25.75,65,True,-8.477816158522366,0
META,2022-10-31,26.248632086472867,25.8799991607666,65,True,3.821370093019394,1
META,2022-11-01,28.60356632843647,25.809999465942383,65,True,1.3340359657975087,1
META,2022-11-02,24.30507080002178,25.860000610351562,85,True,12.072012949412713,1
META,2022-11-03,24.91712714495722,25.299999237060547,85,True,25.82386261270311,1
META,2022-11-04,19.12914481950206,24.549999237060547,55,False,24.48507202636636,1
META,2022-11-07,25.862949257700663,24.350000381469727,40,False,18.093485895173412,1
META,2022-11-08,25.348683750911647,25.540000915527344,65,True,21.364149884660133,1
META,2022-11-09,30.696097207340387,26.09000015258789,65,True,11.589647336025477,1
META,2023-02-23,29.711310484336806,21.139999389648438,40,False,1.4473410278708743,1
META,2023-02-24,30.14268608569634,21.670000076293945,30,False,8.721165009110642,1
META,2023-02-27,29.86340439431352,20.950000762939453,40,False,9.059809059301527,1
META,2023-02-28,29.58889510624151,20.700000762939453,45,False,5.47042999773657,1
META,2023-08-17,21.32610536778543,17.889999389648438,75,True,0.582255500603801,1
META,2023-08-18,22.969815342911758,17.299999237060547,90,True,0.7943561730035853,1
META,2023-08-21,25.85020626620397,17.1299991607666,65,True,0.12417385272223136,1
META,2023-08-22,28.400503778337523,16.969999313354492,60,False,3.6126262781684293,1
META,2023-08-24,33.4346509721271,17.200000762939453,50,False,3.187467896139795,1
META,2023-08-25,27.094478677765366,15.680000305175781,60,False,3.8108720570457555,1
META,2023-08-28,33.69760261890649,15.079999923706055,50,False,3.4072850493718443,1
META,2023-10-26,33.325108172844935,20.68000030517578,30,False,7.80994870676659,1
META,2023-10-31,34.29177868145159,18.139999389648438,50,False,5.825358488071752,1
META,2023-12-05,32.030326339111966,12.850000381469727,45,False,5.004867061914697,1
META,2023-12-06,33.89614820330347,12.970000267028809,45,False,5.446520847345848,1
META,2024-04-25,20.111226650504904,15.369999885559082,85,True,0.06797166041490055,1
META,2024-04-26,22.40222101618272,15.029999732971191,70,True,1.9558292162008994,1
META,2024-04-29,21.125064445445233,14.670000076293945,65,True,7.641812340879395,1
META,2024-04-30,19.180493277564707,15.649999618530273,70,True,8.850000224793163,1
META,2024-05-01,22.222971426412798,15.390000343322754,70,True,7.607185187427068,1
META,2024-05-02,25.340654208730754,14.680000305175781,55,False,7.639007816609378,1
META,2024-05-03,32.881755084773246,13.489999771118164,45,False,5.36331117615958,1
META,2024-07-17,32.5052776143735,14.479999542236328,45,False,-0.155844583446485,0
META,2024-07-25,21.289141666821052,18.459999084472656,70,True,9.777014520857685,1
META,2024-07-26,29.119064112188326,16.389999389648438,60,False,4.818547727239353,1
META,2024-07-29,28.805978176912433,16.600000381469727,60,False,2.151555005680361,1
META,2024-07-30,26.086960981203447,17.690000534057617,60,False,6.6711309752391035,1
META,2024-09-05,33.02942070829778,19.899999618530273,50,False,1.6909917215028214,1
META,2024-09-06,29.735871583488674,22.3799991607666,45,False,4.867358247184117,1
META,2024-09-09,32.41930881922991,19.450000762939453,50,False,5.744712080919689,1
META,2024-09-10,33.65140536404911,19.079999923706055,50,False,6.347519910726462,1
META,2024-09-11,32.2478224364536,17.690000534057617,50,False,5.203532106867725,1
META,2024-10-24,32.33826218563097,19.079999923706055,50,False,-0.03523713512701976,0
META,2024-11-18,31.594510972890774,15.579999923706055,50,False,1.9318061241633044,1
GOOGL,2022-01-21,21.014480401598902,28.850000381469727,85,True,2.3010609938794557,1
GOOGL,2022-01-24,22.404797418283735,29.899999618530273,100,True,3.439880602993428,1
GOOGL,2022-01-25,19.871616867346532,31.15999984741211,100,True,8.43660791103562,1
GOOGL,2022-01-26,32.67837925130408,31.959999084472656,80,True,14.521820501833126,1
GOOGL,2022-01-27,32.414764556899385,30.489999771118164,80,True,10.918189108398678,1
GOOGL,2022-02-23,18.607606160306517,31.020000457763672,100,True,5.473476763945584,1
GOOGL,2022-02-24,34.10132280566992,30.31999969482422,95,True,0.9107820991367754,1
GOOGL,2022-03-07,34.51130814165374,36.45000076293945,85,True,-0.33827512410842253,0
GOOGL,2022-03-08,33.711004341912286,35.130001068115234,85,True,1.6470729682922958,1
GOOGL,2022-04-11,30.098211928437237,24.3700008392334,35,False,0.920253690493511,1
GOOGL,2022-04-12,30.631947913976404,24.260000228881836,30,False,0.25485934915436825,1
GOOGL,2022-04-13,27.668533132163518,21.81999969482422,40,False,-3.910482247735625,0
GOOGL,2022-04-14,24.421411644269114,22.700000762939453,50,False,-5.5981275480794785,0
GOOGL,2022-04-18,26.988149108230402,22.170000076293945,40,False,-3.6048078554459573,0
GOOGL,2022-04-19,29.987275843849403,21.3700008392334,40,False,-8.737087849452296,0
GOOGL,2022-04-20,28.698564144590733,20.31999969482422,40,False,-10.73530890598654,0
GOOGL,2022-04-21,28.39005619723133,22.68000030517578,40,False,-5.0410719268820685,0
GOOGL,2022-04-22,22.33235612389764,28.209999084472656,85,True,-4.619028401031066,0
GOOGL,2022-04-25,23.60474004556984,27.020000457763672,85,True,-5.274061208510572,0
GOOGL,2022-04-26,22.390784282392886,33.52000045776367,100,True,-1.1091430100414135,0
GOOGL,2022-04-27,22.216071341851872,31.600000381469727,100,True,6.970146955970646,1
GOOGL,2022-04-28,30.09213321635444,29.989999771118164,65,True,-1.701788580511543,0
GOOGL,2022-04-29,28.891849757609435,33.400001525878906,90,True,1.4345812943210134,1
GOOGL,2022-05-09,32.19358568289503,34.75,80,True,1.7189478899020116,1
GOOGL,2022-05-24,27.1758031404257,29.450000762939453,90,True,7.475688293675842,1
GOOGL,2022-05-25,32.22361701557075,28.3700008392334,55,False,11.16911798735214,1
GOOGL,2022-08-30,27.950816779935053,26.209999084472656,65,True,0.46815868919236614,1
GOOGL,2022-08-31,28.112120594722555,25.8700008392334,75,True,0.14783807153180284,1
GOOGL,2022-09-01,23.975551564217355,25.559999465942383,85,True,0.8292322710545363,1
GOOGL,2022-09-02,20.875908963616283,25.469999313354492,85,True,2.7909120306905733,1
GOOGL,2022-09-06,20.32677201420252,26.90999984741211,85,True,-2.3312507340867317,0
GOOGL,2022-09-07,30.25797922931683,24.639999389648438,35,False,-4.065787293678136,0
GOOGL,2022-09-08,27.353026122979827,23.610000610351562,45,False,-5.0470407447194665,0
GOOGL,2022-09-13,33.4029196846013,27.270000457763672,55,False,-3.048318190998922,0
GOOGL,2022-09-15,25.792850893706003,26.270000457763672,65,True,-2.6916813028661335,0
GOOGL,2022-09-16,33.00274695377867,26.299999237060547,55,False,-3.9494333388244374,0
GOOGL,2022-09-20,33.02872870552399,27.15999984741211,55,False,-3.59896236352254,0
GOOGL,2022-09-21,31.467665853663974,27.989999771118164,65,True,0.7755796173885665,1
GOOGL,2022-09-22,29.539666036784382,27.350000381469727,75,True,-2.716194929025373,0
GOOGL,2022-09-23,30.169783866416424,29.920000076293945,65,True,-3.129421225932749,0
GOOGL,2022-09-26,30.80001831221506,32.2599983215332,80,True,0.47874667034588647,1
GOOGL,2022-09-27,20.896285776226975,32.599998474121094,100,True,4.24613948973509,1
GOOGL,2022-09-28,31.07679283279002,30.18000030517578,80,True,1.3793186108899125,1
GOOGL,2022-09-29,20.429147944463622,31.84000015258789,100,True,4.105914499317809,1
GOOGL,2022-09-30,18.219773018570336,31.6200008392334,100,True,3.167783772124144,1
GOOGL,2022-11-02,34.23730410319679,25.860000610351562,65,True,0.40241831051484045,1
GOOGL,2022-11-03,33.33333333333333,25.299999237060547,65,True,12.597413641950105,1
GOOGL,2022-11-04,32.890367667527045,24.549999237060547,35,False,11.353673833661592,1
GOOGL,2022-11-07,34.74156637127737,24.350000381469727,30,False,8.147810774591125,1
GOOGL,2022-11-09,34.47854677213587,26.09000015258789,65,True,13.204314532010475,1
GOOGL,2022-12-20,18.04588917353358,21.479999542236328,55,False,-3.370044085197821,0
GOOGL,2022-12-21,20.425071012538368,20.06999969482422,50,False,-1.261462231433097,0
GOOGL,2022-12-22,19.16339830182119,21.969999313354492,55,False,0.5355526479032591,1
GOOGL,2022-12-23,25.676301316137497,20.8700008392334,40,False,-0.12326142423113584,0
GOOGL,2022-12-27,26.50658087512494,21.649999618530273,40,False,0.7895863687717775,1
GOOGL,2022-12-28,27.40623974136659,22.139999389648438,45,False,0.209262303241875,1
GOOGL,2023-01-04,30.551320182334464,22.010000228881836,30,False,3.905527267344877,1
GOOGL,2023-01-05,28.605914526745153,22.459999084472656,40,False,5.719255919489052,1
GOOGL,2023-02-23,22.88387091825993,21.139999389648438,50,False,1.2212488745156236,1
GOOGL,2023-02-24,23.803184439634876,21.670000076293945,50,False,5.071247647336885,1
GOOGL,2023-02-27,27.323417886119685,20.950000762939453,40,False,5.852893644108614,1
GOOGL,2023-02-28,13.647736080229862,20.700000762939453,55,False,4.21941335235263,1
GOOGL,2023-03-01,22.208622821164923,20.579999923706055,55,False,4.304997511665398,1
GOOGL,2023-06-26,32.319038173311824,14.25,45,False,1.318242293375227,1
GOOGL,2023-06-27,27.990184700069634,13.739999771118164,55,False,2.8902244793740373,1
GOOGL,2023-07-10,33.36464029921753,15.069999694824219,50,False,7.041645006642416,1
GOOGL,2023-09-21,34.09213523046611,17.540000915527344,65,True,1.4335940860943808,1
GOOGL,2023-09-22,34.70883110065893,17.200000762939453,55,False,0.46835176039425885,1
GOOGL,2023-10-26,26.888208331407697,20.68000030517578,40,False,4.260706079909382,1
GOOGL,2023-10-27,24.899566158099503,21.270000457763672,55,False,5.672446764713701,1
GOOGL,2023-10-30,30.17491496068851,19.75,50,False,4.652085790476712,1
GOOGL,2023-10-31,24.417531985741604,18.139999389648438,70,True,5.552876807310958,1
GOOGL,2023-11-01,31.018800374795475,16.8700008392334,50,False,4.262565712188948,1
GOOGL,2023-11-02,34.77321220021497,15.65999984741211,50,False,2.1570502987749984,1
GOOGL,2023-11-03,34.51058276656951,14.90999984741211,45,False,2.7032891236323575,1
GOOGL,2024-02-16,29.947541145456086,14.239999771118164,55,False,-2.0993299933840692,0
GOOGL,2024-02-20,33.29021903323263,15.420000076293945,50,False,-1.587282392526057,0
GOOGL,2024-02-28,33.30907322462788,13.84000015258789,45,False,-3.651585836458948,0
GOOGL,2024-03-01,28.341868247871886,13.109999656677246,55,False,-1.2614951062245305,0
GOOGL,2024-03-04,26.12799011916735,13.489999771118164,55,False,3.2395896971658233,1
GOOGL,2024-03-05,27.724202555535356,14.460000038146973,55,False,4.394377445909403,1
GOOGL,2024-03-06,24.455330070166553,14.5,65,True,6.385099449481513,1
GOOGL,2024-07-24,32.794100030729,18.040000915527344,50,False,-0.6314178341979559,0
GOOGL,2024-07-25,20.025644143297697,18.459999084472656,70,True,2.0803463611679174,1
GOOGL,2024-07-26,20.712514821601815,16.389999389648438,70,True,-0.20357880860373267,0
GOOGL,2024-07-29,25.742063397821056,16.600000381469727,60,False,-6.063820642253647,0
GOOGL,2024-07-30,22.97538911673064,17.690000534057617,70,True,-7.04679152028479,0
GOOGL,2024-07-31,29.542091667651917,16.360000610351562,60,False,-7.345210103893763,0
GOOGL,2024-08-01,29.30283301823765,18.59000015258789,60,False,-5.112433702439256,0
GOOGL,2024-08-02,23.30016070442518,23.389999389648438,70,True,-1.7940773618520311,0
GOOGL,2024-08-05,20.637924473608308,38.56999969482422,100,True,1.9089351135056498,1
GOOGL,2024-08-06,21.637106636472367,27.709999084472656,85,True,3.708376937395541,1
GOOGL,2024-08-07,24.92642124259592,27.850000381469727,85,True,0.8997062331613126,1
GOOGL,2024-08-08,30.679834127352024,23.790000915527344,30,False,-0.4505337417899602,0
GOOGL,2024-08-09,26.365508263782928,20.3700008392334,40,False,-0.43380323132037324,0
GOOGL,2024-08-12,25.21606003307066,20.709999084472656,40,False,2.698871983128992,1
GOOGL,2024-09-06,29.919944597912277,22.3799991607666,45,False,4.4718709846000015,1
GOOGL,2024-09-09,18.59798028280818,19.450000762939453,70,True,6.287400510234065,1
GOOGL,2024-09-10,17.07236974643351,19.079999923706055,70,True,7.170738224154105,1
GOOGL,2024-09-11,25.014842185595896,17.690000534057617,60,False,5.722408580183647,1
GOOGL,2024-11-27,34.94509502899071,14.100000381469727,45,False,2.0150174770721785,1
AAPL,2022-01-21,15.51730942746289,28.850000381469727,85,True,4.8765416170784,1
AAPL,2022-01-24,15.097625197535763,29.899999618530273,85,True,8.142563835632277,1
AAPL,2022-01-25,15.34451534007043,31.15999984741211,100,True,9.281515915606487,1
AAPL,2022-01-26,18.33688851289419,31.959999084472656,100,True,10.113336874653367,1
AAPL,2022-01-27,20.416749008650584,30.489999771118164,100,True,8.591886282200424,1
AAPL,2022-02-22,33.256395142129506,28.809999465942383,55,False,-0.6816177024788872,0
AAPL,2022-02-23,26.50643996412863,31.020000457763672,90,True,4.054462432028161,1
AAPL,2022-02-24,34.85672296296298,30.31999969482422,95,True,2.1445189264269082,1
AAPL,2022-03-01,32.34121368615769,33.31999969482422,80,True,-3.529418157917974,0
AAPL,2022-03-08,26.142359811298675,35.130001068115234,95,True,-1.4925985261387553,0
AAPL,2022-03-11,34.446876546133254,30.75,80,True,5.978186545420017,1
AAPL,2022-03-14,33.50982383910299,31.770000457763672,80,True,9.799533744633049,1
AAPL,2022-04-19,33.19762850497936,21.3700008392334,30,False,-6.332137002247229,0
AAPL,2022-04-20,34.212047339153614,20.31999969482422,30,False,-6.3744501343495745,0
AAPL,2022-04-22,32.2962964918603,28.209999084472656,65,True,-2.558873723582822,0
AAPL,2022-04-25,25.92817605618208,27.020000457763672,75,True,-3.020614800709709,0
AAPL,2022-04-26,23.92916931760425,33.52000045776367,100,True,1.7091843392128547,1
AAPL,2022-04-27,26.171121638241303,31.600000381469727,90,True,6.0356163983341204,1
AAPL,2022-05-09,34.779542252991575,34.75,80,True,-4.287789539332232,0
AAPL,2022-05-11,33.344538239504075,32.560001373291016,80,True,-3.8771121058542413,0
AAPL,2022-05-12,33.734769195889115,31.770000457763672,80,True,-3.6545996058618746,0
AAPL,2022-05-18,31.84172031962386,30.959999084472656,80,True,-0.21304118777909498,0
AAPL,2022-05-19,33.18193950235853,29.350000381469727,55,False,4.681455815459223,1
AAPL,2022-05-20,33.10391789429997,29.43000030517578,55,False,8.757922388399454,1
AAPL,2022-05-24,28.754614146690642,29.450000762939453,75,True,5.949006272271906,1
AAPL,2022-05-25,34.21361967747397,28.3700008392334,55,False,7.607445936361379,1
AAPL,2022-06-16,34.47963027925192,32.95000076293945,80,True,8.91895023532503,1
AAPL,2022-06-17,27.309167881412705,31.1299991607666,90,True,7.677089221959177,1
AAPL,2022-06-22,34.72787772186213,28.950000762939453,65,True,2.8666330038718435,1
AAPL,2022-08-30,31.794211627821753,26.209999084472656,55,False,-1.856392095879189,0
AAPL,2022-08-31,30.774507764451045,25.8700008392334,65,True,-1.7554723255032267,0
AAPL,2022-09-01,23.2602844382793,25.559999465942383,85,True,-0.37349762894272054,0
AAPL,2022-09-02,18.400145780818775,25.469999313354492,85,True,4.890575236153061,1
AAPL,2022-09-06,17.680113578766537,26.90999984741211,85,True,-0.4465051706067813,0
AAPL,2022-09-07,17.420293685325035,24.639999389648438,55,False,-0.41677551282707226,0
AAPL,2022-09-08,16.773606087326243,23.610000610351562,55,False,-1.3531198556650748,0
AAPL,2022-09-09,26.345721918199033,22.790000915527344,40,False,-4.238425064200035,0
AAPL,2022-09-13,33.77755906917854,27.270000457763672,55,False,1.9890739700497262,1
AAPL,2022-09-15,29.407597428206515,26.270000457763672,65,True,0.2428566482911121,1
AAPL,2022-09-16,33.06234804111601,26.299999237060547,55,False,-0.17916523393504136,0
AAPL,2022-09-29,33.45921562098539,31.84000015258789,80,True,2.0704826963054312,1
AAPL,2022-09-30,20.81888663946542,31.6200008392334,100,True,1.3675933114885463,1
AAPL,2022-10-03,34.96964217567411,30.100000381469727,80,True,-1.4250525996157948,0
AAPL,2022-10-07,31.209253212943665,31.360000610351562,80,True,-1.2206859882697985,0
AAPL,2022-10-10,27.237575714457762,32.45000076293945,90,True,1.4171481075173187,1
AAPL,2022-10-11,28.612855473174847,33.630001068115234,90,True,3.432151896981961,1
AAPL,2022-10-12,28.89798104682184,33.56999969482422,90,True,3.9901573628676745,1
AAPL,2022-10-14,34.7900530957136,32.02000045776367,80,True,6.424367138598797,1
AAPL,2022-12-15,33.8435838962629,22.829999923706055,30,False,-3.128218715798703,0
AAPL,2022-12-20,20.128994988561175,21.479999542236328,55,False,-4.7316858267242745,0
AAPL,2022-12-21,27.97943566909929,20.06999969482422,40,False,-4.311558832479145,0
AAPL,2022-12-22,25.595225964109318,21.969999313354492,45,False,-1.7393980157511368,0
AAPL,2022-12-23,26.261651625726046,20.8700008392334,40,False,-5.149411844996921,0
AAPL,2022-12-27,27.960273480279326,21.649999618530273,40,False,-2.822436646202897,0
AAPL,2022-12-28,26.152336230582023,22.139999389648438,45,False,-0.809263948061012,0
AAPL,2022-12-29,30.302112845604313,21.440000534057617,30,False,0.007719995523358669,1
AAPL,2022-12-30,31.430307061155418,21.670000076293945,30,False,0.16931430626612176,1
AAPL,2023-01-03,22.61701596991658,22.899999618530273,50,False,4.525466360032548,1
AAPL,2023-01-04,23.28763060050086,22.010000228881836,50,False,5.6426382049789,1
AAPL,2023-01-05,23.902386883109642,22.459999084472656,50,False,6.710954778588452,1
AAPL,2023-02-28,34.040818282598835,20.700000762939453,35,False,2.8424141299859373,1
AAPL,2023-08-04,27.203668996952274,17.100000381469727,60,False,-2.1759010252503153,0
AAPL,2023-08-07,24.520627787985617,15.770000457763672,70,True,0.47656668198834407,1
AAPL,2023-08-08,23.41908209579148,15.989999771118164,70,True,-1.1737447704674775,0
AAPL,2023-08-09,23.715721740661465,15.960000038146973,70,True,-0.7753294495790097,0
AAPL,2023-08-10,24.55376960248995,15.850000381469727,70,True,-2.098700401611997,0
AAPL,2023-08-11,22.43460747129994,14.84000015258789,65,True,-1.856117515679312,0
AAPL,2023-08-14,24.69739366872588,14.819999694824219,65,True,-2.0171574967793204,0
AAPL,2023-08-15,20.647281760703038,16.459999084472656,70,True,-0.1239851944381587,0
AAPL,2023-08-16,20.938893541052593,16.780000686645508,70,True,2.5768781157877063,1
AAPL,2023-08-17,11.710541880985971,17.889999389648438,75,True,1.3678328161986109,1
AAPL,2023-08-18,11.303817254202457,17.299999237060547,75,True,2.361173205146505,1
AAPL,2023-08-21,15.831102201593453,17.1299991607666,75,True,2.473831505762769,1
AAPL,2023-08-22,21.959263685527347,16.969999313354492,70,True,3.8876122049150696,1
AAPL,2023-08-23,33.34078523054963,15.979999542236328,50,False,3.6053398350506027,1
AAPL,2023-09-20,30.41249432936442,15.140000343322754,50,False,-2.8833854821878058,0
AAPL,2023-09-21,28.474511847411165,17.540000915527344,75,True,-1.8628153248977708,0
AAPL,2023-09-22,26.824776791152928,17.200000762939453,65,True,-2.04816225974902,0
AAPL,2023-09-25,29.174352688036123,16.899999618530273,65,True,-1.3232599120331812,0
AAPL,2023-09-26,31.768267786294828,18.940000534057617,65,True,0.25588713054558454,1
AAPL,2023-09-29,33.823128735228224,17.520000457763672,55,False,3.6679802929926897,1
AAPL,2023-10-26,22.624034262279153,20.68000030517578,50,False,6.399444177518299,1
AAPL,2023-10-27,21.938603287479225,21.270000457763672,55,False,5.011288209102527,1
AAPL,2023-10-30,30.396940455945526,19.75,50,False,5.249869828095188,1
AAPL,2023-10-31,27.116108147996442,18.139999389648438,60,False,6.470693373214265,1
AAPL,2023-11-01,34.69571149605946,16.8700008392334,50,False,5.127320403933733,1
AAPL,2024-01-02,31.66333160774313,13.199999809265137,45,False,-0.2693431833075244,0
AAPL,2024-01-03,24.38765350149353,14.039999961853027,65,True,1.0529309470509896,1
AAPL,2024-01-04,8.867074411770972,14.130000114440918,65,True,2.022985543160072,1
AAPL,2024-01-05,7.864472481706599,13.350000381469727,65,True,2.616179276810504,1
AAPL,2024-01-08,24.905863679021223,13.079999923706055,65,True,-1.0400854580032481,0
AAPL,2024-01-09,26.29012444659449,12.760000228881836,55,False,-1.3287220607296923,0
AAPL,2024-01-10,26.29027469104136,12.6899995803833,55,False,1.310482553344272,1
AAPL,2024-01-11,28.166348441911907,12.4399995803833,55,False,3.2167718645707444,1
AAPL,2024-01-12,29.47514601732864,12.699999809265137,55,False,4.2867960293145435,1
AAPL,2024-01-16,27.893525317450013,13.84000015258789,70,True,6.289812089412439,1
AAPL,2024-01-17,27.407366144086595,14.789999961853027,55,False,6.470327846874935,1
AAPL,2024-02-12,31.77347764893085,13.930000305175781,45,False,-2.9869092260118912,0
AAPL,2024-02-13,29.777417868976684,15.850000381469727,60,False,-1.4699644798280898,0
AAPL,2024-02-14,29.062275881707734,14.380000114440918,55,False,0.11948239720966924,1
AAPL,2024-02-15,30.998671157077666,14.010000228881836,45,False,-0.728818188024849,0
AAPL,2024-02-16,29.825158362714888,14.239999771118164,55,False,-0.6307888691702956,0
AAPL,2024-02-20,34.24553047479458,15.420000076293945,50,False,0.5893443371615348,1
AAPL,2024-02-26,31.413840415236137,13.739999771118164,45,False,-3.3451037308740994,0
AAPL,2024-02-27,30.808075705375074,13.430000305175781,45,False,-6.849927076283302,0
AAPL,2024-02-28,28.293437171949094,13.84000015258789,55,False,-6.779837358996643,0
AAPL,2024-02-29,28.972974690414986,13.399999618530273,55,False,-6.5006987788625565,0
AAPL,2024-03-01,24.112690264704426,13.109999656677246,65,True,-4.970508418325448,0
AAPL,2024-03-04,20.766655122379404,13.489999771118164,65,True,-1.3420950859485914,0
AAPL,2024-03-05,18.22829311501532,14.460000038146973,65,True,1.828114369298861,1
AAPL,2024-03-06,18.14332591667079,14.5,65,True,1.1885098165169472,1
AAPL,2024-03-07,18.27497623875405,14.4399995803833,65,True,2.3668835646208697,1
AAPL,2024-03-08,25.466060375351333,14.739999771118164,55,False,1.1070220420484889,1
AAPL,2024-03-11,32.28795023925339,15.220000267028809,50,False,0.5615001881611237,1
AAPL,2024-03-12,31.516915296522853,13.84000015258789,45,False,1.645218040875629,1
AAPL,2024-03-13,23.133140751220083,13.75,65,True,4.4059969280221045,1
AAPL,2024-03-14,30.697511356533397,14.399999618530273,45,False,-0.9422114015751437,0
AAPL,2024-03-15,31.967897888572878,14.40999984741211,45,False,-0.1969560351638866,0
AAPL,2024-03-18,30.888030378423608,14.329999923706055,45,False,-1.652080224971808,0
AAPL,2024-04-10,28.638598519847108,15.800000190734863,60,False,0.13114007975678632,1
AAPL,2024-07-30,28.936385983392498,17.690000534057617,60,False,-5.287932449137244,0
AAPL,2024-08-01,31.133859691704387,18.59000015258789,50,False,-2.3127146929815656,0
AAPL,2024-08-02,25.701848473537012,23.389999389648438,45,False,-1.646496233599426,0
AAPL,2024-08-05,18.13422143436594,38.56999969482422,100,True,4.067368570035468,1
AAPL,2024-08-06,20.08843047370496,27.709999084472656,85,True,6.898672928963667,1
AAPL,2024-08-07,28.931919882834535,27.850000381469727,75,True,5.793842860875897,1
AAPL,2024-09-16,30.411234622778906,17.139999389648438,50,False,4.692124963681277,1
AAPL,2024-09-17,29.443947733679963,17.610000610351562,60,False,4.88029582595233,1
AAPL,2024-11-04,28.42566755207605,21.979999542236328,40,False,1.1110765526097799,1
AAPL,2024-11-05,34.464806652506795,20.489999771118164,30,False,0.4594747008391131,1
AAPL,2024-11-06,32.64631632451359,16.270000457763672,50,False,1.1887912569582992,1
AAPL,2024-11-08,33.368882027519874,14.9399995803833,45,False,-0.863593515589367,0
AAPL,2024-11-11,31.017287183001358,14.970000267028809,45,False,1.6902348510726029,1
V,2022-01-21,21.423253332714822,28.850000381469727,95,True,10.717234459143675,1
V,2022-01-24,18.62177522761914,29.899999618530273,95,True,12.048554525287813,1
V,2022-01-25,16.259849298983013,31.15999984741211,100,True,15.029716816766236,1
V,2022-01-26,27.733954893597627,31.959999084472656,100,True,14.353726499933629,1
V,2022-01-27,28.589317323760596,30.489999771118164,100,True,12.31630578641636,1
V,2022-02-22,33.565911019071635,28.809999465942383,65,True,-5.580165703865458,0
V,2022-02-23,22.54017456636224,31.020000457763672,100,True,-3.45913586635761,0
V,2022-02-24,28.493458024046106,30.31999969482422,100,True,-4.63414838563404,0
V,2022-02-28,33.821489337595054,30.149999618530273,90,True,-11.76198595518494,0
V,2022-03-01,26.36637846766439,33.31999969482422,100,True,-8.259528445103392,0
V,2022-03-02,20.181587589983593,30.739999771118164,100,True,-4.182662926894842,0
V,2022-03-03,22.399363311685562,30.479999542236328,100,True,-4.468467155264433,0
V,2022-03-04,18.95681243093769,31.979999542236328,100,True,-1.7873941453282471,0
V,2022-03-07,14.096265240379964,36.45000076293945,100,True,5.04980483945463,1
V,2022-03-08,11.39627736353981,35.130001068115234,100,True,7.526986687050896,1
V,2022-03-09,23.00258284563428,32.45000076293945,100,True,6.062290849181595,1
V,2022-03-10,24.08559065715049,30.229999542236328,100,True,7.8193648833923435,1
V,2022-03-11,24.398884345187113,30.75,100,True,11.387327005240323,1
V,2022-03-14,30.19435672776251,31.770000457763672,90,True,8.341240993183273,1
V,2022-04-19,32.54647690683174,21.3700008392334,40,False,-6.768662315569185,0
V,2022-04-22,24.979376091123555,28.209999084472656,95,True,2.3826809280239836,1
V,2022-04-25,25.7959090907149,27.020000457763672,85,True,0.7525659907653859,1
V,2022-04-26,21.569982110094372,33.52000045776367,100,True,3.7096061731184404,1
V,2022-05-10,34.86305606998299,32.9900016784668,90,True,5.584042432312031,1
V,2022-05-18,33.79332158760036,30.959999084472656,90,True,1.925099833848587,1
V,2022-06-13,34.61999756157266,34.02000045776367,90,True,1.1078916568045383,1
V,2022-06-16,30.46093870951229,32.95000076293945,90,True,8.706686513630203,1
V,2022-06-17,25.424480565513832,31.1299991607666,100,True,7.131207622631708,1
V,2022-06-21,32.290861893136366,30.190000534057617,90,True,1.9188173498795535,1
V,2022-06-22,33.40206724837559,28.950000762939453,75,True,2.930547185422827,1
V,2022-06-23,30.08872984833863,29.049999237060547,75,True,0.12711303202235236,1
V,2022-08-30,32.88686017114718,26.209999084472656,65,True,-0.4767156797062855,0
V,2022-08-31,30.821920465943762,25.8700008392334,75,True,1.0064918911974585,1
V,2022-09-01,33.24368523876879,25.559999465942383,75,True,2.5333417747836595,1
V,2022-09-02,19.609245827633018,25.469999313354492,95,True,4.485220841227666,1
V,2022-09-06,20.026063895574097,26.90999984741211,95,True,0.5185153569373213,1
V,2022-09-07,26.51580758484782,24.639999389648438,55,False,-0.5039434385772923,0
V,2022-09-08,25.42272316477994,23.610000610351562,55,False,-2.660569184735606,0
V,2022-09-15,29.374751329924408,26.270000457763672,75,True,-4.903532980632297,0
V,2022-09-16,34.106679096332854,26.299999237060547,80,True,-4.831866827401965,0
V,2022-09-19,34.553340263380306,25.760000228881836,65,True,-6.493041879287498,0
V,2022-09-20,34.42616258988288,27.15999984741211,65,True,-7.393141562920313,0
V,2022-09-21,31.887149055560215,27.989999771118164,75,True,-4.192078442898561,0
V,2022-09-22,27.64954218446617,27.350000381469727,85,True,-3.0841004567378816,0
V,2022-09-23,28.12296967418571,29.920000076293945,85,True,-3.430103947310803,0
V,2022-09-26,23.479224173000503,32.2599983215332,100,True,0.5869632723523033,1
V,2022-09-27,17.758010571767386,32.599998474121094,100,True,4.373975460295343,1
V,2022-09-28,20.088813243143747,30.18000030517578,100,True,4.738279620620545,1
V,2022-09-29,11.1797797589861,31.84000015258789,100,True,3.0711934229667115,1
V,2022-09-30,6.564812548472375,31.6200008392334,100,True,3.4787677441765474,1
V,2022-10-03,20.36188594392388,30.100000381469727,100,True,0.2917690589599564,1
V,2022-10-04,29.847690105584178,29.06999969482422,85,True,-3.5065863980951684,0
V,2022-12-20,29.90349330834121,21.479999542236328,55,False,-0.18018346671531127,0
V,2022-12-21,33.24574103851272,20.06999969482422,40,False,0.6044253687492951,1
V,2022-12-22,30.00007927628677,21.969999313354492,45,False,1.3166975137224757,1
V,2023-01-03,32.30094097768679,22.899999618530273,40,False,6.605904499809001,1
V,2023-02-21,26.904704550571438,22.8700008392334,50,False,-0.30820907804661735,0
V,2023-02-22,23.530002506699688,22.290000915527344,60,False,-0.7544782165805008,0
V,2023-02-23,29.505325936088767,21.139999389648438,50,False,-0.936097257692281,0
V,2023-02-24,25.271517799901588,21.670000076293945,50,False,1.9220931735708824,1
V,2023-02-27,29.01941652106167,20.950000762939453,50,False,2.90445590070596,1
V,2023-02-28,21.434632693181584,20.700000762939453,65,True,1.4685688072653802,1
V,2023-03-01,20.92888818561542,20.579999923706055,65,True,1.7539841014738933,1
V,2023-03-02,24.132586612116654,19.59000015258789,80,True,0.43366382072858034,1
V,2023-05-04,30.75872153868717,20.09000015258789,40,False,2.5976647082998294,1
V,2023-05-25,33.01723725606904,19.139999389648438,60,False,2.4218876961746627,1
V,2023-05-30,29.26529872247454,17.459999084472656,70,True,2.9687784413034546,1
V,2023-05-31,30.841453033318714,17.940000534057617,60,False,1.91831004599603,1
V,2023-06-08,34.705720609248715,13.649999618530273,55,False,1.3987774054126545,1
V,2023-09-21,32.710717712746884,17.540000915527344,75,True,-2.092038656718509,0
V,2023-09-22,24.27957849545102,17.200000762939453,85,True,-2.1567131745611756,0
V,2023-09-25,25.329572812791397,16.899999618530273,75,True,-0.8956063521321944,0
V,2023-09-26,19.61725220712792,18.940000534057617,95,True,-0.3657733154135978,0
V,2023-09-27,16.51475055201162,18.219999313354492,85,True,0.7494625976627978,1
V,2023-09-28,22.43400660002419,17.34000015258789,80,True,0.7856258041888387,1
V,2023-09-29,21.24968762734693,17.520000457763672,85,True,2.186873630884878,1
V,2023-10-02,24.236718325244524,17.610000610351562,85,True,1.3706904244776386,1
V,2023-10-03,21.21681921954982,19.780000686645508,85,True,3.4045863609291738,1
V,2023-10-04,32.348996292749675,18.579999923706055,65,True,1.9288940973619217,1
V,2023-10-06,33.368049183828745,17.450000762939453,60,False,1.1189514797962374,1
V,2023-10-09,33.95507026550084,17.700000762939453,60,False,2.4014671948278554,1
V,2024-04-03,34.1597120045589,14.329999923706055,55,False,-0.895439030087819,0
V,2024-04-04,27.44471661647715,16.350000381469727,70,True,0.6131215940822887,1
V,2024-04-09,28.420698578921147,14.979999542236328,65,True,-1.9405883125692025,0
V,2024-04-10,20.328945737587063,15.800000190734863,80,True,-0.6521418411601587,0
V,2024-04-11,20.678744980737378,14.90999984741211,75,True,-1.5634203305528782,0
V,2024-04-12,29.96710342148168,17.309999465942383,70,True,-2.2394344235962427,0
V,2024-04-15,26.187172165538428,19.229999542236328,70,True,0.387021818960398,1
V,2024-04-16,27.22800833443678,18.399999618530273,70,True,1.0171269802483618,1
V,2024-04-17,34.23008680544859,18.209999084472656,65,True,0.8544478820912804,1
V,2024-04-18,31.926629170658046,18.0,65,True,1.3966328355488722,1
V,2024-04-19,30.786591594801976,18.709999084472656,65,True,1.7569592086591035,1
V,2024-05-01,31.421972973418548,15.390000343322754,60,False,3.692222406853185,1
V,2024-05-02,31.452767978159926,14.680000305175781,55,False,4.084292210068652,1
V,2024-05-29,33.33118435473409,14.279999732971191,55,False,2.0977651877820858,1
V,2024-05-31,33.49175598449112,12.920000076293945,55,False,2.2792431890696685,1
V,2024-06-03,32.47970408311333,13.109999656677246,55,False,1.723507148528669,1
V,2024-06-27,32.62400431774411,12.239999771118164,55,False,1.4141643980145835,1
V,2024-06-28,25.122976723735192,12.4399995803833,65,True,1.4973024785880584,1
V,2024-07-01,30.134730678889284,12.220000267028809,55,False,0.8357348804504783,1
V,2024-07-10,34.871835443037966,12.850000381469727,70,True,3.688229084568828,1
V,2024-07-11,27.944406664562024,12.920000076293945,65,True,2.51380549963629,1
V,2024-07-24,32.507060822314926,18.040000915527344,60,False,4.524537117094729,1
V,2024-07-25,29.937248031179323,18.459999084472656,70,True,4.804130277682095,1
V,2024-10-04,34.676478196266686,19.209999084472656,60,False,-0.032373786273842686,0
V,2024-10-07,29.81150082176714,22.639999389648438,55,False,2.5165174115364675,1
V,2024-10-08,33.94296990655408,21.420000076293945,40,False,1.5747921269688714,1
MA,2022-01-21,33.721514507437774,28.850000381469727,75,True,7.7250111481373285,1
MA,2022-01-24,30.114351654481467,29.899999618530273,90,True,10.577507843043588,1
MA,2022-01-25,19.446002261193726,31.15999984741211,100,True,15.7338577885056,1
MA,2022-01-26,27.379964052671042,31.959999084472656,100,True,15.113461786879089,1
MA,2022-02-22,33.82337765800459,28.809999465942383,65,True,-6.465024175665912,0
MA,2022-02-23,26.58229879014293,31.020000457763672,100,True,-4.744902396721484,0
MA,2022-03-01,32.724556048804615,33.31999969482422,90,True,-8.75232393500671,0
MA,2022-03-02,26.67088912075073,30.739999771118164,100,True,-4.63832194519348,0
MA,2022-03-03,28.032130623823633,30.479999542236328,100,True,-4.809538100614685,0
MA,2022-03-04,26.105638287056607,31.979999542236328,100,True,-1.804933398469799,0
MA,2022-03-07,17.79564187023003,36.45000076293945,100,True,5.0076489074221575,1
MA,2022-03-08,12.28814657179609,35.130001068115234,100,True,6.575879765686965,1
MA,2022-03-09,23.010209412820473,32.45000076293945,100,True,5.0437204847980865,1
MA,2022-03-10,24.376466512799823,30.229999542236328,100,True,6.731580250058267,1
MA,2022-03-11,25.53096030134155,30.75,100,True,7.789655048527444,1
MA,2022-03-14,28.976874700954568,31.770000457763672,100,True,5.170568966445477,1
MA,2022-05-18,29.91106719079454,30.959999084472656,100,True,2.6376910533511655,1
MA,2022-05-19,33.613736442704635,29.350000381469727,65,True,5.318785077800103,1
MA,2022-06-13,33.60385118467447,34.02000045776367,90,True,-0.7318402443729055,0
MA,2022-06-16,27.852572495149076,32.95000076293945,100,True,7.0341406929040895,1
MA,2022-06-17,22.883832115308508,31.1299991607666,100,True,5.838617023346249,1
MA,2022-06-21,28.34669506381691,30.190000534057617,100,True,0.28040947282605977,1
MA,2022-06-22,28.213817343888536,28.950000762939453,85,True,2.0370503048006805,1
MA,2022-06-23,23.82467549388103,29.049999237060547,95,True,-0.40409355833576077,0
MA,2022-06-27,33.74520649516266,26.950000762939453,65,True,-2.910309185944948,0
MA,2022-06-28,27.794522168608566,28.360000610351562,85,True,0.5906432685569563,1
MA,2022-06-29,31.18022008504761,28.15999984741211,75,True,0.612759052813816,1
MA,2022-06-30,33.132072229479675,28.709999084472656,90,True,2.5596452247575563,1
MA,2022-08-26,34.834838481853666,25.559999465942383,65,True,-2.8316564350946427,0
MA,2022-08-30,28.06656412675811,26.209999084472656,75,True,0.24710818230906373,1
MA,2022-08-31,27.761750289682553,25.8700008392334,85,True,1.7572703706083548,1
MA,2022-09-01,24.144770284076017,25.559999465942383,95,True,3.2590388762566924,1
MA,2022-09-02,14.812802349587841,25.469999313354492,95,True,4.916938228398093,1
MA,2022-09-06,17.405053072483966,26.90999984741211,95,True,0.41964604286077734,1
MA,2022-09-07,25.526961322250344,24.639999389648438,55,False,-0.8429285326901681,0
MA,2022-09-08,24.72692575180767,23.610000610351562,65,True,-3.9719083793341436,0
MA,2022-09-09,33.74498988098635,22.790000915527344,40,False,-6.169412977362409,0
MA,2022-09-15,27.656871839147627,26.270000457763672,75,True,-5.868228316154522,0
MA,2022-09-16,33.54208419881893,26.299999237060547,65,True,-6.838473697449099,0
MA,2022-09-19,34.56274097990658,25.760000228881836,65,True,-7.617124559823529,0
MA,2022-09-21,31.659724563216017,27.989999771118164,75,True,-4.702800487403747,0
MA,2022-09-22,27.376818345992177,27.350000381469727,85,True,-3.8845700006579165,0
MA,2022-09-23,26.446734005031416,29.920000076293945,85,True,-3.14735510527423,0
MA,2022-09-26,23.239402448414637,32.2599983215332,100,True,0.12755186841235666,1
MA,2022-09-27,16.320405130969405,32.599998474121094,100,True,5.162661081365227,1
MA,2022-09-28,19.225509532570683,30.18000030517578,100,True,4.831478140239942,1
MA,2022-09-29,10.69836937703117,31.84000015258789,100,True,4.513283696317805,1
MA,2022-09-30,6.5971220075839625,31.6200008392334,100,True,3.9058697234539475,1
MA,2022-10-03,18.481846518705993,30.100000381469727,100,True,0.6095734485188853,1
MA,2022-10-04,31.333557294641878,29.06999969482422,75,True,-4.898775437796143,0
MA,2022-10-10,34.576225067329446,32.45000076293945,90,True,1.1173001199008104,1
MA,2022-12-22,32.92817692198575,21.969999313354492,45,False,1.8183486570598761,1
MA,2023-02-10,31.871457314439652,20.530000686645508,40,False,-1.5538396709716906,0
MA,2023-02-14,31.40898398658375,18.90999984741211,60,False,-4.051797823572123,0
MA,2023-02-17,33.88195811920656,20.020000457763672,40,False,-1.5645406393829497,0
MA,2023-02-21,29.461321352256192,22.8700008392334,50,False,-0.18820611047442037,0
MA,2023-02-22,21.176576232756005,22.290000915527344,60,False,-0.41410755824695666,0
MA,2023-02-23,20.456789447552083,21.139999389648438,60,False,0.0112510770289731,1
MA,2023-02-24,19.632067455507666,21.670000076293945,60,False,2.3731349417378977,1
MA,2023-02-27,25.46999462465665,20.950000762939453,50,False,3.2209907975056185,1
MA,2023-02-28,20.711471020864167,20.700000762939453,65,True,1.3087817406278734,1
MA,2023-03-01,22.673033906760438,20.579999923706055,65,True,1.5643629216014254,1
MA,2023-03-02,27.383561022789095,19.59000015258789,70,True,-0.3178115297310269,0
MA,2023-03-10,34.99567925898296,24.799999237060547,55,False,0.7346415902047765,1
MA,2023-05-25,34.65559191970658,19.139999389648438,60,False,0.9972033661344692,1
MA,2023-05-31,34.765139987745215,17.940000534057617,60,False,1.7451108482536393,1
MA,2023-06-08,33.14470562200579,13.649999618530273,55,False,3.114883637724697,1
MA,2023-09-22,28.721717372301327,17.200000762939453,75,True,-1.568788347619443,0
MA,2023-09-25,33.65979138680008,16.899999618530273,65,True,-1.649730596975718,0
MA,2023-09-26,23.030370027561432,18.940000534057617,95,True,-1.0926116104136185,0
MA,2023-09-27,19.772597889441244,18.219999313354492,85,True,-0.4349298087639286,0
MA,2023-09-28,28.24848938442689,17.34000015258789,70,True,-1.1687782980534855,0
MA,2023-09-29,21.979398118233618,17.520000457763672,85,True,0.6660306784534553,1
MA,2023-10-02,22.19486916980773,17.610000610351562,85,True,-0.13583638404841558,0
MA,2023-10-03,19.57565169691621,19.780000686645508,85,True,2.5291163133097205,1
MA,2023-10-04,26.24921623981112,18.579999923706055,75,True,1.6836684902319377,1
MA,2023-10-05,26.323317526525543,18.489999771118164,75,True,1.4459702691290266,1
MA,2023-10-06,27.990799399222155,17.450000762939453,70,True,0.015079573840703908,1
MA,2023-10-09,28.235196784027693,17.700000762939453,70,True,1.6263884628914038,1
MA,2023-10-26,21.60597956812829,20.68000030517578,60,False,4.964489104824343,1
MA,2023-10-27,22.654264153270745,21.270000457763672,65,True,6.034391974493714,1
MA,2023-10-30,26.22081961925913,19.75,70,True,3.689394169857496,1
MA,2023-10-31,31.123269187968972,18.139999389648438,60,False,3.3266848578318298,1
MA,2023-11-01,32.619714011196365,16.8700008392334,60,False,3.1443548048408987,1
MA,2024-04-10,32.48960295738101,15.800000190734863,60,False,-1.920421238200043,0
MA,2024-04-11,31.179783725474593,14.90999984741211,55,False,-2.906188055039982,0
MA,2024-04-12,33.787775229797305,17.309999465942383,60,False,-2.1466308763680497,0
MA,2024-04-15,33.81045216879946,19.229999542236328,60,False,-0.6611724269783625,0
MA,2024-04-16,32.792977559994156,18.399999618530273,60,False,0.6524274756121162,1
MA,2024-04-17,31.62745706532145,18.209999084472656,65,True,0.508530546915642,1
MA,2024-04-18,22.96362351067134,18.0,85,True,1.6296485330611343,1
MA,2024-04-19,25.700342498990977,18.709999084472656,75,True,1.543741053358838,1
MA,2024-04-22,26.23206724136557,16.940000534057617,70,True,0.07662634377445521,1
MA,2024-04-25,30.07188144083645,15.369999885559082,60,False,-4.546538102199682,0
MA,2024-04-26,25.85946000703686,15.029999732971191,70,True,-4.074226696527816,0
MA,2024-04-29,26.944165383404737,14.670000076293945,65,True,-1.691107921633106,0
MA,2024-04-30,24.73979876155633,15.649999618530273,80,True,0.4122250383478576,1
MA,2024-05-01,20.072890462807393,15.390000343322754,80,True,2.8728365945467127,1
MA,2024-05-02,21.01231029287473,14.680000305175781,75,True,3.2622933478025917,1
MA,2024-05-03,29.094504723291124,13.489999771118164,65,True,3.0208809438081907,1
MA,2024-05-29,29.78306840832515,14.279999732971191,65,True,0.9469661529788675,1
MA,2024-05-30,27.735304624461463,14.470000267028809,65,True,1.4883552998964822,1
MA,2024-06-03,30.12283138692139,13.109999656677246,55,False,1.3673531339392087,1
MA,2024-06-05,32.69231853311962,12.630000114440918,55,False,-0.819413267547453,0
MA,2024-06-06,34.974952732870605,12.579999923706055,55,False,-0.8201831416044358,0
MA,2024-06-07,34.41411485531394,12.220000267028809,55,False,-1.147212787590146,0
MA,2024-06-10,34.48587782092672,12.739999771118164,55,False,-0.2537566786006362,0
MA,2024-06-11,34.849423168918236,12.850000381469727,55,False,0.23828146714703902,1
MA,2024-06-12,31.560326262630497,12.039999961853027,55,False,2.146731000622948,1
MA,2024-07-25,34.91080698260524,18.459999084472656,60,False,7.637338301857133,1
